Ticker,Company,Country,Exchange,MarketCap,CurrentDate,CurrentPrice,Date_1M,Price_1M,Return_1M,Date_3M,Price_3M,Return_3M,Date_6M,Price_6M,Return_6M,Date_1Y,Price_1Y,Return_1Y,Date_2Y,Price_2Y,Return_2Y,Date_5Y,Price_5Y,Return_5Y,Currency,CurrentPriceUSD,Price_1M_USD,Price_3M_USD,Price_6M_USD,Price_1Y_USD,Price_2Y_USD,Price_5Y_USD,Return_1M_USD,Return_3M_USD,Return_6M_USD,Return_1Y_USD,Return_2Y_USD,Return_5Y_USD
005930.KS,SamsungElec,US,KSC,1566125330530304.0,2026-08-05,246000.0,2026-07-03,309500.0,-20.51696284329564,2026-05-04,232243.875,5.923137908373266,2026-02-05,158795.84375,54.915893382757375,2025-08-05,69033.6875,256.3477613737496,2024-08-05,68813.3359375,257.48884521952334,2021-08-05,74275.5234375,231.19928156009505,KRW,172.21704788971692,200.69644288741983,157.80331737804227,108.75608076757817,49.89461418074279,50.703546024069055,64.92274928262304,-14.190283887432109,9.133984475842372,58.351649557656216,245.1615985361911,239.6548395411343,165.2645641052848
402340.KS,SKSQUARE,US,KSC,134049234419712.0,2026-08-05,1119000.0,2026-07-03,1589000.0,-29.578351164254247,2026-05-04,989709.1875,13.063515437962936,2026-02-05,533304.4375,109.82386819160864,2025-08-05,143313.078125,680.8080146209616,2024-08-05,70308.3046875,1491.561629843914,,,,KRW,783.3775471081026,1030.393046035897,672.4801376442192,365.2494870695118,103.5805995457149,51.80507984433052,,-23.972939246640536,16.49080816756472,114.4773845935656,656.2975601066703,1412.1635744256737,
005380.KS,HyundaiMtr,US,KSC,104079044902912.0,2026-08-05,404500.0,2026-07-03,492000.0,-17.784552845528456,2026-05-04,537021.3125,-24.677104877471688,2026-02-05,484579.46875,-16.5255595654041,2025-08-05,204464.171875,97.83417128321764,2024-08-05,206759.578125,95.63785323427808,2021-08-05,180905.640625,123.59722925306107,KRW,283.17803199752234,319.0392565447837,364.8911929979222,331.8787355962213,147.77801011264546,152.34610620969852,158.1260017641216,-11.240379925542964,-22.393843032781866,-14.67424645667882,91.62393090938676,85.87808972796374,79.0837868777219
009150.KS,SamsungElecMech,US,KSC,94736249520128.0,2026-08-05,1356000.0,2026-07-03,1989000.0,-31.82503770739065,2026-05-04,918000.0,47.7124183006536,2026-02-05,290000.0,367.5862068965517,2025-08-05,154287.28125,778.8799627642671,2024-08-05,134988.125,904.5328061264648,2021-08-05,182601.84375,642.5992926207789,KRW,949.2939712945372,1289.7745554219,623.755719512701,198.61516950186342,111.5122869680763,99.46293862074526,159.608618986058,-26.398457210685766,52.190022728153515,377.95642884449006,751.2909178934702,854.4197913900568,494.7636019439898
373220.KS,LG Energy Solution,US,KSC,78039002120192.0,2026-08-05,335500.0,2026-07-03,362500.0,-7.448275862068964,2026-05-04,472000.0,-28.919491525423723,2026-02-05,395000.0,-15.063291139240508,2025-08-05,386500.0,-13.19534282018111,2024-08-05,322000.0,4.192546583850931,,,,KRW,234.87325027235784,235.06449288106523,320.71100175380707,270.52755845943466,279.3457669613417,237.25839762482792,,-0.08135750591824475,-26.76482908663743,-13.179547544108395,-15.92024005688204,-1.0052952293143624,
207940.KS,SAMSUNG BIOLOGICS,US,KSC,68649482190848.0,2026-08-05,1491000.0,2026-07-03,1421000.0,4.92610837438423,2026-05-04,1485000.0,0.4040404040404066,2026-02-05,1700000.0,-12.294117647058822,2025-08-05,1615950.25,-7.732307971733654,2024-08-05,1368407.0,8.958811230869168,2021-08-05,1387504.375,7.459120624394422,KRW,1043.803326843772,921.4528120937757,1009.0166050940752,1164.29582121782,1167.9401344311045,1008.2796649645898,1212.7898195489252,13.278001124331574,3.4475866476403105,-10.348958759296778,-10.628696105883773,3.523195311137206,-13.933699803648125
028260.KS,SAMSUNG C&T,US,KSC,54490510131200.0,2026-08-05,347500.0,2026-07-03,433500.0,-19.838523644752016,2026-05-04,320000.0,8.59375,2026-02-05,306000.0,13.56209150326797,2025-08-05,160706.953125,116.23208781122862,2024-08-05,130768.28125,165.73722364344374,2021-08-05,129923.4921875,167.46510130631566,KRW,243.27408187673427,281.10471079708077,217.4311876296997,209.5732478192076,116.15215285051363,96.35364245194978,113.56352562509528,-13.457842386588482,11.885550793682276,16.080694653641725,109.44431584477385,152.48042075633174,114.21850064768995
012450.KS,HANWHA AEROSPACE,US,KSC,53249495269376.0,2026-08-05,1007000.0,2026-07-03,1175000.0,-14.297872340425531,2026-05-04,1465000.0,-31.262798634812285,2026-02-05,1227000.0,-17.929910350448253,2025-08-05,953267.8125,5.636630839248014,2024-08-05,291047.34375,245.99181941511875,2021-08-05,55883.734375,1701.9554549498555,KRW,704.9697854672559,761.9331838213839,995.427155867219,840.3476309613325,688.981444249348,214.45163481704185,48.846854359198915,-7.4761671447928,-29.1791688309845,-16.109743218911486,2.3205764612902247,228.73136456557987,1343.2245325015383
329180.KS,HD HYUNDAI HEAVY INDUSTRIES,US,KSC,52991050645504.0,2026-08-05,509000.0,2026-07-03,577000.0,-11.785095320623917,2026-05-04,680000.0,-25.147058823529413,2026-02-05,546305.5625,-6.828699003041905,2025-08-05,460883.25,10.44011688426516,2024-08-05,182713.4375,178.57830653533625,,,,KRW,356.3352738856338,374.15782728930935,462.0412737131119,374.15369619223566,333.10681746671617,134.62825281296318,,-4.763378473944002,-22.87804268609831,-4.762326949577156,6.973275598371265,164.68090199512915,
000270.KS,KIA CORP.,US,KSC,51710684823552.0,2026-08-05,133000.0,2026-07-03,152000.0,-12.5,2026-05-04,154000.0,-13.636363636363637,2026-02-05,149631.296875,-11.114851787252478,2025-08-05,97135.8125,36.92169404564356,2024-08-05,86181.1875,54.32602387847116,2021-08-05,66873.484375,98.88301206826416,KRW,93.10921694850549,98.56497356668115,104.63875904679298,102.4794668676268,70.20563529683204,63.500653576567856,58.452775003152055,-5.535188029533355,-11.0184239600277,-9.143538901529325,32.62356583604187,46.62717894113673,59.28964355154156
032830.KS,SAMSUNG LIFE,US,KSC,51178813521920.0,2026-08-05,294000.0,2026-07-03,383000.0,-23.23759791122716,2026-05-04,265000.0,10.943396226415093,2026-02-05,191700.0,53.36463223787167,2025-08-05,119085.046875,146.88238172220142,2024-08-05,77621.7890625,278.7596286440592,2021-08-05,62231.0390625,372.4330566049674,KRW,205.82037430722266,248.3577952370979,180.06020225584507,131.29147583968006,86.06960867509497,57.19385494950666,54.39490641962948,-17.127475660373914,14.30642181261983,56.765984227757315,139.13246205658498,259.8644897934057,278.38170493285065
034020.KS,Doosan Enerbility,US,KSC,48638004822016.0,2026-08-05,77000.0,2026-07-03,86200.0,-10.67285382830626,2026-05-04,127200.0,-39.46540880503144,2026-02-05,90600.0,-15.011037527593816,2025-08-05,64800.0,18.827160493827154,2024-08-05,15860.0,385.49810844892806,2021-08-05,20778.408203125,270.57699149648755,KRW,53.905336128082126,55.89671527268365,86.42889708280563,62.05011847196147,46.834684861823916,11.6860813240055,18.161990974033415,-3.5626049489435707,-37.630424606209424,-13.126135041240438,15.097040339053658,361.2781191018242,196.80301132817286
012330.KS,Mobis,US,KSC,44367339323392.0,2026-08-05,503000.0,2026-07-03,494000.0,1.8218623481781384,2026-05-04,431500.0,16.570104287369645,2026-02-05,428459.3125,17.39737830998831,2025-08-05,281237.0625,78.85267166734113,2024-08-05,196894.6875,155.46651684037946,2021-08-05,253306.6875,98.57351772443828,KRW,352.1348580834456,320.3361640917137,293.1923670694232,293.443168885653,203.26619126007063,145.07738527046968,221.41030857914302,9.926663785181544,20.10369219471042,20.001041230802397,73.23828222515554,142.7220875444894,59.041762934707776
068270.KS,Celltrion,US,KSC,43801494159360.0,2026-08-05,190300.0,2026-07-03,183600.0,3.6492374727668864,2026-05-04,188380.953125,1.0187053644041375,2026-02-05,207142.859375,-8.131035472725912,2025-08-05,168627.765625,12.85211500886243,2024-08-05,157882.28125,20.53284161676629,2021-08-05,217539.828125,-12.521765949611671,KRW,133.22318785940297,119.05611280817538,127.99966988994856,141.8679797443665,121.8769793518577,116.3319784556752,190.14721225395988,11.899494042824777,4.080883938173807,-6.093546902226055,9.30955834964442,14.519833349317324,-29.936817752831114
086790.KS,HANAFINANCIALGR,US,KSC,35493081251840.0,2026-08-05,128600.0,2026-07-03,125600.0,2.388535031847128,2026-05-04,125474.5625,2.490893323497345,2026-02-05,111859.6953125,14.965448136375636,2025-08-05,81175.546875,58.42209255211748,2024-08-05,51645.8984375,149.0033166053391,2021-08-05,31462.162109375,308.7449538685078,KRW,90.0289120269008,81.44579394720495,85.25650981778745,76.6104563617896,58.670233894704324,38.05410902849644,27.500446553365236,10.538442396742575,5.597698309856991,17.515175215434198,53.449042300523296,136.581316250194,227.3725459410183
006400.KS,"SAMSUNG SDI CO.,LTD.",US,KSC,33956302946304.0,2026-08-05,429000.0,2026-07-03,467500.0,-8.235294117647063,2026-05-04,705000.0,-39.14893617021277,2026-02-05,385500.0,11.284046692607008,2025-08-05,213500.0,100.93676814988292,2024-08-05,302797.375,41.67890325997708,2021-08-05,763887.0,-43.83986113129298,KRW,300.32972985645756,303.152139094891,479.02808524668217,264.02119945851155,154.30872249999084,223.10937887423643,667.6983464544173,-0.9310207234097811,-37.30435874092881,13.752126902086715,94.62913372021168,34.610983801693585,-55.02014772819861
035420.KS,NAVER,US,KSC,33580658982912.0,2026-08-05,229000.0,2026-07-03,195800.0,16.956077630234923,2026-05-04,209000.0,9.569377990430628,2026-02-05,254328.421875,-9.958942727780808,2025-08-05,229588.3125,-0.2562467111647981,2024-08-05,153723.28125,48.96897733244294,2021-08-05,430642.34375,-46.82362212552397,KRW,160.31586978351697,126.96724884444848,142.00974442064762,174.18442282705018,165.9366707391273,113.26751362424147,376.41585841247434,26.265530081639344,12.890752981460697,-7.961993855962346,-3.3873169387897972,41.5373787716006,-57.409905507263794
9984.T,SOFTBANK GROUP CORP,US,JPX,32375585112064.0,2026-08-05,5958.0,2026-07-03,6169.0,-3.420327443669968,2026-05-01,5424.0,9.845132743362829,2026-02-05,3906.54736328125,52.51318993341632,2025-08-05,2964.8916015625,100.95169741990333,2024-08-05,1587.5902099609375,275.28576093616726,2021-08-05,1645.7713623046875,262.01869448357644,JPY,37.78251119423658,38.2102065384388,34.5526130720973,24.895627223865176,20.197772676200202,10.90497737567705,15.025895828459284,-1.119322251692012,9.347768041160265,51.76364449262767,87.06276082984704,246.4703308647699,151.44930875053655
066570.KS,LGELECTRONICS,US,KSC,31519661883392.0,2026-08-05,179500.0,2026-07-03,191000.0,-6.020942408376961,2026-05-04,143200.0,25.34916201117319,2026-02-05,99538.796875,80.33169541461768,2025-08-05,75524.3828125,137.671588056051,2024-08-05,87903.7890625,104.20052641004438,2021-08-05,150780.28125,19.047396988457344,KRW,125.66243941546418,123.85467073181644,97.30045646429062,68.17212073565406,54.585812784061545,64.7699134724212,131.7940277404341,1.4595886234780142,29.14886936998331,84.3311284135285,130.21080571352454,94.01359779331928,-4.652402259870203
010120.KS,LS ELECTRIC,US,KSC,30426603192320.0,2026-08-05,212000.0,2026-07-03,229500.0,-7.625272331154687,2026-05-04,294000.0,-27.89115646258503,2026-02-05,123306.765625,71.92892776438033,2025-08-05,65537.84375,223.47722761324445,2024-08-05,30784.138671875,588.6663364523089,2021-08-05,12082.203125,1654.6468786089044,KRW,148.41469167731702,148.82014101021923,199.7649036347866,84.45032467357214,47.367966953004725,22.68259445201727,10.560812067869847,-0.2724425135938846,-25.705322117717365,75.74200247422125,213.3229083371131,554.3109166425968,1305.3340853290347
034730.KS,SK,US,KSC,28579949707264.0,2026-08-05,562000.0,2026-07-03,690000.0,-18.55072463768116,2026-05-04,475500.0,18.191377497371185,2026-02-05,324859.78125,72.99771545665905,2025-08-05,182660.765625,207.6741729823788,2024-08-05,121180.171875,363.7722420295916,2021-08-05,236209.21875,137.92466821322992,KRW,393.43894680496305,447.4331036908552,323.0891553685069,222.48993281830008,132.01943510287583,89.28886149988739,206.46575315022346,-12.0675373459176,21.774111036384692,76.83449395720355,198.01592962307154,340.63608852875706,90.5589381298984
000810.KS,SamsungF&MIns,US,KSC,28356829511680.0,2026-08-05,637000.0,2026-07-03,638000.0,-0.1567398119122209,2026-05-04,473500.0,34.530095036958805,2026-02-05,482982.65625,31.888793884614785,2025-08-05,416728.5625,52.85729304911755,2024-08-05,299642.59375,112.58659926414416,2021-08-05,167742.421875,279.748898865122,KRW,445.9441443323158,413.7135074706748,321.7302104458213,330.78511081915167,301.1936866914875,220.78484985488285,146.62029556229754,7.790569144983883,38.60810388753091,34.813850365872234,48.058928203596786,101.98131557732574,204.14898743867175
009540.KS,HDKSOE,US,KSC,28038351814656.0,2026-08-05,396000.0,2026-07-03,359500.0,10.152990264255912,2026-05-04,469500.0,-15.65495207667732,2026-02-05,401038.71875,-1.2564170276888054,2025-08-05,349560.625,13.28507036511908,2024-08-05,164091.265625,141.32911553317174,2021-08-05,123448.2890625,220.78208860352143,KRW,277.22744294442236,233.1191315606702,319.01232060045004,274.66335552186683,252.64755728359887,120.9069277839053,107.90368009883423,18.92093158054373,-13.098201842919266,0.9335382281643323,9.72892274324757,129.28995718087043,156.92121222417646
042660.KS,Hanwha Ocean,US,KSC,27664108748800.0,2026-08-05,91900.0,2026-07-03,106900.0,-14.031805425631427,2026-05-04,133000.0,-30.902255639097746,2026-02-05,135600.0,-32.227138643067846,2025-08-05,116100.0,-20.844099913867357,2024-08-05,26950.0,241.0018552875696,2021-08-05,28115.578125,226.86505534909747,KRW,64.3363687035162,69.3197083834093,90.36983735859394,92.869713739492,83.91214371076785,19.857496322947554,24.575264435279678,-7.188921875334664,-28.80769670058726,-30.724058346959517,-23.3288939378385,223.9903342153378,161.79318994898142
267260.KS,HD HYUNDAI ELECTRIC,US,KSC,27390447190016.0,2026-08-05,772000.0,2026-07-03,945000.0,-18.306878306878303,2026-05-04,1297760.125,-40.51288946792074,2026-02-05,867908.25,-11.050505626602812,2025-08-05,501060.46875,54.07322032925792,2024-08-05,258086.421875,199.1246088776828,2021-08-05,20474.421875,3670.558234626588,KRW,540.4534998815507,612.7888159244321,881.7922663663048,594.4129109855712,362.1452029417287,190.16512702729142,17.896282605343004,-11.804281371186399,-38.709657535481135,-9.077765658648417,49.2366861389885,184.20221327119975,2919.9204594600906
285A.T,KIOXIA HOLDINGS CORPORATION,US,JPX,26842245365760.0,2026-08-05,54300.0,2026-07-03,83300.0,-34.813925570228086,2026-05-01,36410.0,49.13485306234551,2026-02-05,19530.0,178.0337941628264,2025-08-05,2370.0,2191.1392405063293,,,,,,,JPY,344.34212115593255,515.9523755311966,231.94333369378,124.46069494821131,16.14518426824361,,,-33.26087106364874,48.4595895351515,176.66736177169423,2032.7853274070594,,
298040.KS,HYOSUNG HEAVY,US,KSC,26743320608768.0,2026-08-05,2985000.0,2026-07-03,3323000.0,-10.171531748420104,2026-05-04,4228000.0,-29.39924314096499,2026-02-05,2334000.0,27.892030848329053,2025-08-05,1276527.625,133.8374776652405,2024-08-05,247703.1875,1105.0712912202634,2021-08-05,72688.671875,4006.554601978687,KRW,2089.7068615886383,2154.81188922422,2872.8095665574074,1598.5096745425835,922.6198925044373,182.5144762509699,63.53571407407799,-3.021378708793976,-27.25912340605262,30.728446306501823,126.49705242276555,1044.9540357090077,3189.027111825946
8035.T,TOKYO ELECTRON,US,JPX,25187676323840.0,2026-08-05,58550.0,2026-07-03,73200.0,-20.013661202185794,2026-05-01,47450.0,23.39304531085353,2026-02-05,39619.515625,47.78070624128181,2025-08-05,21966.859375,166.53787416982544,2024-08-05,21096.708984375,177.53143887686127,2021-08-05,13999.810546875,318.2199452196828,JPY,371.2933921488002,453.3939242362976,302.27166118565947,252.48706852017494,149.6451444742488,144.91090505119246,127.81829828471928,-18.107991240903498,22.834337394515657,47.054419192613835,148.11589674577982,156.22184335791286,190.48531949762975
6501.T,HITACHI,US,JPX,24960244383744.0,2026-08-05,5476.0,2026-07-03,4615.0,18.65655471289273,2026-05-01,4795.0,14.202294056308665,2026-02-05,5134.43505859375,6.652434737382773,2025-08-05,4078.423828125,34.26755606509677,2024-08-05,2635.260986328125,107.7972553158788,2021-08-05,1125.8046875,386.40763898045145,JPY,34.725919989869,28.584876507520676,30.545682094525546,32.720704329699856,27.783503894123896,18.101309301737047,10.278599047851458,21.48354036349471,13.685200685345444,6.128277802226445,24.987547007033186,91.84203424741553,237.84681967069997
010130.KS,KOREA ZINC,US,KSC,24920528519168.0,2026-08-05,1095000.0,2026-07-03,1115000.0,-1.7937219730941756,2026-05-04,1623072.125,-32.53534558730715,2026-02-05,1702781.0,-35.693433271806526,2025-08-05,748418.75,46.30846701796288,2024-08-05,443071.40625,147.13849383053028,2021-08-05,451868.59375,142.32708693311352,KRW,766.5758838993497,723.0259574134834,1102.8328117106576,1166.2004722053534,540.9252515575645,326.4671176405409,394.9692989428513,6.023286721497478,-30.490290481086014,-34.26722916260617,41.715677294050636,134.80952367870444,94.0849291200901
9983.T,FAST RETAILING CO LTD,US,JPX,23903692914688.0,2026-08-05,76870.0,2026-07-03,84500.0,-9.029585798816564,2026-05-01,72890.0,5.46028261764302,2026-02-05,63020.66015625,21.97587237171541,2025-08-05,44699.60546875,71.97019793326965,2024-08-05,35736.0625,115.10483982391736,2021-08-05,23279.04296875,230.21116934742972,JPY,487.4692238168791,523.3850628137589,464.33258975390345,401.6177756857105,304.507749793569,245.46696660964517,212.53770884968617,-6.862220867327284,4.982771955601506,21.376406456260135,60.08434075892741,98.58852315231441,129.3565816885858
6857.T,ADVANTEST CORP,US,JPX,23352037081088.0,2026-08-05,33720.0,2026-07-03,29345.0,14.908843073777469,2026-05-01,27815.0,21.22955239978428,2026-02-05,24217.037109375,39.24081566091409,2025-08-05,10011.2412109375,236.8213719909192,2024-08-05,5265.8994140625,540.3464507877093,2021-08-05,2424.2216796875,1290.9619026403043,JPY,213.8345547951758,181.76017358899117,177.19043742632493,154.33022366714977,68.19971903140095,36.17086677194584,22.13314878262736,17.646539708260555,20.6806405024466,38.556498989051825,213.54169464645554,491.17896218352746,866.1280321895172
000150.KS,DOOSAN,US,KSC,21887943966720.0,2026-08-05,1259000.0,2026-07-03,1431862.75,-12.072578185304428,2026-05-04,1702656.375,-26.056718285273504,2026-02-05,859711.5625,46.444465203991015,2025-08-05,613937.5625,105.06971342057278,2024-08-05,126604.390625,894.4362859651022,2021-08-05,89299.8984375,1309.8560267469509,KRW,881.387249159161,928.4968033214827,1156.9081179422792,588.799164512584,443.72796704512075,93.2855740743953,78.05525493334244,-5.073744356878585,-23.815276642121773,49.692340322660854,98.63234112298731,844.8269551905787,1029.183742865035
6861.T,KEYENCE CORP,US,JPX,21111813177344.0,2026-08-05,87380.0,2026-07-03,80300.0,8.816936488169368,2026-05-01,76460.0,14.281977504577558,2026-02-05,53103.46484375,64.5467019093843,2025-08-05,55885.64453125,56.35500088245213,2024-08-05,52326.609375,66.98960823887703,2021-08-05,60241.7734375,45.04885067943016,JPY,554.1181316133589,497.37065732479095,487.0746304374188,338.41751861807643,380.71056072008105,359.42555440317665,550.0075119340545,11.409493795592152,13.764523337159119,63.73801624575852,45.54840048705042,54.167705892105445,0.7473751885405555
138040.KS,Meritz Financial,US,KSC,20349611671552.0,2026-08-05,120400.0,2026-07-03,112900.0,6.643046944198416,2026-05-04,113400.0,6.172839506172845,2026-02-05,124100.0,-2.981466559226431,2025-08-05,113500.0,6.079295154185016,2024-08-05,73680.984375,63.40715453423256,2021-08-05,24126.794921875,399.0302292114115,KRW,84.28834376391023,73.21043102419935,77.05217711627483,84.99359494890086,82.03297425643541,54.290162385815165,21.08874882617556,15.131604314758285,9.39125527461182,-0.829769802553515,2.749345038282458,55.255280256691485,299.6839473913726
051910.KS,LGCHEM,US,KSC,20194976071680.0,2026-08-05,255500.0,2026-07-03,281500.0,-9.236234458259329,2026-05-04,429000.0,-40.442890442890445,2026-02-05,310006.375,-17.582340040587873,2025-08-05,296095.84375,-13.710372707654727,2024-08-05,269752.25,-5.2834591741125365,2021-08-05,813153.9375,-68.57913511609848,KRW,178.8677062431816,182.53973723039962,291.49368591606617,212.31713350787322,214.00548658838125,198.7608279214037,710.7615910228196,-2.011633764205123,-38.63753663100425,-15.754464424064595,-16.41910256851674,-10.008572557409778,-74.83435957959088
006800.KS,MIRAE ASSET SEC,US,KSC,19984619143168.0,2026-08-05,35200.0,2026-07-03,42750.0,-17.66081871345029,2026-05-04,70300.0,-49.92887624466572,2026-02-05,49025.43359375,-28.20053303008937,2025-08-05,18048.4765625,95.03031116286218,2024-08-05,6417.45263671875,448.5042429233696,2021-08-05,8001.24951171875,339.9312875875893,KRW,24.642439372837543,27.721398815629072,47.766914032399654,33.57653380387933,13.044671482109607,4.728554439196017,6.993732146958678,-11.106796822444764,-48.41107098498574,-26.608149856164033,88.90808715753357,421.1410736560628,252.35034535249756
011200.KS,HMM,US,KSC,19902320607232.0,2026-08-05,21100.0,2026-07-03,19170.0,10.06781429316641,2026-05-04,21150.0,-0.2364066193853431,2026-02-05,19694.03125,7.1390602165313455,2025-08-05,22361.94140625,-5.643255133014957,2024-08-05,15320.2099609375,37.72657198432295,2021-08-05,33064.22265625,-36.18479944511398,KRW,14.771462237695232,12.430858837324195,14.370842557400465,13.488046051357742,16.162260473152628,11.288349275179996,28.900775630922908,18.828975785190917,2.787725762735205,9.515212073347712,-8.605221019471077,30.855822030362322,-48.88904565630329
042700.KS,HANMISemi,US,KSC,19207733379072.0,2026-08-05,209000.0,2026-07-03,232500.0,-10.10752688172043,2026-05-04,378000.0,-44.70899470899471,2026-02-05,192902.3125,8.34499456817035,2025-08-05,87628.4921875,138.50689973393537,2024-08-05,101473.8125,105.96446989709784,2021-08-05,17745.818359375,1077.742247595962,KRW,146.31448377622291,150.76550233061425,256.8405903875828,132.11491549823768,63.334148403061135,74.76867749885787,15.511264853355442,-2.9522791922456437,-43.03295925483255,10.747891882180905,131.01989600471376,95.68954363069741,843.27886964403
196170.KQ,Alteogen,US,KOE,18955966087168.0,2026-08-05,277000.0,2026-07-03,262692.3125,5.446557367376337,2026-05-04,286923.0625,-3.4584401872540305,2026-02-05,289615.375,-4.355906519120401,2025-08-05,341163.25,-18.807198606532204,2024-08-05,200932.84375,37.85700477351652,2021-08-05,52250.22265625,430.1412815450772,KRW,193.91919620102271,170.34382130087397,194.95631949289236,198.3517475723129,246.5782916695316,148.05280912523267,45.67087444799199,13.83987673876832,-0.5319772626849684,-2.2346923712755262,-21.35593328673211,30.979747933720915,324.6014523366516
010140.KS,SamsungHvyInd,US,KSC,18834016698368.0,2026-08-05,22200.0,2026-07-03,23500.0,-5.531914893617018,2026-05-04,32250.0,-31.162790697674414,2026-02-05,28100.0,-20.99644128113879,2025-08-05,19750.0,12.40506329113924,2024-08-05,10050.0,120.89552238805972,2021-08-05,6170.1025390625,259.7995310362074,KRW,15.541538468096405,15.238663676427677,21.912986878305674,19.24512504483573,14.274460278102197,7.40511458425317,5.393163207105545,1.98754167753723,-29.076129354675693,-19.24428429595033,8.876540095445673,109.87573239103119,188.17111352425377
033780.KS,KT&G,US,KSC,18374451003392.0,2026-08-05,176000.0,2026-07-03,175100.0,0.5139920045688084,2026-05-04,179600.0,-2.0044543429844075,2026-02-05,157658.203125,11.633899480928145,2025-08-05,132316.765625,33.01413405070903,2024-08-05,80795.9765625,117.83262915803068,2021-08-05,63606.94140625,176.6993603353899,KRW,123.21219686418772,113.54425573372282,122.03325405716896,107.97693357596927,95.63293240714029,59.53268302407423,55.59755513574146,8.514689772715212,0.9660832337277991,14.10973879666566,28.838668608041406,106.96563736991718,121.61441553205906
096770.KS,SK Innovation,US,KSC,18289034002432.0,2026-08-05,109200.0,2026-07-03,95000.0,14.947368421052644,2026-05-04,145700.0,-25.05147563486616,2026-02-05,109800.0,-0.5464480874316946,2025-08-05,106500.0,2.5352112676056304,2024-08-05,91148.7578125,19.804155998080407,2021-08-05,221868.71875,-50.78170522855648,KRW,76.44756759982556,61.60310847917572,98.99913761764765,75.1998124527745,76.97367187938653,67.16089510586107,193.93100895726093,24.096931935939338,-22.77956208560147,1.6592530039016395,-0.6834860111459173,13.827499587857716,-60.580018630917706
018260.KS,SAMSUNG SDS,US,KSC,17713191714816.0,2026-08-05,230500.0,2026-07-03,195400.0,17.963152507676572,2026-05-04,166900.0,38.10665068903536,2026-02-05,168300.0,36.95781342840165,2025-08-05,151905.4375,51.739137053602846,2024-08-05,129600.390625,77.85440220388998,2021-08-05,170086.046875,35.519640931745315,KRW,161.36597373406403,126.70786733506247,113.40395379811525,115.26528630056418,109.79079157577144,95.49310873055674,148.66881129461035,27.352765955213098,42.29307562003706,39.995291655536526,46.97587240064509,68.9817997122432,8.540569019747046
6098.T,RECRUIT HOLDINGS CO LTD,US,JPX,17597047242752.0,2026-08-05,12720.0,2026-07-03,11920.0,6.711409395973145,2026-05-01,7361.0,72.80260834125798,2026-02-05,7136.2900390625,78.24387644523254,2025-08-05,8689.0849609375,46.39055846713218,2024-08-05,7041.4462890625,80.64470675233318,2021-08-05,5562.33544921875,128.68092217966768,JPY,80.66356871277094,73.83136034011841,46.89192198077217,45.47811662128606,59.19277545010982,48.36689719582046,50.78413377291099,9.253802640475062,72.02018024734984,77.3678742778374,36.272658444200864,66.7743299434584,58.836161454422765
079550.KS,LIG Defense&Aerospace,US,KSC,17454354923520.0,2026-08-05,798000.0,2026-07-03,800000.0,-0.2499999999999946,2026-05-04,983000.0,-18.81993896236012,2026-02-05,432756.09375,84.3994831095316,2025-08-05,611535.625,30.491171303388896,2024-08-05,176839.6875,351.25616951794257,2021-08-05,41455.67578125,1824.9475131241925,KRW,558.655301691033,518.763018772006,667.9214294999838,296.38594797627775,441.9919487446532,130.30031333144507,36.235576950898576,7.689885646331973,-16.359128930890744,88.4891323308441,26.394904540168064,328.74440391404187,1441.7314934657866
RELIANCE.BO,RELIANCE INDUSTRIES LTD.,US,BSE,17346142928896.0,2026-07-17,1326.5,,,,,,,,,,,,,,,,,,,INR,13.724468211177737,,,,,,,,,,,,
8058.T,MITSUBISHI CORP,US,JPX,17135813263360.0,2026-08-05,4641.0,2026-07-03,4457.0,4.128337446713037,2026-05-01,5219.0,-11.07491856677525,2026-02-05,4580.85302734375,1.3130081296480078,2025-08-05,2928.082275390625,58.4996445969354,2024-08-05,2297.832763671875,101.97292306790015,2021-08-05,901.9700927734376,414.5403419895604,JPY,29.430787924211472,27.60623934864998,33.246697570662946,29.192839285141872,19.94701598681843,15.783553050221826,8.234988750454592,6.609189149302663,-11.477559954161132,0.8150924846515695,47.544815443373565,86.46490958382684,257.38710538720306
035720.KS,Kakao,US,KSC,16459542560768.0,2026-08-05,38150.0,2026-07-03,35500.0,7.464788732394356,2026-05-04,47100.0,-19.002123142250525,2026-02-05,58118.5625,-34.35832140548899,2025-08-05,54623.4609375,-30.158215270081268,2024-08-05,36194.55078125,5.40260668123278,2021-08-05,148174.703125,-74.25336498375387,KRW,26.707643808913417,23.020108958007768,32.003152929246426,39.80423497290394,39.47951510910434,26.669133916490182,129.5165440214805,16.01875498344636,-16.546835657225667,-32.90250691391458,-32.35062858521688,0.14439873654623625,-79.37897122665355
024110.KS,IBK,US,KSC,16227616423936.0,2026-08-05,20200.0,2026-07-03,21078.564453125,-4.168046904137002,2026-05-04,21870.24609375,-7.637070413338042,2026-02-05,21748.005859375,-7.117920922886334,2025-08-05,18183.224609375,11.091406689136862,2024-08-05,11369.03515625,77.67558743888021,2021-08-05,7232.29443359375,179.30278814661804,KRW,14.141399867367,13.66847465885428,14.860229943493323,14.894771965818222,13.14206164123209,8.377015725814317,6.321603894793384,3.4599706281517317,-4.837274247166478,-5.057963291953205,7.604120673118531,68.81190545923602,123.69955635806566
003550.KS,LG Corp.,US,KSC,16098814590976.0,2026-08-05,106800.0,2026-07-03,101100.0,5.637982195845703,2026-05-04,102300.0,4.398826979472137,2026-02-05,90610.3359375,17.867348018295726,2025-08-05,74697.453125,42.9767623017602,2024-08-05,71927.765625,48.48229897312342,2021-08-05,79021.265625,35.15349210784042,KRW,74.76740127895027,65.55867649731226,69.51003279536963,62.05719734774948,53.988143164972826,52.99834290969466,69.0709075983068,14.046538572229327,7.563467131511503,20.481434022836574,38.48855859050715,41.074979280670185,8.247312622229263
064350.KS,HYUNDAI ROTEM,US,KSC,15967518195712.0,2026-08-05,147700.0,2026-07-03,200500.0,-26.33416458852868,2026-05-04,269000.0,-45.09293680297398,2026-02-05,206325.734375,-28.414164889604557,2025-08-05,200345.28125,-26.277275372563835,2024-08-05,44468.21875,232.1473271289959,2021-08-05,24971.78515625,491.4675265537966,KRW,103.40023566386662,130.014981579734,182.77809210121632,141.30834726030025,144.80105109409305,32.76539852750102,21.827337887466456,-20.470522390948787,-43.42853978002622,-26.82651968648684,-28.591515819400925,215.57753090376602,373.7189491314028
267250.KS,HD HYUNDAI,US,KSC,15653057593344.0,2026-08-05,219000.0,2026-07-03,206500.0,6.0532687651331685,2026-05-04,301141.625,-27.2767422969176,2026-02-05,240415.546875,-8.907721298961857,2025-08-05,130212.4765625,68.18664830085106,2024-08-05,72350.296875,202.69398946402043,2021-08-05,51855.1015625,322.33067413057387,KRW,153.31517677986994,133.90570422052406,204.61744115152396,164.65577446021143,94.11204174201112,53.30967547901582,45.325507003663006,14.494881060019061,-25.072283224216207,-6.887458224601717,62.907077502528416,187.593528571036,238.25363887817005
086280.KS,HYUNDAIGLOVIS,US,KSC,15337500180480.0,2026-08-05,205500.0,2026-07-03,197000.0,4.314720812182737,2026-05-04,225500.0,-8.869179600886923,2026-02-05,234961.984375,-12.53904305131276,2025-08-05,145071.96875,41.65383000635676,2024-08-05,101536.203125,102.3908652040213,2021-08-05,84436.7109375,143.37755191827756,KRW,143.86424122494645,127.74539337260649,153.221040032804,160.92073914874072,104.8518509057194,74.81464861598306,73.8044400192939,12.61794842599504,-6.106732342930387,-10.599316168954932,37.20715464937876,92.29421495165849,94.92626891734098
8766.T,TOKIO MARINE HOLDINGS INC,US,JPX,14696611577856.0,2026-08-05,7742.0,2026-07-03,7584.0,2.083333333333326,2026-05-01,7093.0,9.149866065134638,2026-02-05,5880.5810546875,31.653656807072394,2025-08-05,5893.1015625,31.3739449064518,2024-08-05,3801.893310546875,103.6353828899625,2021-08-05,1502.091064453125,415.4148229234473,JPY,49.095703535713255,46.97458362579346,45.18467634962872,37.47574013137182,40.14565849706196,26.114774628946407,13.714094421794698,4.515462929521541,8.655649441465286,31.006628190950902,22.29393008787315,87.99972135809317,257.99449840223815
047810.KS,KOREA AEROSPACE,US,KSC,14406820823040.0,2026-08-05,146500.0,2026-07-03,156600.0,-6.449553001277142,2026-05-04,180000.0,-18.61111111111111,2026-02-05,161535.015625,-9.307589173051776,2025-08-05,94328.4765625,55.3083494388169,2024-08-05,49720.8671875,194.6449011992104,2021-08-05,32331.6796875,353.1159575252117,KRW,102.56015250342898,101.54786092462018,122.30504304170609,110.63208451326045,68.17661224229369,36.63569340814638,28.26047447520068,0.9968615484281074,-16.14397088396763,-7.296194449688742,50.433043136463304,179.94598426414257,262.9102285364255
278470.KS,APR,US,KSC,14245218484224.0,2026-08-05,357500.0,2026-07-03,379464.28125,-5.788234185743935,2026-05-04,425099.1875,-15.90197993497694,2026-02-05,274528.53125,30.223258898522957,2025-08-05,184961.140625,93.283842644988,2024-08-05,39652.18359375,801.5896921660309,,,,KRW,250.2747748803813,246.0650450717494,288.84319124545436,188.01907161143572,133.68204834653352,29.216812241548496,,1.7108199205638552,-13.352717853161455,33.11137680628726,87.21644227923078,756.6121889385038,
010950.KS,S-Oil,US,KSC,14086897139712.0,2026-08-05,122500.0,2026-07-03,110200.0,11.161524500907438,2026-05-04,128000.0,-4.296875,2026-02-05,99490.7578125,23.127014703077407,2025-08-05,60611.60546875,102.10650922810204,2024-08-05,64477.41796875,89.98899748028305,2021-08-05,87806.78125,39.51086494245,KRW,85.75848929467611,71.45960583584383,86.97247505187988,68.13921974758114,43.80749137497082,47.5087231995401,76.75015106698993,20.009742975184473,-1.395827537941885,25.857750664543588,95.76215529126091,80.51103780348758,11.737225402753172
8001.T,ITOCHU CORP,US,JPX,14046229168128.0,2026-08-05,1978.5,2026-07-03,1888.5,4.765687053216849,2026-05-01,1987.0,-0.4277805737292417,2026-02-05,2011.809326171875,-1.6556900168693822,2025-08-05,1506.8660888671875,31.29899296409089,2024-08-05,1120.6278076171875,76.55282035227403,2021-08-05,584.037841796875,238.76229559250217,JPY,12.546609331620857,11.69719161093235,12.657824884634465,12.820849300493819,10.265245009421221,7.697465512161784,5.3322666633528115,7.261723573841694,-0.8786308392416897,-2.139015617806217,22.224158508694615,62.99662936842729,135.29598431095394
7011.T,MITSUBISHI HEAVY INDUSTRIES,US,JPX,13810461048832.0,2026-08-05,4000.0,2026-07-03,3792.0,5.485232067510548,2026-05-01,4586.0,-12.778020061055384,2026-02-05,4673.6875,-14.414474651974484,2025-08-05,3726.726806640625,7.332793830565509,2024-08-05,1292.496826171875,209.4785162333609,2021-08-05,272.9622497558594,1365.4041002291149,JPY,25.365902110934258,23.48729181289673,29.214285315014422,29.784454389184248,25.387633337812645,8.878014338401272,2.4921458860420387,7.998411707074693,-13.172950022851737,-14.835095585482726,-0.08559768683132907,185.71593989452916,917.833757365614
6981.T,MURATA MANUFACTURING CO,US,JPX,13648529457152.0,2026-08-05,7829.0,2026-07-03,11080.0,-29.341155234657037,2026-05-01,5138.0,52.37446477228494,2026-02-05,3254.299072265625,140.57407835443632,2025-08-05,2254.148681640625,247.31515555140132,2024-08-05,2477.003173828125,216.06741899730972,2021-08-05,2813.990234375,178.2170280608261,JPY,49.647411906626076,68.62847924232483,32.730701689608395,20.738982288965644,15.355968705952023,17.014254308572845,25.69173646624222,-27.65771228687328,51.68453269789977,139.39174649395122,223.31019199969182,191.7989293342736,93.24272600982239
011070.KS,LG Innotek,US,KSC,13512433729536.0,2026-08-05,601000.0,2026-07-03,872000.0,-31.077981651376152,2026-05-04,595000.0,1.0084033613445342,2026-02-05,234615.671875,156.16362078327168,2025-08-05,155780.828125,285.79843696667984,2024-08-05,213590.6875,181.37930873039585,2021-08-05,211864.875,183.67137308626548,KRW,420.74164951918647,565.4516904614866,404.2861144989729,160.68355668016102,112.59175914735079,157.37945423551355,185.18684924507397,-25.591937097967953,4.070269650642522,161.84486963819728,273.6877838177789,167.34217090978052,127.19844915250013
8031.T,MITSUI & CO,US,JPX,13371700150272.0,2026-08-05,4700.0,2026-07-03,4600.0,2.1739130434782705,2026-05-01,5765.0,-18.473547267996526,2026-02-05,5076.0,-7.4074074074074066,2025-08-05,3046.8203125,54.259179010905335,2024-08-05,2303.46630859375,104.0403188214772,2021-08-05,1129.7852783203125,316.008253089263,JPY,29.804934980347753,28.491967916488647,36.72489202814177,32.34830965474248,20.755896783772187,15.822249232355261,10.314941849999855,4.6082006960960875,-18.842688611559023,-7.8624654627721835,43.59743301311112,88.37356524127425,188.94913237293892
272210.KS,HANWHA SYSTEMS,US,KSC,13183024627712.0,2026-08-05,72400.0,2026-07-03,75500.0,-4.1059602649006655,2026-05-04,119700.0,-39.51545530492899,2026-02-05,110892.609375,-34.711609359674696,2025-08-05,57787.703125,25.28617004104192,2024-08-05,17926.12109375,303.8799002938929,2021-08-05,15871.8037109375,356.1548348163358,KRW,50.68501734640449,48.95825989660807,81.33285362273455,75.94811864661915,41.76649482635821,13.208455796061344,13.873226135596042,3.526999230452743,-37.68198816494399,-33.26363016016494,21.353294206575214,283.7315892862992,265.3441301324747
003670.KS,POSCO FUTURE M,US,KSC,12941669695488.0,2026-08-05,146200.0,2026-07-03,162200.0,-9.864364981504314,2026-05-04,267000.0,-45.243445692883896,2026-02-05,225230.265625,-35.088652675383535,2025-08-05,148222.484375,-1.3644922924670122,2024-08-05,202757.1875,-27.89404814564218,2021-08-05,156622.578125,-6.654582148866028,KRW,102.35013171331957,105.17920205602422,181.4191471785307,154.25568063468654,107.12890964721828,149.39703544461736,136.90066257377111,-2.6897621273051064,-43.58361104376761,-33.64903561917531,-4.4607734267393395,-31.491189628550853,-25.237665187948554
000720.KS,HyundaiEng&Const,US,KSC,12533766291456.0,2026-08-05,110100.0,2026-07-03,115300.0,-4.509973980919346,2026-05-04,159400.0,-30.92848180677541,2026-02-05,109422.578125,0.6190878396469035,2025-08-05,67145.671875,63.97184945139103,2024-08-05,28976.912109375,279.95766969379383,2021-08-05,50305.67578125,118.86198384206304,KRW,77.0776299701538,74.76672008051537,108.30791033804417,74.94132379871644,48.5300367608188,21.350980544055233,43.97118492187019,3.0908268908276693,-28.83471786171139,2.8506384237022786,58.82458599821867,261.00276430449264,75.29122789642466
BHARTIARTL.NS,BHARTI AIRTEL LIMITED,US,NSI,12340065992704.0,2026-08-05,1978.0,2026-07-03,1886.656005859375,4.841581817614804,2026-05-05,1783.65234375,10.89605028306122,2026-02-05,1967.6368408203125,0.526680481107844,2025-08-05,1907.7900390625,3.680172319801067,2024-08-05,1427.5272216796875,38.56128065092892,2021-08-05,567.22314453125,248.71637715604996,INR,20.799771094694734,19.749955370966745,18.72416158337728,21.832309640303492,21.705750394765346,17.048093967542513,7.646165987456698,5.315534663289734,11.085193332021404,-4.729405924614783,-4.173913749091584,22.006431535953254,172.028767474001
2914.T,JAPAN TOBACCO INC,US,JPX,12335184871424.0,2026-08-05,6825.0,2026-07-03,6057.0,12.67954432887568,2026-05-01,5754.166015625,18.60971653350341,2026-02-05,5801.0908203125,17.65028701330249,2025-08-05,4396.41357421875,55.24017212627259,2024-08-05,3144.60498046875,117.03838931726912,2021-08-05,1619.7783203125,321.35395408201714,JPY,43.28057047678158,37.51648905873299,36.65587608600708,36.969165128201894,29.949749905134695,21.59993552007154,14.78857930309914,15.36412804786924,18.072666917660673,17.07207973643157,44.51062400812034,100.37360961824868,192.66212520976617
6503.T,MITSUBISHI ELECTRIC CORP,US,JPX,12270429011968.0,2026-08-05,5848.0,2026-07-03,5944.0,-1.6150740242261152,2026-05-01,6071.0,-3.673200461209025,2026-02-05,5327.87060546875,9.762425423721211,2025-08-05,3447.633544921875,69.62359612185867,2024-08-05,1847.617919921875,216.51565710335169,2021-08-05,1363.8223876953125,328.7948381520838,JPY,37.084948886185884,36.816577672958374,38.67420980101451,33.9534295008084,23.486362393308696,12.691078270216394,12.45170112653625,0.7289412275400808,-4.109355880845788,9.22298404437445,57.89992620037001,192.21275053686634,197.8303808397141
9432.T,NTT INC,US,JPX,12212932444160.0,2026-08-05,151.0,2026-07-03,146.10000610351562,3.353862896496129,2026-05-01,152.0,-0.6578947368421018,2026-02-05,151.9250030517578,-0.6088550489893207,2025-08-05,149.2011260986328,1.2056704586653089,2024-08-05,135.4105224609375,11.512751930751676,2021-08-05,95.6161651611328,57.92308732057396,JPY,0.9575628046877682,0.9049297144565571,0.968288566917181,0.9681869667092116,1.0164049256927754,0.9301195450817659,0.8729757790997182,5.81626278708498,-1.107703074875832,-1.0973254533216847,-5.789240047700551,2.950508862125867,9.689504292465333
071050.KS,KIH,US,KSC,11942138740736.0,2026-08-05,209500.0,2026-07-03,242000.0,-13.429752066115707,2026-05-04,262000.0,-20.03816793893129,2026-02-05,204692.828125,2.3484808525213285,2025-08-05,134816.609375,55.39628312210696,2024-08-05,58639.17578125,257.2696873870251,2021-08-05,76599.5546875,173.50028450516243,KRW,146.66451842640527,156.92581317853183,178.02178487181664,140.19000259952645,97.43971318237254,43.20694684440991,66.95413851000012,-6.5389463621593364,-17.614286065039707,4.618386266368968,50.5182164810988,239.44661481069366,119.0522075114144
4063.T,SHIN-ETSU CHEMICAL CO,US,JPX,11504071999488.0,2026-08-05,6163.0,2026-07-03,6958.0,-11.425697039379134,2026-05-01,7104.0,-13.24605855855856,2026-02-05,5134.294921875,20.03595612986964,2025-08-05,4250.14794921875,45.00671679283224,2024-08-05,5037.59765625,22.340060094988857,2021-08-05,3262.781005859375,88.88794525076452,JPY,39.08251367742196,43.09719842672348,45.25474986433983,32.719811267057594,28.95334253478245,34.60268785011067,29.7891971072238,-9.315419321577334,-13.638869301941526,19.44602417915029,34.98446208920802,12.946467762032432,31.196935374752186
7182.T,JAPAN POST BANK CO LTD,US,JPX,11494402031616.0,2026-08-05,3200.0,2026-07-03,3230.0,-0.9287925696594423,2026-05-01,2656.0,20.481927710843383,2026-02-05,2836.176513671875,12.82795639038341,2025-08-05,1650.386474609375,93.8939787274613,2024-08-05,1180.1405029296875,171.1541542770569,2021-08-05,779.5451049804688,310.4958108973277,JPY,20.292721688747406,20.006316602230072,16.9195686429739,18.074372754090973,11.242950947841905,8.106251477127103,7.117248367123636,1.4315732986321272,19.93640096241023,12.273449069784892,80.49284198507165,150.33422348179175,185.12032518753458
307950.KS,HyundaiAutoever,US,KSC,11174919798784.0,2026-08-05,414500.0,2026-07-03,505000.0,-17.920792079207924,2026-05-04,446000.0,-7.062780269058299,2026-02-05,413960.28125,0.1303793562924093,2025-08-05,148866.484375,178.43742111613227,2024-08-05,141839.171875,192.2323886417572,2021-08-05,124779.21875,232.18672480268276,KRW,290.17872500116937,327.4691555998288,303.04471775889397,283.51307388795794,107.59436546590678,104.510977141289,109.06701911571872,-11.387463509457607,-4.245575653940592,2.351091264258809,169.69695275829082,177.6538244483879,166.05542844559952
086520.KQ,ECOPRO,US,KOE,11049785884672.0,2026-08-05,82300.0,2026-07-03,87300.0,-5.727376861397482,2026-05-04,155800.0,-47.17586649550706,2026-02-05,167327.90625,-50.81513786646094,2025-08-05,52046.47265625,58.127911075866166,2024-08-05,79309.84375,3.770220830878901,2021-08-05,13038.185546875,531.2228009343348,KRW,57.61570342001505,56.61001442349516,105.86180947721004,114.59951883529538,37.616977546682165,58.437659763976626,11.396417180046683,1.7765213571514282,-45.57460929059731,-49.72430599571588,53.164095516485176,-1.406552465107891,405.55979576538317
4519.T,CHUGAI PHARMACEUTICAL CO,US,JPX,10934449864704.0,2026-08-05,6688.0,2026-07-03,7642.0,-12.483643025386026,2026-05-01,8171.7998046875,-18.157564308371388,2026-02-05,9043.9873046875,-26.0503163628546,2025-08-05,7165.20458984375,-6.660027412478343,2024-08-05,5642.3232421875,18.53273399854165,2021-08-05,3590.710693359375,86.25839203277283,JPY,42.41178832948208,47.333830177783966,52.056975802729994,57.63548105705104,48.811623807043134,38.75647942161686,32.783195809773815,-10.398570810380015,-18.528136382333027,-26.4137514745468,-13.111293946827496,9.431478200330101,29.370512184286945
9433.T,KDDI CORPORATION,US,JPX,10915640508416.0,2026-08-05,2856.5,2026-07-03,2702.5,5.698427382053661,2026-05-01,2548.0,12.107535321821029,2026-02-05,2744.089111328125,4.096473697148584,2025-08-05,2421.974609375,17.94095565424325,2024-08-05,2015.3380126953125,41.73801029931041,2021-08-05,1431.3092041015625,99.5725306463766,JPY,18.114424844970927,16.73903115093708,16.231574134901166,17.48751857632965,16.499251629268656,13.843128595083158,13.067855895261005,8.21668638783104,11.599926750303592,3.5848783571262643,9.789372584857436,30.854992211839026,38.61818641220276
9434.T,SOFTBANK CORP.,US,JPX,10867821248512.0,2026-08-05,230.8000030517578,2026-07-03,209.1000061035156,10.37780789805407,2026-05-01,220.6000061035156,4.623751888499905,2026-02-05,209.4944610595703,10.169978664079917,2025-08-05,218.84425354003903,5.463131573400615,2024-08-05,166.9949493408203,38.20777452419692,2021-08-05,115.89925384521484,99.1384719007722,JPY,1.4636125711535541,1.2951457967910753,1.4052925248150954,1.3350653461994426,1.490835780358715,1.147069396742367,1.0581604193401617,13.007552877821272,4.150028930534044,9.628534312574999,-1.826036748233295,27.595817246119324,38.316699850313874
005940.KS,NHIS,US,KSC,10505613737984.0,2026-08-05,28250.0,2026-07-03,31400.0,-10.031847133757966,2026-05-04,36450.0,-22.496570644718798,2026-02-05,25301.751953125,11.652347443517108,2025-08-05,18894.541015625,49.51408439420901,2024-08-05,11442.16796875,146.89377115555638,2021-08-05,9334.44140625,202.64264105921572,KRW,19.776957735302858,20.361448486801237,24.766771215945482,17.328661216772502,13.656170896228446,8.430901980185581,8.159048513757625,-2.8705754989742482,-20.147210296956487,14.128595901919061,44.82066668310989,134.57700945619968,142.39294204410407
6752.T,PANASONIC HOLDINGS CORP,US,JPX,10297019465728.0,2026-08-05,4516.0,2026-07-03,4522.0,-0.1326846528084901,2026-05-01,3324.0,35.860409145607704,2026-02-05,2360.666748046875,91.3018855260432,2025-08-05,1454.6962890625,210.4428074749817,2024-08-05,942.6427001953124,379.0786582301332,2021-08-05,1202.2164306640625,275.6395175455653,JPY,28.638103483244777,28.0088432431221,21.174942081794143,15.04404628791849,9.909847949892082,6.474905964071126,10.976238415719877,2.2466484412104304,35.2452506014991,90.36170811468018,188.98630562294997,342.2937358805817,160.90999847661877
259960.KS,KRAFTON,US,KSC,10259599982592.0,2026-08-05,229000.0,2026-07-03,235500.0,-2.7600849256900206,2026-05-04,288500.0,-20.62391681109186,2026-02-05,236491.578125,-3.167799117582215,2025-08-05,314330.53125,-27.146752468067803,2024-08-05,270701.0625,-15.404838870922422,,,,KRW,160.31586978351697,152.71086365100928,196.02780509740114,161.96832715537948,227.18474341888032,199.45993889468446,,4.980003354500995,-18.217790734401085,-1.0202348822663798,-29.43369903676647,-19.625028127495657,
323410.KS,KakaoBank,US,KSC,10196652916736.0,2026-08-05,21550.0,2026-07-03,22250.0,-3.146067415730336,2026-05-04,24400.0,-11.68032786885246,2026-02-05,26408.892578125,-18.3986987101069,2025-08-05,26802.3203125,-19.596513478164933,2024-08-05,18594.865234375,15.89220856606184,,,,KRW,15.086493422859348,14.428096459596418,16.579128056764603,18.086919571588965,19.371577552493818,13.701204750178363,,4.563297487694684,-9.003094908216426,-16.588928462106413,-22.12047066390226,10.110707035911947,
003490.KS,KAL,US,KSC,10082747154432.0,2026-08-05,26900.0,2026-07-03,28850.0,-6.759098786828421,2026-05-04,24500.0,9.795918367346946,2026-02-05,23434.091796875,14.790025716239574,2025-08-05,22560.771484375,19.233511223808275,2024-08-05,18701.568359375,43.83820374356555,2021-08-05,27039.25,-0.5149920948251174,KRW,18.83186417981051,18.707891364465468,16.647075302898884,16.04953832537433,16.305966399850718,13.779826528001536,23.63446755131008,0.6626765835326509,13.12416047358884,17.335862241204293,15.490635255957086,36.66256350573711,-20.320336648469826
TCEHYN.MX,TENCENT HOLDINGS LIMITED,US,MEX,9811775193088.0,2026-08-04,1090.0,2026-07-03,1000.0,9.000000000000007,2026-05-04,1059.302734375,2.897874670654166,2026-02-04,1199.210693359375,-9.106881214796436,2025-08-04,1331.62353515625,-18.14503339548579,2024-08-02,855.0560913085938,27.47701713133739,2021-08-04,1179.5791015625,-7.59415807247189,MXN,62.90832940489054,57.220350950956345,60.71685972854175,69.5662444756781,70.57572904609515,45.18416605610764,59.38694238066819,9.940481593357164,3.6093264476236175,-9.570611610513657,-10.864074299816018,39.22649214500016,5.929564451475522
0126Z0.KS,SAMSUNG EPIS HOLDINGS,US,KSC,9779037601792.0,2026-08-05,389000.0,2026-07-03,416500.0,-6.602641056422565,2026-05-04,529000.0,-26.46502835538752,2026-02-05,581000.0,-33.04647160068846,,,,,,,,,,KRW,272.32695784186944,270.08099664817564,359.4409320503473,397.91521889856085,,,,0.8315880130653985,-24.235963809562932,-31.561562637469066,,,
247540.KQ,ECOPROBM,US,KOE,9743329394688.0,2026-08-05,101700.0,2026-07-03,124400.0,-18.2475884244373,2026-05-04,215500.0,-52.807424593967525,2026-02-05,211395.5625,-51.89113773379231,2025-08-05,124438.515625,-18.27289204696345,2024-08-05,164818.5625,-38.2957851000551,2021-08-05,72252.640625,40.75610125840989,KRW,71.19704784709029,80.66764941904694,146.4263154193759,144.78057061337677,89.93886827114238,121.44281999247687,63.15458788050819,-11.740272141511642,-51.376876729311505,-50.82416960683525,-20.83839921973486,-41.3740163053684,12.73456171038414
028050.KS,SamsungE&A,US,KSC,9741199736832.0,2026-08-05,49100.0,2026-07-03,48100.0,2.079002079002068,2026-05-04,55000.0,-10.72727272727273,2026-02-05,31650.0,55.134281200631904,2025-08-05,24916.291015625,97.05982711957172,2024-08-05,22858.2578125,114.8020221083942,2021-08-05,21603.841796875,127.27439157188388,KRW,34.373402647906914,31.190626503666863,37.37098537385464,21.676448671496473,18.008435766084745,16.842588885369423,18.883485966950957,10.204271286009202,-8.021149819733896,58.57488082494966,90.87389429259748,104.08621787215804,82.02890455748333
SBIN.NS,STATE BANK OF INDIA,US,NSI,9738301472768.0,2026-08-05,1055.0,2026-07-03,1040.0,1.4423076923076872,2026-05-05,1041.133544921875,1.3318613299666104,2026-02-05,1054.49267578125,0.0481107389744606,2025-08-05,786.4246215820312,34.15144580261007,2024-08-05,781.5850830078125,34.98210533138521,2021-08-05,404.18109130859375,161.02161201660562,INR,11.09391228761524,10.886962711811066,10.929457634107166,11.70033521098867,8.947492224430334,9.333997794499851,5.448359685130299,1.9008935851287267,1.5046918064338888,-5.1829534149063665,23.989068773083645,18.854884389970984,103.61930798902321
005830.KS,DB INSURANCE,US,KSC,9642311680000.0,2026-08-05,155600.0,2026-07-03,146800.0,5.994550408719346,2026-05-04,166800.0,-6.714628297362113,2026-02-05,153466.203125,1.3904018158721332,2025-08-05,120601.1796875,29.020296818976757,2024-08-05,85672.6328125,81.62159244077452,2021-08-05,43856.41015625,254.79420099737771,KRW,108.93078313674778,95.19301394466311,113.33600655198097,105.10591705682509,87.1654050096954,63.12593658818014,38.33401084552406,14.431488848615093,-3.886870156495903,3.6390587580857003,24.970202484152292,72.56105655491258,184.16223800767955
006260.KS,LS,US,KSC,9374397366272.0,2026-08-05,329000.0,2026-07-03,374000.0,-12.032085561497327,2026-05-04,509000.0,-35.36345776031434,2026-02-05,222405.78125,47.92780931813121,2025-08-05,167720.703125,96.15944476145005,2024-08-05,97405.046875,237.7648392513029,2021-08-05,65401.20703125,403.0488196384468,KRW,230.32279981998727,242.52171127591282,345.8514828234911,152.32124807297623,121.221393142946,71.77069982029116,57.16588682735619,-5.0300286072313956,-33.404131178025075,51.20858234410011,90.00177596407207,220.91480283277093,302.90252212053235
090430.KS,AMOREPACIFIC,US,KSC,9346469593088.0,2026-08-05,131300.0,2026-07-03,121200.0,8.333333333333325,2026-05-04,134300.0,-2.233804914370807,2026-02-05,138500.359375,-5.198801943541886,2025-08-05,126107.703125,4.1173510787468,2024-08-05,156659.265625,-16.18753000266402,2021-08-05,223742.953125,-41.31658755453821,KRW,91.9190991378855,78.59259734395891,91.2531515583396,94.85611156322284,91.14528602635528,115.43082712816704,195.56923973361336,16.956433868196786,0.7297803617447141,-3.0962817017644473,0.8489886260343305,-20.368673235075775,-52.99920413706709
078930.KS,GS,US,KSC,9316036771840.0,2026-08-05,95000.0,2026-07-03,73000.0,30.136986301369877,2026-05-04,80900.0,17.428924598269457,2026-02-05,66463.7109375,42.93514259132245,2025-08-05,45555.93359375,108.53485486034124,2024-08-05,39427.17578125,140.9505578768293,2021-08-05,32934.37890625,188.45238062762357,KRW,66.50658353464678,47.33712546294555,54.96932212263346,45.51965935715316,32.92589187422004,29.05102033767639,28.7872818063488,40.495610758423965,20.98854591343575,46.105187239709956,101.98870781908687,128.93028458760915,131.0276599994213
047050.KS,POSCO INTERNATIONAL,US,KSC,9289224683520.0,2026-08-05,54400.0,2026-07-03,49300.0,10.344827586206897,2026-05-04,87300.0,-37.68613974799542,2026-02-05,65847.0625,-17.384317637555966,2025-08-05,46669.51171875,16.564322180692947,2024-08-05,44367.7890625,22.611473660244428,2021-08-05,21141.86328125,157.30939263165848,KRW,38.08376993983984,31.968771031824872,59.31794587522745,45.0973292401286,33.73073879634035,32.69139918982955,18.479679787528767,19.128038741081088,-35.79722059164475,-15.552050239924053,12.905235102564006,16.494768910618784,106.08457710149897
277810.KQ,Rainbow Robotics,US,KOE,9234332778496.0,2026-08-05,484000.0,2026-07-03,492500.0,-1.7258883248730927,2026-05-04,685000.0,-29.34306569343066,2026-02-05,711000.0,-31.926863572433195,2025-08-05,271500.0,78.26887661141807,2024-08-05,113500.0,326.431718061674,2021-08-05,22150.0,2085.10158013544,KRW,338.8335413765162,319.3634834315162,465.43863601982594,486.9496052269824,196.22865648125298,83.62990102614276,19.360871927347034,6.0965197823486195,-27.201243052353053,-30.417123714768113,72.672813162173,305.15836706610077,1650.0944309120566
003230.KS,SamyangFood,US,KSC,9069083492352.0,2026-08-05,1210000.0,2026-07-03,1111000.0,8.910891089108919,2026-05-04,1316000.0,-8.054711246200608,2026-02-05,1073749.375,12.689239050779433,2025-08-05,1410865.875,-14.237063817281715,2024-08-05,523429.53125,131.16769837391553,2021-08-05,86213.203125,1303.4973253987887,KRW,847.0838534412906,720.4321423196234,894.18575912714,735.3893590280859,1019.7138678692354,385.6771796704652,75.35723630471693,17.579963980213066,-5.2675750206341965,15.188483902027583,-16.929260243235444,119.63546149270896,1024.0909234197431
TCS.BO,TATA CONSULTANCY SERVICES LTD.,US,BSE,8755048087552.0,2026-08-04,2450.0,2026-07-03,2081.33984375,17.712636278839323,2026-05-04,2385.18017578125,2.717607033502989,2026-02-04,2943.562255859375,-16.76751544414946,2025-08-04,3006.042724609375,-18.49749905605985,2024-08-02,4051.572509765625,-39.52965190442248,2021-08-04,2895.3837890625,-15.382547582982475,INR,25.699768168851733,21.7879512206855,25.13282211166461,32.553283108490405,34.45506633497848,48.38050985595419,39.01377280320776,17.954037571244207,2.2557994270129944,-21.05322193401491,-25.41077146973433,-46.87991456607424,-34.12642171654142
7974.T,NINTENDO CO LTD,US,JPX,8607351439360.0,2026-08-05,7428.0,2026-07-03,7132.0,4.150308468872677,2026-05-01,7597.0,-2.224562327234436,2026-02-05,8613.31640625,-13.761440429494842,2025-08-05,13114.818359375,-43.36177752175907,2024-08-05,6381.32666015625,16.40212757605677,2021-08-05,4955.515625,49.89358448446018,JPY,47.104480220004916,44.17493808269501,48.395317387301475,54.89090351923733,89.34226120533913,43.83261021590761,45.243867564495304,6.631683629812546,-2.6672769949335318,-14.185270782623471,-47.276373370780625,7.464465355772698,4.112408500129439
443060.KS,HDHMS,US,KSC,8580717608960.0,2026-08-05,193100.0,2026-07-03,216000.0,-10.601851851851851,2026-05-04,268600.0,-28.108711839166045,2026-02-05,164399.1875,17.458001427166426,2025-08-05,198154.203125,-2.550641392053488,2024-08-05,107069.0546875,80.35089649721532,,,,KRW,135.18338190042414,140.06601506844163,182.5063031166792,112.59369824579699,143.21743298464844,78.89140481478671,,-3.48595136774017,-25.929472247323293,20.063008859796817,-5.609687952642939,71.35375167649005,
161390.KS,HANKOOK TIRE & TECHNOLOGY,US,KSC,8539212873728.0,2026-08-05,67700.0,2026-07-03,67300.0,0.5943536404160454,2026-05-04,61500.0,10.08130081300813,2026-02-05,64877.5859375,4.350368500484869,2025-08-05,42057.890625,60.968605400666135,2024-08-05,35136.44921875,92.67740908740711,2021-08-05,41873.12109375,61.67889622659375,KRW,47.39469163469039,43.64093895419501,41.78755637258291,44.43335423395956,30.3976551446749,25.889495775983733,36.60045754827934,8.601448022086045,13.418193713251814,6.664672185534748,55.91561720507594,83.06533292415779,29.492074169216266
7741.T,HOYA CORP,US,JPX,8458300030976.0,2026-08-05,25900.0,2026-07-03,25930.0,-0.1156961048978,2026-05-01,27830.0,-6.934962270930656,2026-02-05,26772.119140625,-3.257564842155558,2025-08-05,18069.587890625,43.33475758701522,2024-08-05,15729.05078125,64.66346482188486,2021-08-05,15934.25390625,62.54291008781445,JPY,164.24421616829932,160.60798436403275,177.2859922191128,170.61323878538133,123.0957072343308,108.04106868020244,145.47977002361222,2.264041740306455,-7.35634885055938,-3.7330178258287217,33.42806167532413,52.02016989896325,12.898319911862322
016360.KS,SamsungSecu,US,KSC,8412059926528.0,2026-08-05,97600.0,2026-07-03,119100.0,-18.05205709487825,2026-05-04,137900.0,-29.22407541696882,2026-02-05,89600.0,8.92857142857142,2025-08-05,66590.609375,46.56721257853784,2024-08-05,35491.046875,174.9989323891985,2021-08-05,32603.740234375,199.352158060374,KRW,68.326763715595,77.2308444196824,93.69925241917372,61.36523857712746,48.12886118572442,26.150773017360734,28.49827715712081,-11.529176938298724,-27.078645825339297,11.344411428822031,41.96630053623942,161.28009168308282,139.75752407377487
8053.T,SUMITOMO CORP,US,JPX,8295351320576.0,2026-08-05,1720.5,2026-07-03,1575.0,9.238095238095244,2026-05-01,1710.0,0.614035087719289,2026-02-05,1467.6368408203125,17.229273083547938,2025-08-05,946.8701782226562,81.70389558888662,2024-08-05,645.6940307617188,166.4574733593779,2021-08-05,313.57061767578125,448.6802343767184,JPY,10.910508645465598,9.75540205836296,10.893246377818286,9.352949367132283,6.450377006544073,4.435199179793074,2.8629003663448316,11.84068662872182,0.1584676142317054,16.65313493310272,69.1452861498887,145.9981661065926,281.0998375537406
180640.KS,HANJINKAL,US,KSC,8290445557760.0,2026-08-05,122500.0,2026-07-03,134000.0,-8.582089552238802,2026-05-04,112300.0,9.082813891362427,2026-02-05,115344.609375,6.203489407759766,2025-08-05,108565.4921875,12.835116878974915,2024-08-05,60719.15625,101.74852149728282,2021-08-05,65015.42578125,88.4168234353518,KRW,85.75848929467611,86.89280564431101,76.30475740879774,78.99720393842017,78.46652181281434,44.739533282629054,56.82868315362157,-1.305420329363216,12.38943967180266,8.558891984995443,9.293093810449648,91.68391577292876,50.907049988912
8002.T,MARUBENI CORP,US,JPX,8028564750336.0,2026-08-05,4862.0,2026-07-03,4963.0,-2.035059439854925,2026-05-01,5755.0,-15.51694178974804,2026-02-05,5346.00927734375,-9.053655768892298,2025-08-05,2988.720458984375,62.67831223172347,2024-08-05,1848.3267822265625,163.048723134502,2021-08-05,747.1297607421875,550.7571047859427,JPY,30.83225401584059,30.74035581946373,36.66118883294985,34.06902354622571,20.36010233610648,12.695947365116695,6.821296209415664,0.29894968333019634,-15.89947026450601,-9.500623127614405,51.43467113700535,142.8511487102971,351.999928888615
5803.T,FUJIKURA,US,JPX,7796694188032.0,2026-08-05,5073.0,2026-07-03,5358.0,-5.319148936170215,2026-05-01,5808.0,-12.654958677685944,2026-02-05,3592.185546875,41.22321728100113,2025-08-05,1758.86474609375,188.424679115696,2024-08-05,357.5608825683594,1318.7793596325882,2021-08-05,82.21265411376953,6070.582928729873,JPY,32.17030535219237,33.18694871664047,36.99881576746702,22.892263673680645,11.98193899940975,2.456045212656619,0.7506016964378048,-3.063383057986102,-13.050445845675817,40.52915784461604,168.48997773880453,1209.8417401443057,4185.93560404483
8015.T,TOYOTA TSUSHO CORP,US,JPX,7756786958336.0,2026-08-05,7243.0,2026-07-03,6216.0,16.521879021879027,2026-05-01,6868.0,5.460104834012802,2026-02-05,6152.759765625,17.719531980853365,2025-08-05,3581.977294921875,102.2067535232094,2024-08-05,1992.4158935546875,263.5285194938742,2021-08-05,1541.351806640625,369.9121880413604,JPY,45.93130724737421,38.501320123672485,43.75135445781052,39.21027937936924,24.401554207248296,13.685679154375634,14.072545076465985,19.29800614585526,4.982594976952814,17.140984390795456,88.23107273114046,235.6158414154323,226.38948390498857
352820.KS,HYBE,US,KSC,7559350583296.0,2026-08-05,181000.0,2026-07-03,205000.0,-11.707317073170731,2026-05-04,257500.0,-29.708737864077676,2026-02-05,363984.4375,-50.272599223421466,2025-08-05,261629.421875,-30.818178359742245,2024-08-05,169713.609375,6.650256668610188,2021-08-05,296901.53125,-39.0370271119981,KRW,126.71254336601123,132.93302356032655,174.96415879577398,249.28562327621694,189.09462228544453,125.04962427154805,259.51568946115003,-4.679409245131916,-27.57799983828928,-49.169734820363296,-32.989874680447286,1.329807349802281,-51.17345558986701
039490.KS,KIWOOM,US,KSC,7509649129472.0,2026-08-05,292500.0,2026-07-03,348500.0,-16.068866571018646,2026-05-04,422500.0,-30.76923076923077,2026-02-05,430000.0,-31.976744186046517,2025-08-05,197582.921875,48.039110477902994,2024-08-05,107305.4296875,172.58639274063995,2021-08-05,99126.859375,195.07643220437697,KRW,204.7702703566756,225.98614005255513,287.0771149173379,294.49835477862507,142.8045351866358,79.06557237298102,86.64480491735958,-9.388128710435772,-28.67063944973881,-30.468110590769925,43.391993881045025,158.9879061277137,136.3330040987249
000880.KS,Hanwha,US,KSC,7443327746048.0,2026-08-05,83800.0,2026-07-03,104900.0,-20.11439466158246,2026-05-04,139900.0,-40.10007147962831,2026-02-05,117330.9453125,-28.578091843710503,2025-08-05,89112.109375,-5.961153217286864,2024-08-05,27363.048828125,206.25242284356307,2021-08-05,26936.71875,211.09950984657328,KRW,58.665807370562106,68.02280083647929,95.05819734185934,80.35760548640019,64.40644382639675,20.161841984754233,23.544847036646388,-13.755672143536923,-38.284325801402154,-26.99408224590418,-8.913139920142378,190.9744427861472,149.16622851383016
SPCX34.SA,SPACE X     DRN,US,SAO,7332168204288.0,2026-08-05,37.09999847412109,2026-07-03,55.79999923706055,-33.51254662835106,,,,,,,,,,,,,,,,BRL,7.212706205131893,10.685151526267873,,,,,,-32.49785754183724,,,,,
BAJFINANCE.NS,BAJAJ FINANCE LIMITED,US,NSI,7208794324992.0,2026-08-05,1158.800048828125,2026-07-03,1031.4000244140625,12.352144793329668,2026-05-05,952.7432861328124,21.62773180293902,2026-02-05,958.855712890625,20.85239032833581,2025-08-05,886.4508056640625,30.72355977611627,2024-08-05,651.6188354492188,77.83403207325357,2021-08-05,609.2991943359375,90.18571821534692,INR,12.185427583491446,10.796936160343193,10.001567457659801,10.639176086718635,10.085533277256218,7.781889528304589,8.213350990404706,12.860050319164973,21.835178686507927,14.533564292662348,20.820855462057498,56.58700292737564,48.361218188862765
5802.T,SUMITOMO ELECTRIC INDUSTRIES,US,JPX,6988082184192.0,2026-08-05,2371.5,2026-07-03,2664.0,-10.979729729729726,2026-05-01,2475.0,-4.181818181818187,2026-02-05,1831.4354248046875,29.488595004812,2025-08-05,957.3680419921876,147.7103784522768,2024-08-05,436.5401306152344,443.2490242438296,2021-08-05,318.1985778808594,645.2893145512242,JPY,15.038809214020148,16.500565767288208,15.766540810000151,11.671363324319714,6.521891751262218,2.9985447239885445,2.9051536522705135,-8.858826866203229,-4.615670645512992,28.852206859876084,130.58967838755686,401.5369320226821,417.6596839298539
064400.KS,LG CNS,US,KSC,6937034358784.0,2026-08-05,73300.0,2026-07-03,74200.0,-1.21293800539084,2026-05-04,65900.0,11.229135053110785,2026-02-05,69034.3671875,6.178998933841706,2025-08-05,68305.1328125,7.312579570280731,,,,,,,KRW,51.315079716732726,48.11526999110356,44.77723520249128,47.280250139307554,49.36804582898867,,,6.650299844978114,14.60082223629049,8.533858356368373,3.943915249326646,,
8750.T,DAIICHI LIFE GROUP INC,US,JPX,6915251765248.0,2026-08-05,1913.5,2026-07-03,1843.0,3.825284861638623,2026-05-01,1423.0,34.46943078004217,2026-02-05,1392.5267333984375,37.41208366823494,2025-08-05,1141.0599365234375,67.69495963814312,2024-08-05,791.967041015625,141.61359007391417,2021-08-05,437.9934387207031,336.8786906007029,JPY,12.134413422318175,11.415368884801865,9.064964675810188,8.874288017036974,7.773258622903484,5.439931923471477,3.998880971260661,6.2989163536679715,33.86057040794428,36.73675453199592,56.10458896304809,123.0618616744497,203.44522654028285
267270.KS,HD CE,US,KSC,6789657001984.0,2026-08-05,141900.0,2026-07-03,118800.0,19.444444444444443,2026-05-04,191100.0,-25.745682888540035,2026-02-05,126408.140625,12.255428565283522,2025-08-05,99213.953125,43.0242375497524,2024-08-05,51166.92578125,177.3275858054363,2021-08-05,53060.26953125,167.43173612495048,KRW,99.33983372175135,77.0363082876429,129.8471873626113,86.57439405741297,71.70762698310409,37.701188888968545,46.378920217835,28.9519655469862,-23.494812833846833,14.74505227939893,38.5345435362936,163.49257582913629,114.19177776275662
047040.KS,DWEC,US,KSC,6738525814784.0,2026-08-05,16230.0,2026-07-03,18380.0,-11.697497279651792,2026-05-04,32150.0,-49.51788491446345,2026-02-05,5430.0,198.89502762430936,2025-08-05,3765.0,331.07569721115533,2024-08-05,3640.0,345.8791208791209,2021-08-05,7300.0,122.32876712328768,KRW,11.362124744919129,11.918580356286839,21.845039632171392,3.718897828948684,2.721181921369862,2.6820514514110982,6.380783976055682,-4.6688078171507215,-47.987621280457546,205.5239823066382,317.5437391998899,323.6355994938581,78.06784852075013
6723.T,RENESAS ELECTRONICS CORP,US,JPX,6736476372992.0,2026-08-05,3813.0,2026-07-03,4820.0,-20.892116182572614,2026-05-01,3205.0,18.970358814352583,2026-02-05,2766.5,37.82757997469728,2025-08-05,1835.916748046875,107.68915606093952,2024-08-05,1815.410888671875,110.03509584486017,2021-08-05,1178.4661865234375,223.5561650902036,JPY,24.18004618724808,29.85462725162506,20.416874059010297,17.63033858546987,12.506841433911973,12.469851819640326,10.759398639228834,-19.007375361111222,18.431676256420037,37.150208829092946,93.33455465170061,93.90804748107679,124.73417890742967
009830.KS,HANWHA SOLUTIONS,US,KSC,6727490076672.0,2026-08-05,30150.0,2026-07-03,32700.0,-7.798165137614676,2026-05-04,47358.10546875,-36.33613570142716,2026-02-05,36400.0,-17.170329670329664,2025-08-05,30150.0,0.0,2024-08-05,22573.189453125,33.56552941979618,2021-08-05,42288.2734375,-28.70363921440249,KRW,21.107089405995794,21.204438392305747,32.17852848738403,24.92962817195803,21.79113809543196,16.632542729596594,36.96333390754262,-0.45909721591719244,-34.40629389168285,-15.333316404060927,-3.13911410427693,26.902360926673087,-42.89722496679676
021240.KS,COWAY,US,KSC,6690298134528.0,2026-08-05,92800.0,2026-07-03,95400.0,-2.725366876310276,2026-05-04,86036.7265625,7.860914411459996,2026-02-05,80808.3203125,14.839659630501,2025-08-05,104558.4296875,-11.245797897542186,2024-08-05,51504.078125,80.17990687023872,2021-08-05,74160.4609375,25.13406581737509,KRW,64.96643107384443,61.86248998856172,58.45958636330033,55.34399391733814,75.57038740835242,37.949611947457925,64.82217545300045,5.017484886005441,11.130500770407359,17.38659694650584,-14.031893573878884,71.19129218973804,0.22254054239287946
6146.T,DISCO CORPORATION,US,JPX,6668595757056.0,2026-08-05,63740.0,2026-07-03,76590.0,-16.777647212429827,2026-05-01,72250.0,-11.778546712802774,2026-02-05,64801.6875,-1.638363970074086,2025-08-05,41478.69921875,53.66923553665111,2024-08-05,36846.0,72.99028388427509,2021-08-05,10247.3251953125,522.0159776832006,JPY,404.2056501377374,474.391265809536,460.2555852616206,412.96789862093283,282.5659249340806,253.0910016093403,93.55809952209256,-14.794879402349181,-12.178002161999412,-2.1217747220682592,43.04826395186679,59.70763384217459,332.03704671479494
6178.T,JAPAN POST HLDGS CO LTD,US,JPX,6660793303040.0,2026-08-05,2357.0,2026-07-03,2271.5,3.764032577591903,2026-05-01,1811.5,30.113165884626003,2026-02-05,1911.4022216796875,23.31261171857033,2025-08-05,1376.5081787109375,71.230366550184,2024-08-05,1136.8511962890625,107.32704576410504,2021-08-05,768.8292236328125,206.57003240106891,JPY,14.946857818868011,14.06945763528347,11.539833809016272,12.180975362816639,9.377205988199364,7.808902131834543,7.0194123489937965,6.23620473744626,29.524030122424925,22.70657622783181,59.39564341103001,91.4079286246164,112.93602762930122
GE.MX,GE AEROSPACE,US,MEX,6543906439168.0,2026-08-04,6307.0,2026-07-03,6548.52978515625,-3.688305514067181,2026-05-04,4914.6474609375,28.33066969969196,2026-02-04,5335.1806640625,18.215303232065303,2025-08-04,5171.5390625,21.95595786433257,2024-08-02,3095.69775390625,103.73435979147598,2021-08-04,1585.7469482421875,297.7305462886974,MXN,364.00259959325194,374.7091725194314,281.6965828725406,309.4939733720821,274.0903340849036,163.58753863497986,79.8358181497415,-2.8573020655436987,29.217967744377084,17.61217694395556,32.80388044639935,122.51242523152519,355.93896076886455
6301.T,KOMATSU,US,JPX,6473221931008.0,2026-08-05,7157.0,2026-07-03,6627.0,7.997585634525417,2026-05-01,6514.0,9.871046975744546,2026-02-05,7055.7724609375,1.434676920534517,2025-08-05,4595.5166015625,55.73874757772788,2024-08-05,3217.6005859375,122.43282871340888,2021-08-05,2233.82861328125,220.391634230486,JPY,45.38594035198912,41.04701551795006,41.49626134801656,44.96499456655056,31.306102253164227,22.10133406811383,20.3948597056592,10.570621954577009,9.373564937214462,0.9361633188135654,44.97474002022015,105.35384973646727,122.53617336428823
032640.KS,LG Uplus,US,KSC,6417347510272.0,2026-08-05,14920.0,2026-07-03,14200.0,5.070422535211261,2026-05-04,15990.0,-6.691682301438395,2026-02-05,15280.6953125,-2.36046400457276,2025-08-05,14374.37890625,3.7957890028400776,2024-08-05,8661.216796875,72.26216996881077,2021-08-05,11521.8359375,29.49325160446028,KRW,10.445033961441368,9.208043583203107,10.864764656871557,10.465440998615577,10.389189909855986,6.3818211761112025,10.071006318457876,13.433802382242433,-3.8632285989252946,-0.19499452700472153,0.5375207506064017,63.66854653558478,3.7139053551975554
326030.KS,SKBP,US,KSC,6406023938048.0,2026-08-05,82000.0,2026-07-03,86200.0,-4.872389791183296,2026-05-04,99300.0,-17.421953675730105,2026-02-05,111500.0,-26.45739910313901,2025-08-05,111400.0,-26.391382405745063,2024-08-05,77400.0,5.943152454780365,2021-08-05,127500.0,-35.68627450980392,KRW,57.40568262990564,55.89671527268365,67.47161541134119,76.36410827399231,80.51518354332075,57.03043470857665,111.44519958179444,2.6995635608652924,-14.91876653622196,-24.82635635063578,-28.702040902609593,0.6579783640901393,-48.489766409567835
2454.TW,MEDIATEK INC,US,TAI,6384376086528.0,2026-08-05,4000.0,2026-07-03,4170.083984375,-4.078670477915846,2026-05-05,3136.26123046875,27.54039622529003,2026-02-05,1759.4871826171875,127.33896782641594,2025-08-05,1306.7105712890625,206.11216346509104,2024-08-05,928.30126953125,330.8945954603529,2021-08-05,704.8126220703125,467.5267262170225,TWD,123.47546219825745,130.59712725344434,99.25505986548706,55.57954512489641,43.725946355026736,28.48519603649129,25.43100144418986,-5.4531559805034435,24.40218399504719,122.15990059074375,182.38488241218525,333.4723975221297,385.53126179176667
4578.T,OTSUKA HLDGS CO LTD,US,JPX,6307347693568.0,2026-08-05,11805.0,2026-07-03,11300.0,4.469026548672561,2026-05-01,11117.0166015625,6.1885614018135415,2026-02-05,9394.9697265625,25.652347411227904,2025-08-05,7293.0009765625,61.86752254576271,2024-08-05,6845.09912109375,72.45915349307211,2021-08-05,3943.682861328125,199.339485833412,JPY,74.86111860489473,69.99113857746124,70.81894785211489,59.872220234786255,49.68221292619501,47.018210733127944,36.0058324090744,6.957995149691332,5.707753186648223,25.034812992286206,50.67991982584197,59.21728504260013,107.91386727120296
6701.T,NEC CORP,US,JPX,6236469723136.0,2026-08-05,4631.0,2026-07-03,4168.0,11.108445297504788,2026-05-01,4035.0,14.770755885997522,2026-02-05,4372.755859375,5.905752548963728,2025-08-05,4418.3427734375,4.813054067261757,2024-08-05,1927.7545166015625,140.22768252484695,2021-08-05,1068.529541015625,333.3993420152229,JPY,29.367373168934137,25.816200494766235,25.70423925993964,27.86667860198031,30.099138496797877,13.241527478250532,9.75567684593102,13.755597671655195,14.251088592625782,5.385265278249496,-2.4311836298623324,121.78236776059728,201.0285563239308
8630.T,SOMPO HOLDINGS INC,US,JPX,6232732598272.0,2026-08-05,6962.0,2026-07-03,6635.0,4.928409947249435,2026-05-01,5705.0,22.033304119193687,2026-02-05,5611.60693359375,24.064284658324063,2025-08-05,4354.595703125,59.87706952918366,2024-08-05,2364.7314453125,194.40975269307884,2021-08-05,1294.28759765625,437.9020870328264,JPY,44.149352624081075,41.09656676650047,36.34267285699025,35.76162307891855,29.664873434875517,16.243072518896042,11.816848354449121,7.42832333154666,21.480752936941094,23.454554975462205,48.827038554551436,171.80419574388304,273.61360068108644
036930.KQ,JEL,US,KOE,6173248454656.0,2026-08-05,142900.0,2026-07-03,192600.0,-25.804776739356186,2026-05-04,126600.0,12.87519747235386,2026-02-05,44150.0,223.6693091732729,2025-08-05,27048.611328125,428.3080830527272,2024-08-05,22932.2421875,523.140113520572,2021-08-05,14738.478515625,869.5709082080931,KRW,100.03990302211605,124.89219676936045,86.02121360599995,30.23744735692162,19.54958622689344,16.89710259425692,12.882609252594648,-19.89899640658844,16.29678172215221,230.84771290793512,411.72388950358396,492.0535929995368,676.5500067617692
6702.T,FUJITSU,US,JPX,6171977580544.0,2026-08-05,3483.0,2026-07-03,3326.0,4.720384846662662,2026-05-01,3075.0,13.26829268292682,2026-02-05,3901.734130859375,-10.732000613459192,2025-08-05,3451.977783203125,0.8986795033219863,2024-08-05,2115.5244140625,64.6400285833383,2021-08-05,1732.209228515625,101.07270776894968,JPY,22.087359263096005,20.600931584835052,19.58873252151534,24.864953478234156,23.515956708733142,14.531297641103265,15.81507371979228,7.215342044799344,12.755428350641317,-11.170719533296348,-6.075013078700719,51.99853315659604,39.660172658278995
241560.KS,Doosan Bobcat,US,KSC,6154397155328.0,2026-08-05,63900.0,2026-07-03,63999.37890625,-0.155281047954503,2026-05-04,73137.796875,-12.630674247391326,2026-02-05,60469.52734375,5.673060146061437,2025-08-05,54218.58203125,17.856272897675396,2024-08-05,32246.173828125,98.16304514325556,2021-08-05,37672.76953125,69.61853560300155,KRW,44.73442829330452,41.50063875117462,49.69511885984684,41.4143635278499,39.18688585013183,23.75986190059814,32.92901426830667,7.79214402341788,-9.982249122962683,8.016698755304974,14.156630012369376,88.27730767314921,35.851100578981644
007660.KS,ISUPETASYS,US,KSC,6100305838080.0,2026-08-05,84700.0,2026-07-03,110100.0,-23.069936421435056,2026-05-04,149000.0,-43.15436241610738,2026-02-05,119760.0,-29.2752171008684,2025-08-05,66167.3984375,28.00865985384844,2024-08-05,33057.80859375,156.2178305310099,2021-08-05,3287.889892578125,2476.1203314988265,KRW,59.29586974089034,71.39476045849733,101.24139674007893,82.02121620532125,47.82298231399773,24.357896571246556,2.8738787865202653,-16.946468676283644,-41.431201415441755,-27.706668488727637,23.990321957680404,143.43592053382207,1963.269683433192
6367.T,DAIKIN INDUSTRIES,US,JPX,6094169571328.0,2026-08-05,22265.0,2026-07-03,25695.0,-13.348900564312128,2026-05-01,22855.0,-2.5814920148763965,2026-02-05,17773.5078125,25.27071321476091,2025-08-05,18179.849609375,22.470760090987586,2024-08-05,16956.869140625,31.30372013462004,2021-08-05,23542.701171875,-5.427164718895517,JPY,141.1929526249878,159.1524164378643,145.5936526111327,113.26692954486498,123.84684468874093,116.47481395427712,214.9449087713856,-11.28444306083669,-3.0225905506325645,24.655054385544496,14.006095980759238,21.221874353380766,-34.31202747157879
6954.T,FANUC CORPORATION,US,JPX,6032866148352.0,2026-08-05,6460.0,2026-07-03,7439.0,-13.160371017609895,2026-05-01,6820.0,-5.278592375366564,2026-02-05,6498.12158203125,-0.5866554134146162,2025-08-05,4332.6123046875,49.10173229695296,2024-08-05,3523.6337890625,83.33346728743768,2021-08-05,4506.8310546875,43.33796678002901,JPY,40.965931909158826,46.076467245817184,43.445579120889306,41.411199588201725,29.515115621113637,24.203441485597978,41.147376540425284,-11.091421808433655,-5.7074787858869325,-1.0752349206753165,38.796447335797836,69.25664035643528,-0.44096281834200557
6762.T,TDK CORP,US,JPX,5691614953472.0,2026-08-05,3150.0,2026-07-03,3699.0,-14.841849148418495,2026-05-01,2775.5,13.493064312736449,2026-02-05,2135.073486328125,47.53590544638977,2025-08-05,1782.821044921875,76.68626971688211,2024-08-05,1513.46142578125,108.1321628910342,2021-08-05,742.2962646484375,324.358864515085,JPY,19.975647912360728,22.911258548498154,17.68082182551734,13.606386578284628,12.145136830196748,10.395795151388938,6.777166380415451,-12.812961059836049,12.97918224327923,46.81082150231748,64.47445748568919,92.15122673605075,194.74926231833473
000100.KS,Yuhan,US,KSC,5674596564992.0,2026-08-05,75100.0,2026-07-03,70400.0,6.6761363636363535,2026-05-04,90500.0,-17.016574585635357,2026-02-05,106830.234375,-29.701548967513435,2025-08-05,114290.453125,-34.290224645567925,2024-08-05,82003.578125,-8.418630360832202,2021-08-05,52073.1640625,44.22015898604204,KRW,52.57520445738919,45.65114565193653,61.49225775152445,73.16587968384283,82.60428016704373,60.42247684919221,45.51611107294775,15.167327580877355,-14.501099195555556,-28.1424556301763,-36.35292947160759,-12.987339812945663,15.508999380742283
377300.KS,kakaopay,US,KSC,5626206879744.0,2026-08-05,41550.0,2026-07-03,40600.0,2.339901477832518,2026-05-04,56000.0,-25.803571428571427,2026-02-05,67800.0,-38.71681415929204,2025-08-05,61800.0,-32.76699029126213,2024-08-05,22600.0,83.84955752212389,,,,KRW,29.087879430153407,26.327223202679306,38.05045783519745,46.434856869746,44.666412414517254,16.65229747304693,,10.485937716337478,-23.554456148365908,-37.35766320601018,-34.877511181759004,74.67787539367741,
LT.NS,LARSEN & TOUBRO LTD.,US,NSI,5581888815104.0,2026-08-05,4057.0,2026-07-03,4026.60009765625,0.7549769434874953,2026-05-05,4015.28125,1.0389994474235165,2026-02-05,4023.996337890625,0.820171275967807,2025-08-05,3617.26904296875,12.156434918381295,2024-08-05,3461.590087890625,17.200474261589925,2021-08-05,1546.6820068359375,162.30343290146917,INR,42.66161341313273,42.151389537075374,42.151025221450254,44.649059327253326,41.155230580810894,41.339676189176544,20.849267996377876,1.2104556496496333,1.2113304219766308,-4.451260438778116,3.6602463673820473,3.1977445055612064,104.61923852935406
4062.T,IBIDEN CO LTD,US,JPX,5395138478080.0,2026-08-05,20330.0,2026-07-03,23345.0,-12.914971085885629,2026-05-01,13375.0,52.0,2026-02-05,7102.09326171875,186.25363327149572,2025-08-05,3423.253662109375,493.8794493970644,2024-08-05,2108.693359375,864.1041410603982,2021-08-05,2920.87353515625,596.0246568467903,JPY,128.92219747882336,144.5967371761799,85.20302356919274,45.26018755455834,23.320278975398992,14.48437589999412,26.667581216081544,-10.840175237328008,51.31176345417674,184.84680343716136,452.832998330877,790.0776834911865,383.4416606222932
353200.KS,DaeduckElectronics,US,KSC,5326386495488.0,2026-08-05,106300.0,2026-07-03,129600.0,-17.978395061728392,2026-05-04,114400.0,-7.080419580419584,2026-02-05,58265.90625,82.43945188786968,2025-08-05,22719.7265625,367.87534923705135,2024-08-05,18051.806640625,488.8607279937031,2021-08-05,15188.9130859375,599.8525793028388,KRW,74.41736662876792,84.03960904106498,77.73164957761765,39.90514774490839,16.42085237193669,13.301064340956259,13.276325100335953,-11.449651565603137,-4.263749665495387,86.48563113831106,353.1882081587161,459.48429930997395,460.5268481026035
NVDA,NVIDIA Corporation,US,NMS,5309727768576.0,2026-08-05,219.22000122070312,2026-07-02,194.8300018310547,12.518605533247417,2026-05-05,196.271240234375,11.692370700324783,2026-02-05,171.67062377929688,27.698027999558427,2025-08-05,178.02288818359375,23.141469873594623,2024-08-05,100.2847137451172,118.59762373941749,2021-08-05,20.565866470336918,965.9409927458884,USD,219.22000122070312,194.8300018310547,196.271240234375,171.67062377929688,178.02288818359375,100.2847137451172,20.565866470336918,12.518605533247417,11.692370700324783,27.698027999558427,23.141469873594623,118.59762373941743,965.9409927458884
8308.T,RESONA HOLDINGS,US,JPX,5247020826624.0,2026-08-05,2283.0,2026-07-03,2245.5,1.6700066800267257,2026-05-01,1927.0,18.4743124026985,2026-02-05,1950.8499755859373,17.02591324657352,2025-08-05,1337.67529296875,70.66922084904905,2024-08-05,798.0643920898438,186.0671422792895,2021-08-05,363.0876770019531,528.7737493188785,JPY,14.477588629815727,13.908416077494621,12.275605713482946,12.432367829038752,9.112664175551572,5.481813937544587,3.3149912169990614,4.092288792266507,17.937875879429942,16.450774533873403,58.87328174188342,164.10215295086297,336.73082919724146
271560.KS,ORION,US,KSC,5229658505216.0,2026-08-05,130300.0,2026-07-03,134442.328125,-3.081119006767419,2026-05-04,140853.734375,-7.492690500418265,2026-02-05,118550.7578125,9.910727189178004,2025-08-05,105389.125,23.63704509359956,2024-08-05,78663.5546875,65.64214586746265,2021-08-05,109681.4921875,18.798529634564744,KRW,91.2190298375208,87.17963498607696,95.70623358510784,81.1930305431174,76.17077866108593,57.961456324935625,95.87039833148992,4.63341565044284,-4.6885177480072375,12.348349639540924,19.75593717295514,57.378774829502355,-4.851725428203757
175330.KS,JB Financial Group,US,KSC,5169631199232.0,2026-08-05,27486.0,2026-07-03,25854.63671875,6.309751318481771,2026-05-04,26724.330078125,2.850099215390478,2026-02-05,27206.025390625,1.029090450939152,2025-08-05,21116.478515625,30.163748560925608,2024-08-05,12070.3505859375,127.7150096371055,2021-08-05,5254.85595703125,423.05905670396936,KRW,19.242104789824225,16.76553674184038,18.158446335921326,18.632859808382705,15.262092849857595,8.89376409561936,4.593164477685718,14.771779073456548,5.967792804823779,3.269734156253512,26.077759971194038,116.35501664927182,318.92914750397586
2802.T,AJINOMOTO CO INC,US,JPX,5083995570176.0,2026-08-05,5333.0,2026-07-03,6167.0,-13.523593319280035,2026-05-01,4882.0,9.238017206063098,2026-02-05,3595.84765625,48.309953863885966,2025-08-05,3867.5009765625,37.89266072118902,2024-08-05,2756.48046875,93.47135089327848,2021-08-05,1383.142822265625,285.5711727053901,JPY,33.8190889894031,38.19781872630119,31.099899892695248,22.915601547607366,26.34663119165134,18.933952199764462,12.62809673279321,-11.46329786073127,8.743401445309917,47.581065760563334,28.362099668057805,78.61611053303392,167.80828263359885
051900.KS,LG H&H,US,KSC,5077081260032.0,2026-08-05,292500.0,2026-07-03,245000.0,19.387755102040828,2026-05-04,279500.0,4.651162790697683,2026-02-05,265423.21875,10.201361198736492,2025-08-05,292320.875,0.0612768417582287,2024-08-05,321127.40625,-8.914656828671097,2021-08-05,1403301.0,-79.15628934918453,KRW,204.7702703566756,158.87117449892685,189.91255294531584,181.7830261440049,211.27709967835835,236.61544670898184,1226.5973334771115,28.89076385474749,7.823451994580877,12.645429389243779,-3.079760812500998,-13.45862106436071,-83.30582785662834
001440.KS,Taihan Cable & Solution,US,KSC,5044751040512.0,2026-08-05,28450.0,2026-07-03,32900.0,-13.525835866261392,2026-05-04,60700.0,-53.13014827018122,2026-02-05,31800.0,-10.534591194968556,2025-08-05,16450.0,72.94832826747721,2024-08-05,11580.0,145.68221070811745,2021-08-05,23641.669921875,20.33836904928608,KRW,19.9169715953758,21.334129146998748,41.24397840350866,21.779180655721575,11.889360586064868,8.53246038663201,20.664710767766792,-6.642678226321285,-51.70938312371571,-8.550409171873774,67.51928290172167,133.425889988076,-3.6184352193176172
6971.T,KYOCERA CORP,US,JPX,5002470359040.0,2026-08-05,3866.0,2026-07-03,3916.0,-1.2768130745658857,2026-05-01,2746.5,40.76096850537048,2026-02-05,2551.38037109375,51.525818878299454,2025-08-05,1819.7342529296875,112.44860307354875,2024-08-05,1426.615966796875,170.99093869530836,2021-08-05,1480.301513671875,161.16301066330877,JPY,24.51614439021796,24.25533616542816,17.496082559460774,16.25942519526643,12.396601195267692,9.799263527886296,13.515155779595034,1.075261225039359,40.12362085569367,50.78112599795526,97.76504869396629,150.1835400226868,81.3974236777355
029780.KS,SAMSUNG CARD,US,KSC,4994060779520.0,2026-08-05,46550.0,2026-07-03,49850.0,-6.619859578736209,2026-05-04,52500.0,-11.333333333333329,2026-02-05,55447.296875,-16.046403299078772,2025-08-05,47825.67578125,-2.667345020036549,2024-08-05,35247.84375,32.06481602154743,2021-08-05,25144.130859375,85.13266678551274,KRW,32.58822593197692,32.325420607230626,35.67230422049761,37.97473885258023,34.56636502343531,25.971574310109645,21.977981819088654,0.8129989333766297,-8.64558193229511,-14.184463365275569,-5.72272812057979,25.476513448365324,48.276698926344984
058470.KQ,LEENO,US,KOE,4986341163008.0,2026-08-05,66900.0,2026-07-03,78600.0,-14.885496183206104,2026-05-04,120800.0,-44.61920529801324,2026-02-05,95700.0,-30.094043887147336,2025-08-05,45397.70703125,47.364270961854224,2024-08-05,32843.9921875,103.69022017202064,2021-08-05,33891.2734375,97.39594655058468,KRW,46.83463619439863,50.96846659434959,82.08027333021164,65.54300593561493,32.81153244225311,24.200350801268996,29.623684175085145,-8.110564582708568,-42.940448058717664,-28.54365538192458,42.738338347425795,93.5287491450031,58.09862108167041
LICI.NS,LIFE INSURA CORP OF INDIA,US,NSI,4971448238080.0,2026-08-05,393.0,2026-07-03,430.25,-8.657757117954679,2026-05-05,390.4718933105469,0.6474490821910539,2026-02-05,410.258056640625,-4.206634424669586,2025-08-05,435.9068298339844,-9.843119423094493,2024-08-05,534.05859375,-26.412568845588392,,,,INR,4.132613771595061,4.503957410342991,4.099038049501587,4.552100641332345,4.959500076014365,6.377938684567198,,-8.244830155257876,0.819112232870256,-9.215237157289769,-16.672775314963197,-35.20455470048945,
062040.KS,SANIL ELECTRIC,US,KSC,4913259610112.0,2026-08-05,167200.0,2026-07-03,221000.0,-24.34389140271493,2026-05-04,333500.0,-49.86506746626687,2026-02-05,146700.0,13.974096796182687,2025-08-05,126075.015625,32.61945610010706,2024-08-05,45275.55078125,269.2942374303322,,,,KRW,117.05158702097833,143.30828393576667,226.60406585782766,100.47188057214953,91.12166089114817,33.36026282590342,,-18.32182773646013,-48.34532797199809,16.50183748369556,28.45638004865325,250.87129748297627,
HINDUNILVR.NS,HINDUSTAN UNILEVER LTD.,US,NSI,4899602956288.0,2026-08-05,2085.300048828125,2026-07-03,2201.199951171875,-5.265305511298379,2026-05-05,2303.965087890625,-9.490813910843451,2026-02-05,2330.693115234375,-10.528759226268756,2025-08-05,2489.60693359375,-16.239787868119716,2024-08-05,2609.459716796875,-20.08690398992473,2021-08-05,2161.852294921875,-3.541048862291329,INR,21.92809083891848,23.042674797738982,24.186223699527545,25.860673429506733,28.325332230069762,31.16319869832364,29.14176130982287,-4.837042438015359,-9.336442466846018,-15.206806587260878,-22.584876813413203,-29.634659615034785,-24.753721623795144
5108.T,BRIDGESTONE CORP,US,JPX,4879013642240.0,2026-08-05,3920.0,2026-07-03,3515.0,11.522048364153626,2026-05-01,3175.00341796875,23.464434016511127,2026-02-05,3607.3779296875,8.666185700692086,2025-08-05,2999.55224609375,30.68617174796433,2024-08-05,2349.4482421875,66.84768489942161,2021-08-05,2025.73681640625,93.50983643345435,JPY,24.858584068715572,21.771579831838608,20.22578624698758,22.989081621594778,20.43389187148,16.138093927279442,18.494981184123844,14.179054807784564,22.905402861250934,8.132131930684338,21.65369291892556,54.036679800798694,34.40718766480426
128940.KS,HanmiPharm,US,KSC,4862861901824.0,2026-08-05,380000.0,2026-07-03,461500.0,-17.65980498374865,2026-05-04,445000.0,-14.60674157303371,2026-02-05,539029.125,-29.50288168566031,2025-08-05,281470.84375,35.00510210482501,2024-08-05,262578.125,44.71883368045224,2021-08-05,303661.34375,25.139405400526883,KRW,266.0263341385871,299.261416454101,302.36524529755116,369.1702104424694,203.43515840776126,193.4747366112788,265.42430634897755,-11.105702402037277,-12.018216949240879,-27.939382264960944,30.767137903158993,37.499261556342574,0.22681712835221912
001040.KS,CJ,US,KSC,4858632470528.0,2026-08-05,137800.0,2026-07-03,155100.0,-11.154094132817535,2026-05-04,224500.0,-38.619153674832965,2026-02-05,207078.078125,-33.45505171396327,2025-08-05,141659.109375,-2.724222531135756,2024-08-05,106019.4765625,29.976118037863465,2021-08-05,89897.0,53.28653903912255,KRW,96.46954959025607,100.57518026442267,152.5415675714612,141.82361236867928,102.38518125593782,78.11804697590605,78.57716946513392,-4.082150947552343,-36.75851695632868,-31.979204323552636,-5.777820181705917,23.492014105281168,22.770456414902185
6902.T,DENSO CORP,US,JPX,4804737761280.0,2026-08-05,1919.0,2026-07-03,1955.5,-1.8665302991562216,2026-05-01,1895.5,1.2397784225797848,2026-02-05,2051.081298828125,-6.439593540421285,2025-08-05,2017.8817138671875,-4.900273053056448,2024-08-05,1768.419189453125,8.514995281941129,2021-08-05,1688.412841796875,13.657036507595222,JPY,12.16929153772071,12.112183317542076,12.074940648628399,13.07112154876745,13.746443924854418,12.147071158982499,15.415212621481942,0.47149402119701644,0.7813776633595948,-6.899408039945731,-11.473166411293612,0.18292787164402302,-21.056609230532853
4568.T,DAIICHI SANKYO COMPANY LIMITED,US,JPX,4790237003776.0,2026-08-05,2585.0,2026-07-03,2649.5,-2.434421588979052,2026-05-01,2616.5,-1.20389833747373,2026-02-05,2894.94677734375,-10.706475841609109,2025-08-05,3477.535888671875,-25.66575636442241,2024-08-05,4706.20654296875,-45.07253397405416,2021-08-05,1871.8885498046875,38.0958284225692,JPY,16.392714239191264,16.41075412929058,16.667941021965817,18.448903622441776,23.690066549383005,32.32639981925831,17.090346202441538,-0.10992724622641559,-1.6512344410857027,-11.145320206179111,-30.803426807519017,-49.29000961800462,-4.082023587975114
4661.T,ORIENTAL LAND CO,US,JPX,4788792590336.0,2026-08-05,2860.5,2026-07-03,2543.5,12.4631413406723,2026-05-01,2223.0,28.6774628879892,2026-02-05,2731.921875,4.70650812443163,2025-08-05,3145.4501953125,-9.05912278430434,2024-08-05,3561.713623046875,-19.687535194000816,2021-08-05,2945.68408203125,-2.8918268103112377,JPY,18.13979074708186,15.754200085997581,14.161220291163772,17.40997926813725,21.427794518946484,24.465007553128316,26.89410155865744,15.142569270810547,28.094827805204137,4.191914692743315,-15.344573931569883,-25.85413796546184,-32.551043924936366
034220.KS,LG Display,US,KSC,4779999756288.0,2026-08-05,9800.0,2026-07-03,11070.0,-11.47244805781391,2026-05-04,12310.0,-20.389926888708366,2026-02-05,11450.0,-14.41048034934498,2025-08-05,10780.0,-9.090909090909092,2024-08-05,10080.0,-2.777777777777779,2021-08-05,20557.349609375,-52.32848501282093,KRW,6.860679143574089,7.1783832722576335,8.36430599913001,7.841874795849435,7.791325660655275,7.427219403907657,17.968768079133497,-4.425845160864828,-17.976707878840358,-12.512258583810542,-11.944649185706302,-7.6278918061245875,-61.81886752970475
MCN.MX,LVMH MOET HENNESSY LOUIS VUITTO,US,MEX,4760641470464.0,2026-08-04,9654.5302734375,2026-07-03,9714.5498046875,-0.6178313195845608,2026-05-04,9938.4697265625,-2.8569735677326347,2026-02-04,10392.1513671875,-7.097867108431344,2025-08-04,10018.3564453125,-3.631595400513332,2024-08-02,13271.220703125,-27.252130837036493,2021-08-04,16401.771484375,-41.13727116223512,MXN,557.2021749457745,555.8699491547632,569.6508209809217,602.8489794506604,530.9704967692778,701.2978985969676,825.7615422257077,0.23966501391863293,-2.185311699140724,-7.571847354951333,4.9403268799499855,-20.547006334893382,-32.522629542188966
6273.T,SMC CORP,US,JPX,4735276417024.0,2026-08-05,75790.0,2026-07-03,75800.0,-0.0131926121372027,2026-05-01,75230.0,0.7443838894058308,2026-02-05,63509.63671875,19.336220321387,2025-08-05,50629.69140625,49.69476979795313,2024-08-05,59352.76171875,27.69414228631817,2021-08-05,62748.3125,20.784124672675453,JPY,480.62043024692684,469.4980800151825,479.2391374288127,404.73392329360286,344.9053574676018,407.687399220511,572.8922185863485,2.3689873729376476,0.2882262132272828,18.749727311163443,39.34849657766573,17.889449408017555,-16.106308542138812
138930.KS,BNK Financial Group,US,KSC,4689041555456.0,2026-08-05,14940.0,2026-07-03,18780.0,-20.44728434504792,2026-05-04,18041.1875,-17.189486556802315,2026-02-05,17350.201171875,-13.89148833491326,2025-08-05,13815.9521484375,8.135869605553193,2024-08-05,7786.828125,91.86246004370362,2021-08-05,5486.138671875,172.32268255614383,KRW,10.459035347448662,12.177961865672842,12.258490076172166,11.882803953942698,9.985582792254775,5.737547712787091,4.795324072317726,-14.11505913045662,-14.67925264483635,-11.981756258981546,4.741361270982769,82.29103915142947,118.10904100989137
SUNPHARMA.BO,SUN PHARMACEUTICAL INDUSTRIES,US,BSE,4676303978496.0,2026-07-17,1933.0999755859373,,,,,,,,,,,,,,,,,,,INR,20.000579844672185,,,,,,,,,,,,
3382.T,SEVEN & I HOLDINGS CO LTD,US,JPX,4653538344960.0,2026-08-05,1990.0,2026-07-03,2024.0,-1.679841897233203,2026-05-01,1918.5,3.726869950482148,2026-02-05,2283.427490234375,-12.850309085324064,2025-08-05,1942.8623046875,2.4261984598070496,2024-08-05,1542.564453125,29.005954724845616,2021-08-05,1474.259765625,34.98299596858063,JPY,12.619536300189793,12.536465883255005,12.221457997569814,14.551816297922187,13.235388150634662,10.595700550626134,13.459994607846966,0.6626302636514536,3.257207959141506,-13.278617309155416,-4.6530698112947855,19.10053742925062,-6.24412068610487
8802.T,MITSUBISHI ESTATE CO,US,JPX,4629640249344.0,2026-08-05,3784.0,2026-07-03,4215.0,-10.225385527876629,2026-05-01,4383.0,-13.666438512434407,2026-02-05,4160.2041015625,-9.042924154158792,2025-08-05,2852.667236328125,32.647788421009835,2024-08-05,2012.3743896484373,88.03658103903152,2021-08-05,1567.9368896484375,141.336244142355,JPY,23.996143396943808,26.107314079999924,27.92111045261845,26.512129728974287,19.43326505759444,13.822771803970793,14.315266937482534,-8.086510456751373,-14.057345829189815,-9.489944254764392,23.47973089352895,73.59863663560273,67.62623779032194
8309.T,SUMITOMO MITSUI TRUST GP INC,US,JPX,4621504348160.0,2026-08-05,1661.0,2026-07-03,1581.5,5.02687322162505,2026-05-01,1332.0,24.699699699699696,2026-02-05,1312.726806640625,26.53051583905981,2025-08-05,947.85986328125,75.23687459980002,2024-08-05,667.1129760742188,148.98331460655135,2021-08-05,367.2970275878906,352.222554292939,JPY,10.53319085156545,9.795662447810173,8.485265599563718,8.365739407661977,6.457119051961172,4.5823234896925555,3.3534225962650055,7.529132487820189,24.135075419525222,25.908665549853936,63.125238466313924,129.86571932904195,214.10269804041903
000500.KS,GAONCABLE,US,KSC,4618506993664.0,2026-08-05,158900.0,2026-07-03,277500.0,-42.73873873873873,2026-05-04,160277.78125,-0.8596208652595139,2026-02-05,47405.5546875,235.1927871058096,2025-08-05,36026.0,341.0703380891579,2024-08-05,17985.24609375,783.5019502747804,2021-08-05,14166.9443359375,1021.6250747658828,KRW,111.2410118279513,179.9459221365396,108.90433852450224,32.467111308922995,26.038061062223278,13.252020711463729,12.383042658688055,-38.18086539157931,2.1456200323216157,242.6267608765635,327.22463689641916,739.4267881857571,798.3334297883855
4901.T,FUJIFILM HOLDINGS CORPORATION,US,JPX,4612923326464.0,2026-08-05,3828.0,2026-07-03,3621.0,5.716652858326432,2026-05-01,2875.5,33.12467396974439,2026-02-05,3083.7451171875,24.134772963703654,2025-08-05,3057.72314453125,25.19119027654264,2024-08-05,2648.810546875,44.51769699105805,2021-08-05,2419.229248046875,58.23221396196632,JPY,24.275168320164084,22.428133875131607,18.31785377743654,19.65207682172604,20.83017029946427,18.19437969879982,22.087567871766396,8.235346085036866,32.52190248437081,23.524696857113135,16.538501467692825,33.42124723144795,9.90421607801375
036570.KS,NC,US,KSC,4605336879104.0,2026-08-05,235000.0,2026-07-03,261000.0,-9.961685823754785,2026-05-04,267500.0,-12.149532710280376,2026-02-05,209447.5,12.19995464257153,2025-08-05,194423.0,20.870473143609548,2024-08-05,158165.828125,48.57823765464511,2021-08-05,775889.5,-69.7121819537447,KRW,164.5162855857052,169.24643487436697,181.7588834092021,143.44638177324669,140.52067800756777,116.54090354019081,678.1894916150486,-2.79482949946509,-9.486522749305115,14.688348044752232,17.076211073252257,41.16613188001359,-75.7418409427247
028300.KQ,HLB,US,KOE,4564283555840.0,2026-08-05,34900.0,2026-07-03,48350.0,-27.817993795243023,2026-05-04,60900.0,-42.692939244663386,2026-02-05,52300.0,-33.26959847036329,2025-08-05,47550.0,-26.603575184016822,2024-08-05,77200.0,-54.79274611398963,2021-08-05,32360.134765625,7.848747394813094,KRW,24.432418582728133,31.352739947033115,41.379872895777225,35.81921849981882,34.367118289810605,56.8830692442134,28.285346489794847,-22.072461213903715,-40.95579112998814,-31.789638060216983,-28.90757270745037,-57.04799528690412,-13.62163941833565
454910.KS,Doosan Robotics,US,KSC,4556844433408.0,2026-08-05,73000.0,2026-07-03,84600.0,-13.71158392434988,2026-05-04,107800.0,-32.28200371057513,2026-02-05,107800.0,-32.28200371057513,2025-08-05,61200.0,19.281045751633982,2024-08-05,59300.0,23.10286677908937,,,,KRW,51.105058926623315,54.85918923513964,73.24713133275509,73.83005266310647,44.23275792505592,43.69386018370278,,-6.843211430677954,-30.229269055660822,-30.780140223087006,15.536677620715423,16.961647956398252,
NESNN.MX,NESTLE SA,US,MEX,4546578350080.0,2026-08-04,1767.5699462890625,2026-07-03,1799.010009765625,-1.747631380920356,2026-05-04,1734.1600341796875,1.926576062812968,2026-02-04,1791.791259765625,-1.3517932596529558,2025-08-04,1880.0931396484373,-5.984979732462403,2024-08-02,1943.5545654296875,-9.054781495250577,2021-08-04,2481.548095703125,-28.77148142525777,MXN,102.01364442874956,102.93998412307246,99.39816836615182,103.94185902150275,99.64448697557826,102.70424726064812,124.93571103384784,-0.8998832690855996,2.631312131389718,-1.8550895769088527,2.3776101669849004,-0.6724189605770703,-18.34708940735783
AAPL,Apple Inc.,US,NMS,4538790051840.0,2026-08-05,311.0,2026-07-02,308.6300048828125,0.7679082006583959,2026-05-05,283.9184265136719,9.538505062482816,2026-02-05,275.3983459472656,12.927330384021808,2025-08-05,202.11813354492188,53.870409619074834,2024-08-05,207.4727935791016,49.89917214443223,2021-08-05,143.34698486328125,116.95608058768704,USD,311.0,308.6300048828125,283.9184265136719,275.3983459472656,202.11813354492188,207.4727935791016,143.34698486328125,0.7679082006583959,9.538505062482816,12.927330384021808,53.870409619074834,49.89917214443223,116.95608058768703
240810.KQ,WONIK IPS,US,KOE,4490919936000.0,2026-08-05,97700.0,2026-07-03,133100.0,-26.59654395191585,2026-05-04,122500.0,-20.24489795918367,2026-02-05,101900.0,-4.121687929342488,2025-08-05,30559.720703125,219.70187472953347,2024-08-05,30441.3046875,220.94550809485568,2021-08-05,47800.98828125,104.38907962562554,KRW,68.39677064563148,86.3091972481925,83.23537651449442,69.7892612835858,22.08726679932431,22.42998500548265,41.781887680085674,-20.753786587832213,-17.827282689445134,-1.9952792340013348,209.66606808826094,204.9345357516422,63.69957041991461
298380.KQ,ABL Bio,US,KOE,4490194845696.0,2026-08-05,80200.0,2026-07-03,96100.0,-16.545265348595215,2026-05-04,132500.0,-39.471698113207545,2026-02-05,186100.0,-56.9048898441698,2025-08-05,75300.0,6.507304116865864,2024-08-05,25050.0,220.1596806387226,2021-08-05,20900.0,283.73205741626793,KRW,56.145557889249176,62.316407629987225,90.03010112792253,127.4561484286096,54.423638427397236,18.457524411496706,18.26827193144709,-9.902447806969828,-37.636904562094486,-55.94911773071718,3.163918311248204,204.1879107811315,207.33918402320225
MARUTI.NS,MARUTI SUZUKI INDIA LTD.,US,NSI,4461372112896.0,2026-08-05,14190.0,2026-07-03,14366.0,-1.225114854517606,2026-05-05,13426.0,5.690451363026972,2026-02-05,15059.0,-5.770635500365229,2025-08-05,12537.0,13.184972481454892,2024-08-05,12070.208984375,17.562173267829007,2021-08-05,6778.41259765625,109.34104844704248,INR,149.21574915759265,150.3866406902671,140.94147567451,167.09015812911093,142.63885811716318,144.14720353379926,91.37297790621415,-0.7785874644849478,5.870715801352366,-10.697463675692187,4.610869104846049,3.516228896251139,63.30402333034251
GOOGL,Alphabet Inc.,US,NMS,4432495378432.0,2026-08-05,362.4299926757813,2026-07-02,359.9100036621094,0.7001719841156939,2026-05-05,388.1981201171875,-6.637880532143603,2026-02-05,330.81939697265625,9.555242525799578,2025-08-05,194.11622619628903,86.70772648819909,2024-08-05,158.03146362304688,129.34040118763127,2021-08-05,135.053955078125,168.35940677644388,USD,362.4299926757813,359.9100036621094,388.1981201171875,330.81939697265625,194.11622619628903,158.03146362304688,135.053955078125,0.7001719841157161,-6.637880532143592,9.555242525799601,86.70772648819916,129.3404011876313,168.35940677644393
TITAN.BO,TITAN COMPANY LIMITED,US,BSE,4358080823296.0,2026-07-17,4636.4501953125,,,,,,,,,,,,,,,,,,,INR,47.97045858897491,,,,,,,,,,,,
ADANIENT.NS,ADANI ENTERPRISES LIMITED,US,NSI,4340068909056.0,2026-08-05,3050.0,2026-07-03,3212.10009765625,-5.046545647021661,2026-05-05,2460.899658203125,23.938413735528677,2026-02-05,2235.6005859375,36.4286634734881,2025-08-05,2327.159423828125,31.061068217785383,2024-08-05,3035.33740234375,0.4830631891179049,2021-08-05,1429.1597900390625,113.4121055782458,INR,32.072447845712304,33.6250134517195,25.833668204531932,24.805555177490533,26.4770968231187,36.249198244685886,19.265068928504206,-4.617293635395702,24.149801692064464,29.295424416930672,21.132796620315176,-11.522324909864434,66.47979804660112
2308.TW,DELTA ELECTRONIC,US,TAI,4285946658816.0,2026-08-05,1650.0,2026-07-03,2075.0,-20.48192771084337,2026-05-05,2153.738037109375,-23.389011496749323,2026-02-05,1144.0179443359375,44.22850691889868,2025-08-05,628.7124633789062,162.4411151533979,2024-08-05,343.0712585449219,380.949644979936,2021-08-05,261.4018249511719,531.2121196201324,TWD,50.9336281567812,64.98407227918506,68.1605842431427,36.137800598428385,21.038360024380154,10.527241936308599,9.431882999371055,-21.621366020338396,-25.27407339248947,40.94280037340256,142.09885227630443,383.8268984881067,440.01547898948274
M&M.BO,MAHINDRA & MAHINDRA LTD.,US,BSE,4158437982208.0,2026-07-17,3178.64990234375,,,,,,,,,,,,,,,,,,,INR,32.887508133569554,,,,,,,,,,,,
087010.KQ,PEPTRON,US,KOE,4151269130240.0,2026-08-05,171500.0,2026-07-03,180700.0,-5.091311566131706,2026-05-04,267500.0,-35.88785046728972,2026-02-05,274000.0,-37.40875912408759,2025-08-05,295000.0,-41.86440677966101,2024-08-05,53700.0,219.36685288640595,2021-08-05,11900.0,1341.1764705882354,KRW,120.06188501254655,117.17559686512686,181.7588834092021,187.65709118451923,213.2134573184885,39.56762718153186,10.401551960967481,2.463216083073938,-33.94441979364181,-36.020597860332245,-43.68934938604574,203.43463473742312,1054.2689539319401
222800.KQ,SIMMTECH,US,KOE,4088067784704.0,2026-08-05,103000.0,2026-07-03,129100.0,-20.216886134779244,2026-05-04,88200.0,16.780045351473927,2026-02-05,55100.0,86.93284936479128,2025-08-05,22255.17578125,362.8136888803079,2024-08-05,23538.369140625,337.5834170355997,2021-08-05,27461.771484375,275.0668454094602,KRW,72.1071379375644,83.71538215433247,59.92947109043598,37.73688220535405,16.08509481881697,17.34371349380865,24.003785128986692,-13.866321717755326,20.319997199294203,91.07868409789815,348.2854390961418,315.75374249179777,200.39903102818838
039030.KQ,EO Technics,US,KOE,4053131853824.0,2026-08-05,327000.0,2026-07-03,392500.0,-16.68789808917197,2026-05-04,475000.0,-31.157894736842103,2026-02-05,383500.0,-14.732724902216432,2025-08-05,213012.3125,53.51225295955604,2024-08-05,135256.171875,141.76345926912992,2021-08-05,113306.453125,188.59786091728836,KRW,228.92266121925786,254.51810608501546,322.7494191378355,262.6514396688435,153.95624271027555,99.66044288177272,99.0389041758499,-10.056433807191723,-29.07108498265255,-12.84164994188176,48.69332817510934,129.7026328598891,131.14417826432233
8801.T,MITSUI FUDOSAN,US,JPX,4042311335936.0,2026-08-05,1481.5,2026-07-03,1540.0,-3.798701298701301,2026-05-01,1693.0,-12.492616656822207,2026-02-05,1858.6217041015625,-20.29039601062116,2025-08-05,1380.6314697265625,7.3059706724934115,2024-08-05,1194.9583740234375,23.97921402163774,2021-08-05,774.7364501953125,91.22631956022092,JPY,9.394895994337276,9.538615345954895,10.784950945992023,11.844615921060381,9.405295141464705,8.20803375571461,7.073345339320554,-1.506710842245751,-12.888838888704711,-20.682138982382437,-0.11056694097332231,14.459763128975279,32.82111283484603
4503.T,ASTELLAS PHARMA,US,JPX,4041606430720.0,2026-08-05,2159.0,2026-07-03,2152.0,0.3252788104089132,2026-05-01,2207.0,-2.1748980516538285,2026-02-05,2384.817138671875,-9.4689498414807,2025-08-05,1519.945556640625,42.04456143625364,2024-08-05,1502.003662109375,43.74132729929276,2021-08-05,1493.46435546875,44.5632091649325,JPY,13.691245664376765,13.329285860061646,14.0592951788567,15.197951787173906,10.354346451333754,10.31709307018832,13.635332551518786,2.715522857827324,-2.617837592836325,-9.913876184741577,32.227038458938,32.70448925132023,0.41006050015077733
ADANIPOWER.NS,ADANI POWER LTD,US,NSI,4030308548608.0,2026-08-05,208.9900054931641,2026-07-03,221.7899932861328,-5.771219703521702,2026-05-05,229.9600067138672,-9.118977478025348,2026-02-05,153.4499969482422,36.19420635352324,2025-08-05,115.9000015258789,80.3192430903458,2024-08-05,138.1699981689453,51.25570548074021,2021-08-05,17.6299991607666,1085.4226627432045,INR,2.1976462463785684,2.3217494103451486,2.4140401230725956,1.7026352516762984,1.3186443226791766,1.650080696540229,0.237652326499024,-5.345243694845225,-8.963971834014117,29.07322600157116,66.65951603336566,33.184167961387324,824.7316358115238
214450.KQ,PharmaResearch,US,KOE,4000014401536.0,2026-08-05,378000.0,2026-07-03,341000.0,10.850439882697938,2026-05-04,339000.0,11.504424778761058,2026-02-05,336500.0,12.332838038632987,2025-08-05,558486.6875,-32.31709753153248,2024-08-05,128091.1484375,195.10235844628951,2021-08-05,86321.640625,337.8971452154325,KRW,264.6261955378577,221.12273675156757,230.34116439521313,230.46208461164497,403.65043223127213,94.38105785156904,75.45201935436125,19.67389668985804,14.88445681546493,14.824178555784219,-34.44174106910414,180.38062039316128,250.72115736894705
1605.T,INPEX CORPORATION,US,JPX,3982824570880.0,2026-08-05,3394.0,2026-07-03,3242.0,4.688463911165952,2026-05-01,4051.64013671875,-16.23145478194775,2026-02-05,3500.664306640625,-3.046973296990718,2025-08-05,2049.771240234375,65.57945264233112,2024-08-05,1644.8780517578125,106.33748479852194,2021-08-05,627.5307006835938,440.85003272394215,JPY,21.522967941127717,20.080643475055695,25.810242247681117,22.309017531228392,13.96368539296634,11.29848107378291,5.72935655194982,7.182660594834456,-16.61074803332613,-3.523461259557281,54.13529691788295,90.4943487586999,275.6611714766295
KOTAKBANK.NS,KOTAK MAHINDRA BANK LTD,US,NSI,3978586226688.0,2026-08-05,400.0,2026-07-03,396.0662231445313,0.9932118988175588,2026-05-05,370.7099914550781,7.901057219945784,2026-02-05,408.0455322265625,-1.9717241315352352,2025-08-05,399.9095764160156,0.0226110074169172,2024-08-05,353.7108459472656,13.086721705908788,2021-08-05,352.267578125,13.5500468504832,INR,4.206222668290138,4.146113656521494,3.8915844810787803,4.5275511324532545,4.549943792781278,4.224154641305319,4.748565710535331,1.4497675835320578,8.08509204261545,-7.097180236350075,-7.554403749700622,-0.42451033491612833,-11.42119695304904
6920.T,LASERTEC CORP,US,JPX,3944645918720.0,2026-08-05,46680.0,2026-07-03,47650.0,-2.03567681007345,2026-05-01,42760.85546875,9.16526222005578,2026-02-05,28776.173828125,62.21753551674865,2025-08-05,14404.11328125,224.0740966732322,2024-08-05,18854.4140625,147.58128173732524,2021-08-05,20989.146484375,122.4006585248719,JPY,296.0200776346028,295.1396241784096,272.40031224992526,183.38466935990618,98.12534309976218,129.5088351472441,191.6309493688368,0.2983176043014124,8.670975884567467,61.420296837158816,201.67545741332572,128.57133823962278,54.47404430734497
011790.KS,SKC,US,KSC,3931607662592.0,2026-08-05,81400.0,2026-07-03,102700.0,-20.740019474196693,2026-05-04,124000.0,-34.354838709677416,2026-02-05,111700.0,-27.126230975828115,2025-08-05,98600.0,-17.444219066937116,2024-08-05,114100.0,-28.659070990359336,2021-08-05,160545.59375,-49.29789220702296,KRW,56.98564104968682,66.59620253485627,84.25458520650864,76.50108425295912,71.26388776814565,84.0719974192325,140.32969205840345,-14.431095346824485,-32.36493787250323,-25.510021712558185,-20.035739230102855,-32.21804786494742,-59.391601154536765
ADANIPORTS.BO,ADANI PORTS AND SPECIAL ECONOM,US,BSE,3928250122240.0,2026-08-04,1691.0,2026-07-03,1874.199951171875,-9.77483491328266,2026-05-04,1735.5364990234375,-2.5661516798118345,2026-02-04,1560.52392578125,8.361042856387435,2025-08-04,1384.7646484375,22.114613621025114,2024-08-02,1573.5238037109375,7.46580356852633,2021-08-04,676.1381225585938,150.0968283819049,INR,17.7380848871544,19.61956248354454,18.287478045120906,17.258061062716934,15.872082399110695,18.789712811636036,9.1106053700845,-9.589804043633421,-3.004204060346549,2.7814470159366556,11.756507061406495,-5.596828088987005,94.69710482026818
AXISBANK.BO,AXIS BANK LTD.,US,BSE,3926901653504.0,2026-08-04,1255.0,2026-07-03,1341.466552734375,-6.445673398127305,2026-05-04,1274.0684814453125,-1.4966606366151547,2026-02-04,1337.3197021484375,-6.155573870345954,2025-08-04,1067.62744140625,17.55036928864886,2024-08-02,1159.2147216796875,8.262945296409008,2021-08-04,749.11328125,67.53140431656178,INR,13.164575123228133,14.042784941116224,13.424954989723346,14.789613090038188,12.237076344108118,13.842378269724122,10.093907228794706,-6.253815191007861,-1.9395213369022946,-10.987697628848913,7.5794148294791475,-4.896580148936347,30.421003728603612
141080.KQ,LCB,US,KOE,3917251346432.0,2026-08-05,109500.0,2026-07-03,133700.0,-18.10022438294689,2026-05-04,181500.0,-39.66942148760331,2026-02-05,182000.0,-39.83516483516484,2025-08-05,138600.0,-20.995670995671,2024-08-05,73400.0,49.18256130790191,2021-08-05,55400.0,97.6534296028881,KRW,76.65758838993497,86.69826951227151,123.3242517337203,124.64814085979015,100.17418706556782,54.083125421311706,48.424031818285584,-11.58117823899052,-37.840621522316,-38.50081689051193,-23.475707030435235,41.74030770737909,58.30484474650457
111770.KS,Youngone Corp,US,KSC,3915530371072.0,2026-08-05,88200.0,2026-07-03,84400.0,4.502369668246442,2026-05-04,85500.0,3.157894736842115,2026-02-05,92800.0,-4.956896551724133,2025-08-05,56263.97265625,56.761060117219486,2024-08-05,33974.0859375,159.60963353732615,2021-08-05,35300.0390625,149.85808045095558,KRW,61.7461122921668,54.72949848044664,58.09489544481039,63.556854240596294,40.665207228854115,25.033034752482763,30.855058027964333,12.820533727761108,6.2849185275237085,-2.8490112829921976,51.84015156906583,146.65851704633158,100.1166623514547
9020.T,EAST JAPAN RAILWAY CO,US,JPX,3863672520704.0,2026-08-05,3369.0,2026-07-03,3459.0,-2.601908065915004,2026-05-01,3700.0,-8.945945945945944,2026-02-05,3818.9921875,-11.783008851729948,2025-08-05,3300.92626953125,2.062261465731452,2024-08-05,2344.75244140625,43.68254577781627,2021-08-05,2161.159423828125,55.88854588211692,JPY,21.36443105293438,21.424721091985703,23.570182221010327,24.33765599887556,22.486946361800847,16.105839003459096,19.731389860654645,-0.28140407892579544,-9.358227048875989,-12.21656245810423,-4.991853010212688,32.65022113002545,8.276361694804368
052690.KS,KEPCO E&C,US,KSC,3850002497536.0,2026-08-05,102500.0,2026-07-03,106200.0,-3.4839924670433176,2026-05-04,186300.0,-44.98121309715513,2026-02-05,144100.0,-28.868841082581543,2025-08-05,88751.5,15.491005785817702,2024-08-05,61209.671875,67.457195668883,2021-08-05,48802.10546875,110.03192181049435,KRW,71.75710328738205,68.8657907419838,126.5857195481658,98.6911928455811,64.1458107023791,45.10095859690682,42.656944188051966,4.198474328467383,-43.313429395107626,-27.29127978049869,11.865611334023818,59.10327744630999,68.2190430028059
5016.T,JX ADVANCED METALS CORPORATION,US,JPX,3838265524224.0,2026-08-05,4350.0,2026-07-03,4085.0,6.487148102815188,2026-05-01,4770.0,-8.805031446540879,2026-02-05,2528.689697265625,72.02585215195964,2025-08-05,876.0406494140625,396.5523007305068,,,,,,,JPY,27.585418545641005,25.30210629105568,30.386424106545746,16.114822172558206,5.967864013190649,,,9.024198334794287,-9.21795059228887,71.18040925463008,362.23269304845945,,
7751.T,CANON INC,US,JPX,3831367204864.0,2026-08-05,4459.0,2026-07-03,4260.0,4.671361502347415,2026-05-01,3941.528076171875,13.128713377850865,2026-02-05,4784.38916015625,-6.801059639254414,2025-08-05,4139.765625,7.711411802449564,2024-08-05,3581.4619140625,24.502231407009354,2021-08-05,2185.2470703125,104.05015343927876,JPY,28.276639378163964,26.38603985309601,25.10879323908091,30.489933424256833,28.20138347804459,24.600656327845172,19.95131012121874,7.165150722100955,12.61648104279427,-7.259097667730696,0.2668518024229627,14.942621860693993,41.72823341606533
7269.T,SUZUKI MOTOR CORP,US,JPX,3822856175616.0,2026-08-05,1926.0,2026-07-03,2110.0,-8.720379146919433,2026-05-01,1753.0,9.868796349115794,2026-02-05,2190.46142578125,-12.073320382116624,2025-08-05,1689.6790771484375,13.986142460282224,2024-08-05,1286.39697265625,49.72050159781154,2021-08-05,1010.859619140625,90.53090691637034,JPY,12.213681866414845,13.069141805171967,11.167170117143542,13.959362586276711,11.5106244956782,8.836115135341515,9.229150343904848,-6.545647384578713,9.371324501135048,-12.505447215605859,6.10789945411403,38.224566784606374,32.3380962634448
000250.KQ,SCD,US,KOE,3820098420736.0,2026-08-05,166600.0,2026-07-03,214000.0,-22.14953271028037,2026-05-04,409500.0,-59.31623931623932,2026-02-05,496500.0,-66.44511581067472,2025-08-05,192656.40625,-13.52480654922421,2024-08-05,152367.078125,9.341205495404648,2021-08-05,56313.91015625,195.8416482495132,KRW,116.63154544075951,138.76910752151161,278.24397291988134,340.04286778508686,139.24385915633138,112.26822610780891,49.22286240466292,-15.95280280758482,-58.08299305935268,-65.70092876805383,-16.239361543538266,3.886513116151491,136.94588193983398
GOOG.SW,ALPHABET INC-C,US,EBS,3730130337792.0,2026-08-04,301.45001220703125,2026-07-03,285.70001220703125,5.512775403238979,2026-05-04,294.3564758300781,2.4098455306442723,2026-02-04,261.0090637207031,15.49407821699349,,,,,,,,,,CHF,371.99056303644466,355.1671515820344,376.834179184385,336.4559383024971,,,,4.736758841428057,-1.28534416873326,10.561449714107729,,,
004170.KS,Shinsegae,US,KSC,3704345329664.0,2026-08-05,430000.0,2026-07-03,706000.0,-39.09348441926346,2026-05-04,409487.375,5.00934247362328,2026-02-05,323615.4375,32.87376007827192,2025-08-05,168240.75,155.58611691876075,2024-08-05,135284.09375,217.84963633243095,2021-08-05,244429.171875,75.92008216592907,KRW,301.02979915682226,457.8083640662953,278.2353945800569,221.63770680166272,121.59726091306948,99.68101648214906,213.65064975076166,-34.24545666159343,8.192489173122341,35.820661339997194,147.56297707399023,201.99310739445647,40.8981435385263
8267.T,AEON CO LTD,US,JPX,3697594073088.0,2026-08-05,1325.0,2026-07-03,1407.5,-5.861456483126116,2026-05-01,1551.5,-14.598775378665806,2026-02-05,2244.59814453125,-40.96938896486944,2025-08-05,1718.945068359375,-22.91783929636395,2024-08-05,1053.3834228515625,25.78515773612211,2021-08-05,946.3197021484376,40.016106289644135,JPY,8.402455074246973,8.717922791838646,9.883550734026358,14.304364820677165,11.709993618418025,7.235571447868892,8.639900772722628,-3.618611051327514,-14.985461193418859,-41.25950239956756,-28.245434215854747,16.127041724144185,-2.7482456653357024
082740.KS,Hanwha Engine,US,KSC,3683237494784.0,2026-08-05,46050.0,2026-07-03,52200.0,-11.781609195402298,2026-05-04,89500.0,-48.54748603351955,2026-02-05,56500.0,-18.495575221238937,2025-08-05,38700.0,18.99224806201549,2024-08-05,12000.0,283.75,2021-08-05,6615.509765625,596.0914824626433,KRW,32.23819128179457,33.849286974873394,60.81278529018164,38.695714058121666,27.97071457025595,8.84192786179483,5.7824847542383395,-4.759614860646111,-46.98780671208708,-16.687953520195485,15.256945620104577,264.6059070566825,457.51450547561257
000990.KS,DB HiTek,US,KSC,3675027144704.0,2026-08-05,90000.0,2026-07-03,120700.0,-25.43496271748136,2026-05-04,161700.0,-44.34137291280148,2026-02-05,103460.3984375,-13.010193891367406,2025-08-05,45536.44921875,97.64386890961576,2024-08-05,40718.91796875,121.02748424963328,2021-08-05,60792.4296875,48.044749095635495,KRW,63.006237032823265,78.26837045722641,109.87069699913263,70.85794680135996,32.91180939639821,30.002811274169062,53.13744674184818,-19.499745983269044,-42.65419374437875,-11.080916288116317,91.4396023444354,110.00111108610851,18.572195120551328
AAPL.SW,APPLE INC,US,EBS,3674814545920.0,2026-08-04,246.9499969482422,2026-07-03,246.1999969482422,0.3046303855794408,2026-05-04,215.0928192138672,14.81089784903482,2026-02-04,213.4462738037109,15.696560332246356,,,,,,,,,,CHF,304.7373185824745,306.0628207892696,275.3611101924689,275.1447222026217,,,,-0.43308174556352386,10.668248820420745,10.755284034872448,,,
9022.T,CENTRAL JAPAN RAILWAY CO,US,JPX,3661612974080.0,2026-08-05,3830.0,2026-07-03,3514.0,8.992601024473545,2026-05-01,3611.0,6.064801993907509,2026-02-05,4627.39306640625,-17.232014980424502,2025-08-05,3621.537353515625,5.756192084613154,2024-08-05,2949.191650390625,29.866093968247554,2021-08-05,2983.111572265625,28.389431880725024,JPY,24.28785127121955,21.765385925769806,23.00322378380224,29.489429433868736,24.671049749720282,20.257663484103205,27.235814619331222,11.589343529457906,5.584554145501475,-17.638788754166768,-1.5532313476246618,19.89463291400293,-10.823848632084932
HCLTECH.NS,HCL TECHNOLOGIES LTD,US,NSI,3652785012736.0,2026-08-05,1350.0,2026-07-03,1127.4891357421875,19.7350783439116,2026-05-05,1188.0706787109375,13.629603372145894,2026-02-05,1563.7906494140625,-13.67130884777753,2025-08-05,1418.461669921875,-4.826473028745692,2024-08-05,1442.0029296875,-6.380217945010569,2021-08-05,862.6345825195312,56.49731964802538,INR,14.196001505479217,11.802819402689693,12.471952529654118,17.351353137088836,16.1384504172147,17.22096859060821,11.628311129503572,20.276359581034953,13.823408738334187,-18.185046472629253,-12.036155030494712,-17.56560363729318,22.081369748190262
MSFT,Microsoft Corporation,US,NMS,3619656564736.0,2026-08-05,487.4599914550781,2026-07-02,390.489990234375,24.8329031846632,2026-05-05,410.4909362792969,18.750488347789428,2026-02-05,391.9246520996094,24.375945438407378,2025-08-05,523.5679931640625,-6.8965257961576265,2024-08-05,389.0360107421875,25.299452491588447,2021-08-05,277.8514099121094,75.4390922865112,USD,487.4599914550781,390.489990234375,410.4909362792969,391.9246520996094,523.5679931640625,389.0360107421875,277.8514099121094,24.832903184663202,18.750488347789428,24.375945438407378,-6.8965257961576265,25.299452491588447,75.4390922865112
2317.TW,HON HAI PRECISION INDUSTRY,US,TAI,3619496394752.0,2026-08-05,258.5,2026-07-03,240.5,7.484407484407485,2026-05-05,232.5740203857422,11.147410003601244,2026-02-05,209.26806640625,23.52577459103413,2025-08-05,179.16453552246094,44.2807859525264,2024-08-05,157.4243621826172,64.20584235884147,2021-08-05,92.82154083251952,178.49139077147908,TWD,7.9796017445623875,7.531888859346509,7.36040355703841,6.6104624432246055,5.995312995172355,4.830612609154144,3.349180569482257,5.944231169320835,8.412557582279124,20.711702291585986,33.09733371698616,65.18819433876402,138.25534571866748
004020.KS,HYUNDAI STEEL,US,KSC,3604353122304.0,2026-08-05,27650.0,2026-07-03,28250.0,-2.12389380530974,2026-05-04,43050.0,-35.77235772357723,2026-02-05,30261.427734375,-8.629558913403779,2025-08-05,32183.5703125,-14.086598436653796,2024-08-05,23775.35546875,16.29689422033156,2021-08-05,45201.62109375,-38.82962749797672,KRW,19.356916155084036,18.318819100386463,29.25128946080804,20.725443444245798,23.260916254850144,17.518331495268058,39.50983281736171,5.666833920946757,-33.82542612003772,-6.603126697111605,-16.783518142592868,10.495204182616401,-51.00734481828009
ITC.NS,ITC LTD,US,NSI,3595331174400.0,2026-08-05,286.95001220703125,2026-07-03,289.95001220703125,-1.0346611049141583,2026-05-05,303.19012451171875,-5.356412030517765,2026-02-05,301.9732666015625,-4.975027943236321,2025-08-05,394.8904418945313,-27.334272556621958,2024-08-05,431.3329772949219,-33.473667140727215,2021-08-05,169.4857177734375,69.30630850595674,INR,3.017439115028367,3.0352643953722236,3.18278441521079,3.3506050114363006,4.4928389338133465,5.151148795307307,2.284666877741529,-0.5872727387780219,-5.194988997439609,-9.943454846834243,-32.838920791952766,-41.42201604082468,32.07348276573294
ULTRACEMCO.BO,ULTRATECH CEMENT LTD.,US,BSE,3588575461376.0,2026-08-04,11955.0,2026-07-03,11487.7177734375,4.067668058863472,2026-05-04,11519.419921875,3.7812674690141934,2026-02-04,12546.3583984375,-4.713386782503736,2025-08-04,12007.751953125,-0.4393158130758356,2024-08-02,11450.5771484375,4.40521770233504,2021-08-04,7426.736328125,60.972457776998176,INR,125.40437896270305,120.25611061848394,121.38099027727367,138.75200231009967,137.63207245587364,136.73327066245474,100.07136355094917,4.281086688852054,3.3146777565734586,-9.619769895331487,-8.88433435243876,-8.28539509430638,25.314949764680804
018880.KS,Hanon Systems,US,KSC,3555960815616.0,2026-08-05,3530.0,2026-07-03,3850.0,-8.311688311688314,2026-05-04,4850.0,-27.216494845360828,2026-02-05,4030.0,-12.406947890818854,2025-08-05,3315.0,6.485671191553544,2024-08-05,3870.0,-8.785529715762275,2021-08-05,15094.0185546875,-76.61325254629591,KRW,2.4712446302874014,2.496547027840279,3.295441437512636,2.7600659761810675,2.3959410542738624,2.8515217354288325,13.193379688772211,-1.013495731132541,-25.010209492520364,-10.464291375139167,3.142964468145526,-13.335935701161405,-81.26905547643359
5401.T,NIPPON STEEL CORPORATION,US,JPX,3551266603008.0,2026-08-05,672.0,2026-07-03,548.2000122070312,22.58299617589481,2026-05-01,571.9000244140625,17.503054959386375,2026-02-05,653.2032470703125,2.8776269888419748,2025-08-05,507.4019470214844,32.43938143019112,2024-08-05,483.2161865234375,39.06818909250382,2021-08-05,293.9726867675781,128.59266532176144,JPY,4.261471554636955,3.3954993825263955,3.6431858885512725,4.16273067449049,3.456581406214113,3.319157266489242,2.683971217968093,25.503529070479168,16.97101616551184,2.3720218257586634,23.285728117840378,28.390166915604564,58.774860404915685
SANN.MX,BANCO SANTANDER SA,US,MEX,3542452797440.0,2026-08-05,248.0,2026-07-03,249.0,-0.4016064257028162,2026-05-05,211.0,17.535545023696674,2026-02-05,217.8714599609375,13.828585003498992,2025-08-05,163.1094207763672,52.045172387696034,2024-08-05,68.99504089355469,259.4461236462104,2021-08-05,69.46453857421875,257.0166952667895,MXN,14.372646123170853,14.24786738678813,12.043447814881802,12.576002878264262,8.643206600985536,3.5330559451984413,3.4801176563876197,0.8757713206850148,19.339962642682075,14.28628207466316,66.28835554540626,306.8049401454803,312.99310949416963
319660.KQ,PSK,US,KOE,3519455690752.0,2026-08-05,127700.0,2026-07-03,182300.0,-29.95063082830499,2026-05-04,100100.0,27.57242757242757,2026-02-05,53700.0,137.8026070763501,2025-08-05,19070.75,569.6118401216522,2024-08-05,24791.71875,415.0913548500949,2021-08-05,21382.3515625,497.2214965539995,KRW,89.39884965657257,118.21312290267088,68.01519338041544,36.77805035258643,13.783527258157847,18.267215729783857,18.689885783614955,-24.374851571954615,31.4395287484611,143.0766416368386,548.5919604044852,389.39505055941197,378.32742635028154
7936.T,ASICS CORP,US,JPX,3516912107520.0,2026-08-05,4916.0,2026-07-03,4624.0,6.314878892733566,2026-05-01,4323.46435546875,13.705112285284638,2026-02-05,3784.64990234375,29.893124247916035,2025-08-05,3466.534912109375,41.81308207303269,2024-08-05,1807.658203125,171.9540669525597,2021-08-05,594.781982421875,726.521338118328,JPY,31.174693694338202,28.640621662139893,27.541849374173353,24.11879964062382,23.61512444232301,12.416599500522352,5.4303606887413025,8.847824820604732,13.190270089747337,29.254747992640517,32.01155797623891,151.07271675330045,474.08145574882894
6669.TW,WIWYNN CORPORATION,US,TAI,3442700713984.0,2026-08-05,6175.0,2026-07-03,5265.0,17.28395061728396,2026-05-05,4621.16357421875,33.62435457705997,2026-02-05,3508.39111328125,76.00660247439697,2025-08-05,2677.456298828125,130.62934781429254,2024-08-05,1689.134765625,265.57177826573104,2021-08-05,788.9752807617188,682.6607690469499,TWD,190.61524476855993,164.8872966505587,146.24861690450962,110.82478129016636,89.59467617606697,51.83159445120327,28.46775281286,15.603353709246504,30.336442698134157,71.99695099734296,112.75286981781419,267.7587903416982,569.583040226665
5020.T,ENEOS HOLDINGS INC,US,JPX,3439554199552.0,2026-08-05,1283.0,2026-07-03,1221.0,5.077805077805087,2026-05-01,1325.5,-3.2063372312334915,2026-02-05,1340.42431640625,-4.284040188125482,2025-08-05,760.1565551757812,68.78102165458728,2024-08-05,564.9811401367188,127.0872262549382,2021-08-05,383.3079528808594,234.717813798866,JPY,8.136113102082163,7.562759310007095,8.44385852268897,8.542249971602814,5.178425171319105,3.8807914739073226,3.4996023762026596,7.5812777925697405,-3.644606547822693,-4.754448428350622,57.11558693836727,109.65087036460703,132.486786424876
4543.T,TERUMO CORP,US,JPX,3395641147392.0,2026-08-05,2288.0,2026-07-03,2258.0,1.3286093888396744,2026-05-01,1989.0,15.032679738562084,2026-02-05,2016.707275390625,13.452260916588754,2025-08-05,2515.5498046875,-9.0457284631567,2024-08-05,2091.63720703125,9.387994835273371,2021-08-05,2132.2060546875,7.306702134627119,JPY,14.509296007454395,13.985839903354645,12.670565523672849,12.852062928941677,17.136715245832875,14.367219120960272,19.467045542510277,3.742757730082369,14.511826487509062,12.894685372110803,-15.332105369594606,0.9888962178272065,-25.46739578036955
NTPC.NS,NTPC LTD,US,NSI,3392863469568.0,2026-08-05,349.8999938964844,2026-07-03,356.45001220703125,-1.8375699498482607,2026-05-05,398.6499938964844,-12.228772293085422,2026-02-05,364.25,-3.939603597396191,2025-08-05,325.0223083496094,7.65414708707175,2024-08-05,393.9535217285156,-11.182417570159398,2021-08-05,97.099853515625,260.3506918166252,INR,3.679393214904934,3.7314019149255273,4.184888903426554,4.0416090111248195,3.697919033707649,4.704748571708166,1.3089056828803223,-1.3938112593167684,-12.07907067993428,-8.962168166758843,-0.5009795680718354,-21.794052140621687,181.10453358321567
BAJAJFINSV.NS,BAJAJ FINSERV LTD.,US,NSI,3338110500864.0,2026-08-05,2086.0,2026-07-03,1895.5999755859373,10.044314563530698,2026-05-05,1793.0699462890625,16.336788997952123,2026-02-05,1998.394775390625,4.3837797060018335,2025-08-05,1937.74658203125,7.650815609404549,2024-08-05,1565.6005859375,33.23960266346469,2021-08-05,1395.496337890625,49.48086522055026,INR,21.93545121513307,19.843582933378908,18.82302429745232,22.17359047907621,22.04657890893941,18.69702062374472,18.811285712287827,10.541787180153994,16.535211709321416,-1.0739770095774759,-0.5040586762478538,17.320570247837395,16.607931805556973
108490.KQ,ROBOTIS,US,KOE,3336946057216.0,2026-08-05,242000.0,2026-07-03,227500.0,6.373626373626373,2026-05-04,313500.0,-22.80701754385965,2026-02-05,289000.0,-16.262975778546718,2025-08-05,82300.0,194.04617253948965,2024-08-05,16210.0,1392.9056138186304,2021-08-05,15700.0,1441.4012738853503,KRW,169.4167706882581,147.52323346328922,213.01461663097143,197.9302896070294,59.482940804446116,11.943970886641182,13.723055948503315,14.840738445728995,-20.467067768519687,-14.405839033218214,184.81572766421607,1318.4291999383847,1134.5411351815942
088350.KS,HANWHA LIFE,US,KSC,3332415946752.0,2026-08-05,4355.0,2026-07-03,4470.0,-2.572706935123048,2026-05-04,5040.0,-13.591269841269838,2026-02-05,3700.0,17.70270270270271,2025-08-05,3360.0,29.613095238095237,2024-08-05,2730.0,59.52380952380953,2021-08-05,3349.626953125,30.01447805813264,KRW,3.0488018030882813,2.8985883673885837,3.4245412051677704,2.5340556108858436,2.4284651409834623,2.0115385885583237,2.9278419162005775,5.182296230458849,-10.9719632373669,20.313137169965078,25.544392284486307,51.56566324056291,4.131366731871644
SUN.MX,SCHNEIDER ELECTRIC SE,US,MEX,3311957704704.0,2026-08-04,5875.4501953125,2026-07-03,5500.77001953125,6.81141321034866,2026-05-04,5683.69921875,3.3737002818504447,2026-02-04,5090.60302734375,15.4175676978348,2025-08-04,4772.29052734375,23.115936920604184,2024-08-02,4424.5703125,32.791430135341535,2021-08-04,3219.07763671875,82.5196798080778,MXN,339.09610668692403,314.7559910180771,325.77690683265973,295.3060181082765,252.93025715976,233.8098304416053,162.06728135271624,7.73301108268627,4.0884419904895,14.828715262616665,34.06703907027562,45.03073119143905,109.23168689979437
8830.T,SUMITOMO REALTY & DEVELOPMENT C,US,JPX,3288997822464.0,2026-08-05,3513.0,2026-07-03,3847.0,-8.682089940213157,2026-05-01,4735.0,-25.807814149947205,2026-02-05,4580.36865234375,-23.303116699953463,2025-08-05,2836.6513671875,23.843206135094785,2024-08-05,1813.8560791015625,93.67578500164444,2021-08-05,1656.32763671875,112.09571839055891,JPY,22.27760352892801,23.827956646680832,30.163462923374027,29.189752462350498,19.324159927429264,12.459172008766359,15.122274634966288,-6.5064459397057846,-26.143746871766403,-23.6800532732777,15.283684323614732,78.80484765162032,47.31648555976431
JSWSTEEL.BO,JSW STEEL LTD.,US,BSE,3246500872192.0,2026-08-04,1287.0999755859375,2026-07-03,1222.7274169921875,5.26466959840497,2026-05-04,1258.7205810546875,2.2546222695008837,2026-02-04,1220.0428466796875,5.496292944853876,2025-08-04,1050.1187744140625,22.56708545222459,2024-08-02,892.3087158203125,44.24379732777659,2021-08-04,688.1250610351562,87.04448485711809,INR,13.501294278650334,12.799795957214428,13.263233014074785,13.492631288295001,12.03639314100053,10.65520869150032,9.272123057686827,5.4805430006914735,1.7948961940344565,0.06420534416329282,12.170598953433931,26.71074466537988,45.61168132316167
BAJAJ-AUTO.NS,BAJAJ AUTO LIMITED,US,NSI,3240017264640.0,2026-08-04,11600.0,2026-07-03,9785.5,18.54274181186448,2026-05-04,9991.388671875,16.099977500155905,2026-02-04,9505.23046875,22.03807196613379,2025-08-04,8073.8740234375,43.673284551215104,2024-08-02,9248.357421875,25.427678352511496,2021-08-04,3418.785400390625,239.3017882513071,INR,121.6805350035429,102.43689770810306,105.28001057885922,105.11972622448593,92.54221930393487,110.43619392764958,46.06633406514675,18.78584545802544,15.578004157207982,15.75423507448157,31.48651060972456,10.181753532052952,164.14199756260825
4689.T,LY CORPORATION,US,JPX,3230096424960.0,2026-08-05,461.1000061035156,2026-07-03,438.2000122070313,5.225922697068541,2026-05-01,419.7000122070313,9.86418696506075,2026-02-05,399.9736022949219,15.282609516695556,2025-08-05,476.3973083496094,-3.2110387649099903,2024-08-05,328.0482482910156,40.55859420241994,2021-08-05,569.1372680664062,-18.982637058707773,JPY,2.9240544045432415,2.714169714958189,2.673623179967564,2.548949948928083,3.2453680709703434,2.253326269775897,5.196224395400861,7.732924305666922,9.366735987781038,14.716038491571881,-9.900684896152045,29.766134792102307,-43.727326188389796
097950.KS,CJ CheilJedang,US,KSC,3204636475392.0,2026-08-05,197500.0,2026-07-03,194400.0,1.5946502057613277,2026-05-04,239249.40625,-17.45016086116201,2026-02-05,217895.390625,-9.360175342167132,2025-08-05,238774.5625,-17.285996493030954,2024-08-05,326358.21875,-39.48367509895904,2021-08-05,440088.75,-55.12268832138971,KRW,138.26368682202883,126.05941356159747,162.56338293949375,149.23217221606592,172.5761016621509,240.46965227427972,384.6727731564897,9.68136604448655,-14.947828765663228,-7.349946885552505,-19.882483443330333,-42.502646169951944,-64.05680451790607
251270.KS,Netmarble,US,KSC,3183157968896.0,2026-08-05,37950.0,2026-07-03,38200.0,-0.654450261780104,2026-05-04,49500.0,-23.33333333333333,2026-02-05,50024.72265625,-24.13751044503073,2025-08-05,57607.2109375,-34.12283048875039,2024-08-05,59101.66796875,-35.78861425693424,2021-08-05,132276.90625,-71.31018476628455,KRW,26.567629948840477,24.770934146363288,33.63388683646917,34.26092679191311,41.636042747321426,43.54772372428647,115.62059778112598,7.253242012840966,-21.009337761007053,-22.45501673027871,-36.19079000837645,-38.991920411160855,-77.02171545667497
023530.KS,LOTTE SHOPPING,US,KSC,3177619914752.0,2026-08-05,114300.0,2026-07-03,167300.0,-31.679617453676038,2026-05-04,137469.375,-16.854208437333774,2026-02-05,93437.6015625,22.327626232513296,2025-08-05,69037.3125,65.56264411364508,2024-08-05,52280.25390625,118.62938960657124,2021-08-05,89781.34375,27.309299711834623,KRW,80.01792103168555,108.48631630069576,93.40665459050797,63.993534731667296,49.89723417661662,38.52151946961499,78.47607665051328,-26.241461817270352,-14.333811244518113,25.040633193978824,60.36544380085982,107.72264991987686,1.964731733517655
4452.T,KAO CORP,US,JPX,3176197259264.0,2026-08-05,3188.0,2026-07-03,3289.0,-3.07084220127698,2026-05-01,2896.064453125,10.080422987823589,2026-02-05,3226.08349609375,-1.1804869942102505,2025-08-05,3327.965087890625,-4.205725847302666,2024-08-05,2888.294189453125,10.376567997861107,2021-08-05,2980.234130859375,6.971461301958648,JPY,20.216623982414603,20.371757060289383,18.448855914580236,20.559170193793307,22.671143283660626,19.839365720868727,27.209543573538895,-0.7615105433255942,9.58199292150843,-1.666148040751747,-10.826623388750868,1.9015641268664396,-25.7002458428772
6594.T,NIDEC CORPORATION,US,JPX,3132864856064.0,2026-08-05,2785.0,2026-07-03,2787.0,-0.0717617509867207,2026-05-01,2398.0,16.138448707256046,2026-02-05,2329.0,19.57921854873337,2025-08-05,2892.0,-3.6998616874135526,2024-08-05,2689.77783203125,3.540149927432501,2021-08-05,6141.70751953125,-54.65430434218141,JPY,17.661009344737977,17.26241621375084,15.276026207022369,14.842240580357611,19.701212195679545,18.475779341458747,56.07380193328254,2.3090228276944735,15.612588675837923,18.99153129286124,-10.35572243310482,-4.409935741614246,-68.50399163989039
028670.KS,PanOcean,US,KSC,3132577284096.0,2026-08-05,5860.0,2026-07-03,4930.0,18.864097363083165,2026-05-04,5640.0,3.900709219858145,2026-02-05,4995.0,17.317317317317315,2025-08-05,3990.589111328125,46.84548663166448,2024-08-05,3162.254150390625,85.31084856908575,2021-08-05,6528.37255859375,-10.237965934004867,KRW,4.102406100137159,3.196877103182487,3.8322246819734573,3.420975074695889,2.8842281395382514,2.3300352565346003,5.706319864602278,28.325424085061602,7.050249935360475,19.91920462916108,42.2358392493158,76.06626717908807,-28.10767364119553
002380.KS,KCC,US,KSC,3114491445248.0,2026-08-05,432000.0,2026-07-03,487612.75,-11.405105793480583,2026-05-04,572371.625,-24.52456041998937,2026-02-05,462852.09375,-6.665648522844125,2025-08-05,388639.53125,11.15698874237976,2024-08-05,261918.6875,64.93668478695321,2021-08-05,287206.78125,50.41427577713227,KRW,302.42993775755167,316.19432772714936,388.91075684153475,316.99809329120217,280.8921291811839,192.9888450442486,251.04170241294923,-4.353142597002957,-22.236674497337305,-4.595660302684479,7.667644030878207,56.708507006304096,20.469999546159755
HAL.NS,HINDUSTAN AERONAUTICS LTD,US,NSI,3106459877376.0,2026-08-05,4645.0,2026-07-03,4428.89990234375,4.879317718196585,2026-05-05,4610.39990234375,0.7504793160927559,2026-02-05,4002.247802734375,16.05978012721976,2025-08-05,4525.234375,2.646617060580425,2024-08-05,4492.9765625,3.383579579934648,2021-08-05,497.43994140625,833.7810684981797,INR,48.84476073551923,46.36275777996161,48.39837372902912,44.407744088636264,51.485543907037936,53.65690087600524,6.705488655485169,5.3534411549400085,0.9223181939734815,9.991538048018933,-5.12917407707082,-8.968352741069218,628.4295484649525
011780.KS,KumhoPetrochem,US,KSC,3092124532736.0,2026-08-05,119800.0,2026-07-03,115700.0,3.5436473638720933,2026-05-04,144400.0,-17.036011080332415,2026-02-05,137900.0,-13.12545322697607,2025-08-05,110052.5234375,8.85711318381146,2024-08-05,118451.8203125,1.1381671332219456,2021-08-05,183891.921875,-34.85303825285283,KRW,83.86830218369141,75.02610158990137,98.11582341790199,94.44493749761023,79.54128477536733,87.27853752511737,160.73625046932648,11.785499188165494,-14.521124868438918,-11.19873186870015,5.439964190349733,-3.9073011969804727,-47.822409730967244
022100.KS,POSCO DX,US,KSC,3089588027392.0,2026-08-05,20850.0,2026-07-03,21276.294921875,-2.0036144612599283,2026-05-04,35227.96484375,-40.81406606235125,2026-02-05,39252.19921875,-46.881957151485246,2025-08-05,23323.05078125,-10.60346180456868,2024-08-05,24546.76953125,-15.060106082569105,2021-08-05,7865.04638671875,165.09697431928933,KRW,14.596444912604056,13.796693727444222,23.936431980480847,26.88304207294118,16.856909465372837,18.086730452951315,6.87467971990543,5.79668724231357,-39.019963691719624,-45.70389439930259,-13.409721143796771,-19.297492984851385,112.32181726721736
3750.HK,CATL,US,HKG,3067471986688.0,2026-08-05,661.3709716796875,2026-07-03,673.8402709960938,-1.8504829487222096,2026-05-05,653.390625,1.2213745306932644,2026-02-05,485.46722412109375,36.2339080412804,2025-08-05,404.79345703125,63.38479789919869,,,,,,,HKD,84.33487917728235,85.91821758333299,83.41458718827926,62.1421876333261,51.5710406571161,,,-1.8428436373402968,1.1032746429900264,35.71276195634698,63.531466696600944,,
214370.KQ,Caregen,US,KOE,3044649730048.0,2026-08-05,63600.0,2026-07-03,68500.0,-7.153284671532845,2026-05-04,105073.6796875,-39.47104528065165,2026-02-05,120426.0078125,-47.18748785642428,2025-08-05,48000.9296875,32.49743372483509,2024-08-05,15798.4677734375,302.5706854112324,2021-08-05,13649.27734375,365.9587346514167,KRW,44.52440750319511,44.41908348235302,71.39467175961181,82.47735156590488,34.69303109550356,11.640742698302063,11.930560295854775,0.2371143494753314,-37.636231940234644,-46.01620122632436,28.338188094973816,282.48768705874335,273.1962824802531
6326.T,KUBOTA CORP,US,JPX,3035214643200.0,2026-08-05,2622.5,2026-07-03,2745.5,-4.480058277180843,2026-05-01,2564.040283203125,2.279984334873397,2026-02-05,2582.365478515625,1.5541766577302996,2025-08-05,1620.8958740234375,61.79324298545779,2024-08-05,1645.8487548828125,59.34027912465911,2021-08-05,2016.3587646484373,30.06117988418824,JPY,16.630519571481273,17.00536911189556,16.3337558640834,16.456886946560417,11.042051715503874,11.30514872362744,18.40935955282418,-2.2043011118886846,1.816873656416229,1.0550757593746907,50.610774156498174,47.10571243281354,-9.662693458936856
ONGC.NS,OIL AND NATURAL GAS CORP.,US,NSI,3021783171072.0,2026-08-05,240.1999969482422,2026-07-03,237.83999633789065,0.9922639785945764,2026-05-05,289.95001220703125,-17.158135252384945,2026-02-05,263.01092529296875,-8.672996499790797,2025-08-05,222.4404754638672,7.983943321169451,2024-08-05,279.49609375,-14.059622900099232,2021-08-05,85.5244140625,180.85547218447763,INR,2.525836680217296,2.4897645879883616,3.04379432387168,2.9182905303729285,2.5308012618014573,3.337852755063068,1.1528687998834357,1.4488153780867652,-17.016841104938607,-13.448073317959919,-0.19616639437849415,-24.327498377933367,119.09142484146314
031210.KS,SGIC,US,KSC,3012802117632.0,2026-08-05,42950.0,2026-07-03,43100.0,-0.348027842227383,2026-05-04,47150.0,-8.907741251325552,2026-02-05,50102.1953125,-14.275213427056354,2025-08-05,38474.703125,11.63179053119725,,,,,,,KRW,30.06797645066399,27.948357636341825,32.037126552313566,34.31398625657812,27.807879568080352,,,7.584054998516199,-6.146462912128348,-12.373991684222208,8.12754124977555,,
483650.KS,d'Alba Global,US,KSC,3006012588032.0,2026-08-05,232000.0,2026-07-03,215500.0,7.656612529002316,2026-05-04,223500.0,3.803131991051445,2026-02-05,168949.375,37.319241340786256,2025-08-05,204387.4375,13.509911782127016,,,,,,,KRW,162.41607768461108,139.74178818170913,151.8620951101184,115.71003018227202,147.7225497689542,,,16.225847542052428,6.949714849409783,40.36473538963341,9.946706131621962,,
066970.KS,L&F,US,KSC,2976848543744.0,2026-08-05,79800.0,2026-07-03,106000.0,-24.716981132075468,2026-05-04,213000.0,-62.53521126760564,2026-02-05,117600.0,-32.14285714285714,2025-08-05,71400.0,11.764705882352944,2024-08-05,92400.0,-13.636363636363637,2021-08-05,114390.3359375,-30.23886209793045,KRW,55.865530169103295,68.7360999872908,144.72763426601887,80.54187563247979,51.604884245898575,68.08284453582019,99.98630446104471,-18.724614606541913,-61.39954166153314,-30.637907634504312,8.256284236396372,-17.9447766173886,-44.12681769744889
036460.KS,Kogas,US,KSC,2976092258304.0,2026-08-05,33950.0,2026-07-03,33100.0,2.5679758308157163,2026-05-04,38600.0,-12.04663212435233,2026-02-05,41450.0,-18.094089264173707,2025-08-05,39788.91015625,-14.674717486155696,2024-08-05,35345.4375,-3.947998946115749,2021-08-05,31826.517578125,6.672053945777945,KRW,23.767352747381665,21.46381990169175,26.227637007832527,28.38827164086979,28.757732533385706,26.04348405154815,27.818922380295135,10.732166297707124,-9.380502939384638,-16.27756332596,-17.35317546406192,-8.739734283098654,-14.564078282857217
001450.KS,Hyundai M&F INS,US,KSC,2970103054336.0,2026-08-05,36700.0,2026-07-03,36700.0,0.0,2026-05-04,31250.0,17.440000000000012,2026-02-05,30150.0,21.72470978441128,2025-08-05,26550.0,38.22975517890772,2024-08-05,32000.0,14.687500000000009,2021-08-05,21504.876953125,70.6589629877743,KRW,25.692543323384598,23.798253486165777,21.233514416962862,20.649128829245456,19.189211158663966,23.578474298119545,18.796982776650566,7.959785109104733,20.999957043660867,24.42434514232936,33.89056543777915,8.96609763013232,36.68440104812796
375500.KS,DL E&C,US,KSC,2957985710080.0,2026-08-05,70900.0,2026-07-03,64200.0,10.436137071651096,2026-05-04,91300.0,-22.343921139101862,2026-02-05,45136.78515625,57.07808997598187,2025-08-05,45531.42578125,55.716626008221496,2024-08-05,28182.94921875,151.57054873742783,2021-08-05,66005.0,7.416104840542381,KRW,49.63491339585744,41.630732256453484,62.0358357205987,30.913276670957885,32.90817866935754,20.765966993734537,57.69365018350072,19.22661626535087,-19.989933529054717,60.56179978645868,50.82850343849326,139.02047716262467,-13.968152061815509
440110.KQ,FADU,US,KOE,2954727522304.0,2026-08-05,66500.0,2026-07-03,79600.0,-16.4572864321608,2026-05-04,81200.0,-18.103448275862068,2026-02-05,44700.0,48.76957494407159,2025-08-05,11900.0,458.8235294117647,2024-08-05,14030.0,373.984319315752,,,,KRW,46.554608474252746,51.6169203678146,55.1731638610363,30.614131299080327,8.600814040983096,10.337687325081788,,-9.807465957845917,-15.620919272440059,52.06901681920755,441.28142118198184,350.3387170677889,
AMZN,"Amazon.com, Inc.",US,NMS,2940888154112.0,2026-08-05,272.6499938964844,2026-07-02,242.6699981689453,12.354224236103216,2026-05-05,273.54998779296875,-0.3290052775164143,2026-02-05,222.69000244140625,22.434770715952325,2025-08-05,213.75,27.55555270010965,2024-08-05,161.02000427246094,69.32678341949057,2021-08-05,168.79949951171875,61.52298714461288,USD,272.6499938964844,242.6699981689453,273.54998779296875,222.69000244140625,213.75,161.02000427246094,168.79949951171875,12.354224236103217,-0.3290052775164143,22.434770715952325,27.555552700109654,69.32678341949057,61.522987144612884
214150.KQ,CLASSYS,US,KOE,2934886367232.0,2026-08-05,44900.0,2026-07-03,46450.0,-3.336921420882666,2026-05-04,56300.0,-20.248667850799286,2026-02-05,69100.0,-35.02170767004341,2025-08-05,54454.80078125,-17.546296459025758,2024-08-05,41624.13671875,7.870105038777542,2021-08-05,23557.453125,90.59785351902296,KRW,31.433111586375162,30.1206777774496,38.25429957360029,47.325200733030215,39.357614719185904,30.669801181389403,20.591098550230527,4.357251913860116,-17.831166857731485,-33.58060589389811,-20.13461229637916,2.488801281988562,52.653883471522
NESTLEIND.BO,NESTLE INDIA LTD.,US,BSE,2933079932928.0,2026-07-17,1427.9000244140625,,,,,,,,,,,,,,,,,,,INR,14.77359102435787,,,,,,,,,,,,
7013.T,IHI CORPORATION,US,JPX,2896362471424.0,2026-08-05,2691.5,2026-07-03,2869.5,-6.203171284195852,2026-05-01,2880.0,-6.545138888888891,2026-02-05,3694.414306640625,-27.146774113501827,2025-08-05,2461.601318359375,9.339395454737945,2024-08-05,591.9310913085938,354.698197057,2021-08-05,318.1039428710937,746.1070855354614,JPY,17.06808138289489,17.773413464426994,18.346520215272903,23.543746647778107,16.769201215132284,4.0659076367313105,2.904289634442136,-3.9684671880492073,-6.968290538898792,-27.5048205443306,1.7823160681792016,319.7852707892884,487.6852356763437
145020.KQ,Hugel,US,KOE,2884478959616.0,2026-08-05,260000.0,2026-07-03,255000.0,1.9607843137254832,2026-05-04,261500.0,-0.5736137667303964,2026-02-05,250000.0,4.000000000000004,2025-08-05,327000.0,-20.48929663608563,2024-08-05,211000.0,23.222748815165883,2021-08-05,232500.0,11.8279569892473,KRW,182.01801809482276,165.35571223357692,177.68204864114523,171.21997370850295,236.34169675642624,155.47056490322575,203.22359923738986,10.076643640655814,2.4402968599459784,6.30653314122287,-22.98522833979205,17.075549450869843,-10.43460563740749
403870.KQ,HPSP,US,KOE,2876861841408.0,2026-08-05,36600.0,2026-07-03,48500.0,-24.53608247422681,2026-05-04,54400.0,-32.72058823529412,2026-02-05,45100.0,-18.8470066518847,2025-08-05,24743.69921875,47.9164440063419,2024-08-05,22540.79296875,62.37228233603555,,,,KRW,25.622536393348128,31.450008013052866,36.96330189704895,30.888083257013932,17.88369375348634,16.6086721147783,,-18.529316804263228,-30.68114838681725,-17.047179068549447,43.27317804999393,54.27203461105925,
4612.T,NIPPON PAINT HOLDINGS CO LTD,US,JPX,2874968899584.0,2026-08-05,1226.0,2026-07-03,1087.5,12.735632183908052,2026-05-01,972.859375,26.020268859515276,2026-02-05,1036.5721435546875,18.274449841543383,2025-08-05,1277.8876953125,-4.060426867152134,2024-08-05,800.62548828125,53.1302735105182,2021-08-05,1297.1868896484375,-5.487789787000585,JPY,7.77464899700135,6.735872849822044,6.1974250659914105,6.605862229942318,8.705372284785426,5.499405817268325,11.843318896134747,15.421552192849797,25.449665211202177,17.693175037185682,-10.691366863318663,41.37252742084758,-34.35413615740155
ETERNAL.BO,Eternal Limited,US,BSE,2861036208128.0,2026-08-04,310.79998779296875,2026-07-03,281.3999938964844,10.447759251657772,2026-05-04,251.9499969482422,23.35780573826165,2026-02-04,294.25,5.624464840431176,2025-08-04,305.1000061035156,1.8682338824730136,2024-08-02,262.45001220703125,18.42254651822881,2021-08-04,138.3000030517578,124.72883653997756,INR,3.2601990339433655,2.9457608083220066,2.6548159835600416,3.2541535466443747,3.4970364403137353,3.133959807376641,1.8635197579424414,10.674261967673893,22.80320195946388,0.18577756741764428,-6.772517541999701,4.0281061125795325,74.94845547240307
BEL.NS,BHARAT ELECTRONICS LTD,US,NSI,2850813902848.0,2026-08-05,390.0,2026-07-03,418.0499877929688,-6.709720993188972,2026-05-05,433.3500061035156,-10.003462672886288,2026-02-05,431.06488037109375,-9.526380422302536,2025-08-05,384.1198120117188,1.5308213230360137,2024-08-05,285.9877624511719,36.36947142680158,2021-08-05,55.110870361328125,607.6643817145502,INR,4.101067101582885,4.376244835360695,4.549157555771444,4.782966931742635,4.37029683062383,3.4153788269606764,0.7428943380724604,-6.287987627070912,-9.849965596818555,-14.256837646822406,-6.16044491885267,20.076492517007203,452.0390843499571
035250.KS,Kangwonland,US,KSC,2834171428864.0,2026-08-05,14180.0,2026-07-03,14890.0,-4.768300873069176,2026-05-04,16950.0,-16.34218289085546,2026-02-05,16793.73046875,-15.563727628079205,2025-08-05,17778.810546875,-20.242133394618836,2024-08-05,12012.38671875,18.044817670301903,2021-08-05,22060.392578125,-35.72190544759012,KRW,9.926982679171488,9.655476686893962,11.517058219760656,11.50168835730824,12.849768351558055,8.851054734597483,19.28254787232845,2.8119377331836892,-13.806264674958058,-13.691082815125789,-22.745823834498736,12.155929172693503,-48.518303987113285
1925.T,DAIWA HOUSE INDUSTRY CO,US,JPX,2831654846464.0,2026-08-05,4513.0,2026-07-03,4503.0,0.2220741727737119,2026-05-01,4763.0,-5.248792777661137,2026-02-05,5359.5078125,-15.794506550129228,2025-08-05,4867.9609375,-7.291778674014882,2024-08-05,3421.25634765625,31.910606555152032,2021-08-05,2847.80908203125,58.4727019966178,JPY,28.619079056661576,27.891159027814865,30.341831869911402,34.1550469495196,33.16207862723604,23.50022243365993,26.000502612962464,2.6098593755848665,-5.677814116945923,-16.208345141612778,-13.699381216843554,21.782162434640572,10.071253170289207
009420.KS,HANALL BIOPHARMA,US,KSC,2827715608576.0,2026-08-05,53100.0,2026-07-03,59300.0,-10.455311973018556,2026-05-04,46300.0,14.686825053995678,2026-02-05,51500.0,3.106796116504862,2025-08-05,27300.0,94.5054945054945,2024-08-05,30700.0,72.9641693811075,2021-08-05,23750.0,123.57894736842104,KRW,37.173679849365726,38.45330876647495,31.459574960172176,35.27131458395161,19.73127927049063,22.62059877975844,20.759399922098964,-3.3277472294525934,18.163325144817133,5.393519600428198,88.39974509387893,64.33552538242179,79.06914452663585
7832.T,BANDAI NAMCO HOLDINGS INC,US,JPX,2825217114112.0,2026-08-05,4407.0,2026-07-03,3916.0,12.538304392236975,2026-05-01,3608.0,22.145232815964523,2026-02-05,3957.1865234375,11.367002133924164,2025-08-05,4903.99755859375,-10.13453927444994,2024-08-05,2592.753173828125,69.97375779867205,2021-08-05,2196.448486328125,100.64208322806267,JPY,27.946882650721818,24.25533616542816,22.984112825244665,25.21834023280735,33.40757140696746,17.809327951201112,20.05357907183793,15.219523077793195,21.59217483489848,10.819674858557192,-16.345662154617948,56.92272458173808,39.36107141078262
103590.KS,ILJIN ELECTRIC,US,KSC,2822494224384.0,2026-08-05,61100.0,2026-07-03,75300.0,-18.857901726427627,2026-05-04,144100.0,-57.59888965995836,2026-02-05,66300.0,-7.843137254901967,2025-08-05,41996.95703125,45.48673122801588,2024-08-05,18663.447265625,227.37789075299156,2021-08-05,5529.521484375,1004.97807400971,KRW,42.77423425228335,48.82856914191507,97.91198167949915,45.40753702749498,30.3536149338604,13.751737864589018,4.833244120925428,-12.399165070832685,-56.31358540745435,-5.799263619202966,40.91973672818576,211.04602686201432,785.000492052392
4004.T,RESONAC HOLDINGS CORPORATION,US,JPX,2804339703808.0,2026-08-05,16175.0,2026-07-03,17500.0,-7.571428571428573,2026-05-01,14045.0,15.16553933784266,2026-02-05,8804.0,83.72330758746025,2025-08-05,3539.882080078125,356.9361248226387,2024-08-05,2565.305419921875,530.5292100654666,2021-08-05,2749.9111328125,488.2008260920363,JPY,102.5733666610904,108.3933562040329,89.47113764705136,56.10609105601907,24.114788384267854,17.620792437765203,25.106694140854415,-5.369323127136417,14.6440845155285,82.82037605984016,325.35462068581876,482.11551508462975,308.5498715427442
139130.KS,iM Financial Group,US,KSC,2790363234304.0,2026-08-05,17290.0,2026-07-03,17710.0,-2.371541501976282,2026-05-04,19300.0,-10.41450777202072,2026-02-05,16154.521484375,7.0288588660658124,2025-08-05,13402.5556640625,29.005246710978128,2024-08-05,6857.625,152.12810557591,2021-08-05,6877.17626953125,151.4113252644387,KRW,12.104198203305714,11.484116328065284,13.113818503916264,11.063906975312534,9.68679738996019,5.052885462770064,6.011202211114437,5.399473999797899,-7.698904024857756,9.40256665492971,24.95562481621656,139.55021922602654,101.36068922994484
9766.T,KONAMI GROUP CORPORATION,US,JPX,2763996528640.0,2026-08-05,20190.0,2026-07-03,18265.0,10.539282781275672,2026-05-01,18970.0,6.431207169214548,2026-02-05,18662.390625,8.18549673348723,2025-08-05,22807.845703125,-11.47782976612437,2024-08-05,9877.1142578125,104.4119311875968,2021-08-05,5537.55859375,264.6011081993348,JPY,128.03439090494066,113.13169434666634,120.84496127907187,118.93159787928744,155.37420744245628,67.8447793660007,50.55792103294152,13.1728748909288,5.9493002850701915,7.653805370455324,-17.596110054264358,88.71664423026043,153.24298999857723
302440.KS,SKBS,US,KSC,2757747802112.0,2026-08-05,34600.0,2026-07-03,37700.0,-8.222811671087538,2026-05-04,43300.0,-20.09237875288684,2026-02-05,48750.0,-29.025641025641026,2025-08-05,46200.0,-25.108225108225117,2024-08-05,49350.0,-29.888551165146914,2021-08-05,208000.0,-83.36538461538461,KRW,24.22239779261872,24.446707259630784,29.42115757614374,33.387894873158075,33.39139568852261,36.362428331631236,181.80863931775093,-0.9175447009277526,-17.670140170624883,-27.451557264569804,-27.459163376796138,-33.38619310100379,-86.6769819720807
095340.KQ,ISC,US,KOE,2751571165184.0,2026-08-05,140200.0,2026-07-03,167000.0,-16.04790419161677,2026-05-04,247500.0,-43.35353535353536,2026-02-05,148800.0,-5.779569892473113,2025-08-05,58919.6015625,137.95137149948374,2024-08-05,41705.33984375,236.1679835849857,2021-08-05,27034.373046875,418.59904336197,KRW,98.14971591113135,108.29178016865626,168.16943418234587,101.91012835130095,42.58458289141845,30.72963386250626,23.630204704138578,-9.365497770679742,-41.63641187927899,-3.6899300403261615,130.48180643542304,219.3976093248721,315.35702775330367
006360.KS,GS E&C,US,KSC,2737666785280.0,2026-08-05,31150.0,2026-07-03,28550.0,9.106830122591948,2026-05-04,35950.0,-13.351877607788598,2026-02-05,19083.111328125,63.23334001668073,2025-08-05,18994.990234375,63.99060813218122,2024-08-05,16427.23046875,89.62417346769168,2021-08-05,38495.01953125,-19.080441108199363,KRW,21.807158706360497,18.513355232425965,24.427034985274076,13.06963927951199,13.728771320684814,12.10403223114713,33.64772654560966,17.791499339706206,-10.725314310529221,66.85356221380549,58.84275582261442,80.16441372524153,-35.189800485329116
IBEN.MX,IBERDROLA SA,US,MEX,2735187427328.0,2026-08-04,409.8800048828125,2026-07-03,432.445068359375,-5.218018455423856,2026-05-04,403.5982360839844,1.5564410934444606,2026-02-04,399.1226806640625,2.695242525644481,2025-08-04,329.0936889648437,24.5481206801869,2024-08-02,245.20872497558597,67.15555489455849,2021-08-04,246.3782958984375,66.36205855233854,MXN,23.655840700592762,24.744658578533745,23.133346768387696,23.153117406820456,17.44188684712412,12.957689981188198,12.404130967551282,-4.400213785473461,2.258617991751488,2.171298512157205,35.62661487219325,82.56217531779197,90.70937546915225
008930.KS,Hanmi Science,US,KSC,2708548091904.0,2026-08-05,40350.0,2026-07-03,31800.0,26.88679245283019,2026-05-04,38050.0,6.044678055190533,2026-02-05,45640.625,-11.591920575145496,2025-08-05,43160.15625,-6.510996470268804,2024-08-05,26360.771484375,53.06835774482901,2021-08-05,72676.015625,-44.47962006034918,KRW,28.247796269715764,20.62082999618724,25.85392715409398,31.25834645015857,31.194325872775153,19.42333665384183,63.5246514991195,36.986708463911185,9.259208867395262,-9.631188217979247,-9.445722966018554,45.43225385597436,-55.532544290924136
7532.T,PAN PACIFIC INTL HLDGS CORP,US,JPX,2672593731584.0,2026-08-05,883.5,2026-07-03,818.2999877929688,7.967739604015112,2026-05-01,882.0656127929688,0.1626168378211057,2026-02-05,954.180419921875,-7.407448156152907,2025-08-05,1030.7646484375,-14.286932391475917,2024-08-05,603.6741943359375,46.3537796197965,2021-08-05,440.6485595703125,100.49991786232616,JPY,5.602693628752604,5.068473260491373,5.619039790383084,6.080796629260249,7.021892483634929,4.1465696816532045,4.023122229926344,10.540064844091535,-0.29090667160706074,-7.862506011252801,-20.211059314705814,35.11635059558085,39.26232683353446
004800.KS,Hyosung,US,KSC,2669801373696.0,2026-08-05,161800.0,2026-07-03,172400.0,-6.148491879350349,2026-05-04,221000.0,-26.78733031674209,2026-02-05,145600.0,11.126373626373631,2025-08-05,80898.125,100.00463545972173,2024-08-05,36065.046875,348.6338269870888,2021-08-05,109608.8515625,47.61581541408644,KRW,113.27121279900894,111.7934305453673,150.16341395676136,99.71851268783212,58.46972515875677,26.573711900083254,95.80690461422819,1.3218864887073467,-24.568035705671498,13.59095693053849,93.72626173879794,326.2528818890901,18.228652992288772
9735.T,SECOM CO,US,JPX,2663443595264.0,2026-08-05,6624.0,2026-07-03,6573.0,0.7759014148790433,2026-05-01,5730.0,15.602094240837694,2026-02-05,5849.5283203125,13.239899651364118,2025-08-05,5522.80615234375,19.939027684122657,2024-08-05,4192.9677734375,57.97879587730479,2021-08-05,3827.7744140625,73.05095032937965,JPY,42.00593389570713,40.71254459023476,36.50193084497005,37.27784740733932,37.62308987653137,28.801020829804656,34.94758805378751,3.17688152015585,15.078662753796568,12.683367783293553,11.649346275276828,45.84876745839996,20.196947014072
6361.T,EBARA CORP,US,JPX,2661995249664.0,2026-08-05,6019.0,2026-07-03,6063.0,-0.7257133432294283,2026-05-01,5214.3134765625,15.432262119537633,2026-02-05,4962.64990234375,21.286008855014327,2025-08-05,2731.096435546875,120.38767733204394,2024-08-05,1458.992919921875,312.54483951315547,2021-08-05,1000.262939453125,501.7417783458793,JPY,38.169341201428324,37.5536524951458,33.21684291893189,31.62595266924609,18.605086584914602,10.021657152580019,9.132402637170571,1.639490876052907,14.909599610605273,20.68993336142313,105.15540751300149,280.8685591644077,317.95508496386293
9503.T,KANSAI ELECTRIC POWER CO INC,US,JPX,2658139373568.0,2026-08-05,2341.5,2026-07-03,2275.5,2.9004614370468085,2026-05-01,2404.0,-2.599833610648916,2026-02-05,2457.94384765625,-4.737449464815235,2025-08-05,1851.858154296875,26.440569682240863,2024-08-05,2012.41162109375,16.352935724322126,2021-08-05,903.3164672851562,159.21148177860488,JPY,14.848564948188141,14.094233259558678,15.31424812413752,15.663973344750502,12.615439299482091,13.823027542552609,8.247281152438575,5.352059063715853,-3.040849098006937,-5.205629367568032,17.701529020854046,7.419050584096221,80.04193956450342
336260.KS,Doosanfc,US,KSC,2657192771584.0,2026-08-05,34600.0,2026-07-03,56600.0,-38.869257950530034,2026-05-04,60600.0,-42.9042904290429,2026-02-05,34850.0,-0.717360114777621,2025-08-05,22700.0,52.4229074889868,2024-08-05,16700.0,107.18562874251498,2021-08-05,49450.0,-30.03033367037411,KRW,24.22239779261872,36.70248357811943,41.17603115737438,23.86806433496531,16.406594851287082,12.305016274331138,43.223255837801844,-34.0033822477911,-41.173548999802925,1.4845504548700816,47.63817850185104,96.84978266260258,-43.959802835041195
4307.T,NOMURA RESEARCH INSTITUTE,US,JPX,2651286667264.0,2026-08-05,4570.0,2026-07-03,4910.0,-6.924643584521384,2026-05-01,4183.0,9.251733205833125,2026-02-05,4296.19091796875,6.373298749039469,2025-08-05,6024.16259765625,-24.138833806079607,2024-08-05,4056.18017578125,12.667578903094087,2021-08-05,3498.976806640625,30.60961111050251,JPY,28.98054316174239,30.41207879781723,26.647046548780054,27.378745892503048,41.038487426591246,27.8614423111444,31.945665240615426,-4.707128524793857,8.757055340788478,5.85051366314755,-29.382038717722835,4.01666517512036,-9.281766576277795
ASIANPAINT.NS,ASIAN PAINTS LIMITED,US,NSI,2645858189312.0,2026-08-05,2760.0,2026-07-03,2737.800048828125,0.8108682436972492,2026-05-05,2409.0986328125,14.565670429933398,2026-02-05,2411.1806640625,14.466744078388082,2025-08-05,2412.075927734375,14.42425871694779,2024-08-05,3028.82958984375,-8.875692140131864,2021-08-05,2849.845458984375,-3.1526431968838757,INR,29.022936411201954,28.65992984998684,25.289879067036964,26.753739188263353,27.443228525478844,36.171479377165724,38.4159067345563,1.266599615264874,14.76107234150712,8.481794664179422,5.75627566653274,-19.76292672861064,-24.450731797786986
SHRIRAMFIN.NS,SHRIRAM FINANCE LIMITED,US,NSI,2640949542912.0,2026-08-05,1122.4000244140625,2026-07-03,1063.5999755859375,5.528398850867977,2026-05-05,958.9754638671876,17.041578925058754,2026-02-05,986.420166015625,13.78518638235986,2025-08-05,622.7608032226562,80.22971558355604,2024-08-05,562.4491577148438,99.5558192271502,2021-08-05,243.8397979736328,360.3022286523676,INR,11.802661063949586,11.134012763930059,10.066990690681452,10.945023010910063,7.0854183498290695,6.716990013966495,3.286959616563365,6.005456560869882,17.24120371815545,7.835872543937317,66.57677050550326,75.71354191994575,259.0753292031526
310210.KQ,VRNI,US,KOE,2639825731584.0,2026-08-05,147500.0,2026-07-03,178900.0,-17.551704863051988,2026-05-04,292000.0,-49.48630136986301,2026-02-05,218500.0,-32.49427917620137,2025-08-05,115800.0,27.3747841105354,2024-08-05,58900.0,150.42444821731752,,,,KRW,103.26022180379368,116.00838007288985,198.40595871210098,149.64625702123158,83.69531646603718,43.39912925497629,,-10.98899774403047,-47.95508034432046,-30.997123577141473,23.376344297229302,137.9315520298222,
319400.KQ,HYUNDAI MOVEX,US,KOE,2632504573952.0,2026-08-05,24450.0,2026-07-03,23250.0,5.161290322580636,2026-05-04,32450.0,-24.65331278890601,2026-02-05,33250.0,-26.46616541353384,2025-08-05,5016.94189453125,387.3486780194102,2024-08-05,2456.013427734375,895.5157298368133,2021-08-05,4615.08154296875,429.7847886837556,KRW,17.116694393916987,15.076550233061425,22.048881370574236,22.772256503230892,3.6260322932168663,1.8096577963022327,4.033950459940456,13.531903050219807,-22.369329734975107,-24.83531708204456,372.0502469306957,845.8525489676784,324.3159296053834
POWERGRID.BO,POWER GRID CORPORATION OF INDI,US,BSE,2622770380800.0,2026-08-04,282.5,2026-07-03,287.95001220703125,-1.8926938621252052,2026-05-04,319.25,-11.511354737666402,2026-02-04,286.139404296875,-1.2718990262169716,2025-08-04,278.88751220703125,1.2953207421804611,2024-08-02,335.0346069335937,-15.680352371480977,2021-08-04,101.54035949707033,178.2144965797081,INR,2.963340615388006,3.0143279286187408,3.3639611550606787,3.164457289132997,3.1965905389249087,4.000704680409171,1.368202906550579,-1.6914985508593494,-11.909190421833104,-6.3554870667915875,-7.296834570978561,-25.929533616939416,116.58634119254873
4091.T,NIPPON SANSO HOLDINGS CORPORATI,US,JPX,2614433939456.0,2026-08-05,5936.0,2026-07-03,6275.0,-5.402390438247007,2026-05-01,5524.0,7.458363504706744,2026-02-05,5541.6962890625,7.115216900567556,2025-08-05,5360.90380859375,10.727597657774556,2024-08-05,3584.564697265625,65.59890813319942,2021-08-05,2348.0615234375,152.80427879546585,JPY,37.64299873262644,38.866760581731796,35.1896450240165,35.3160968422244,36.520160267542224,24.62196899431251,21.437806403787363,-3.1486077841037075,6.971805788138963,6.588785563697863,3.074571570492668,52.88378740677355,75.59165347241938
084370.KQ,Eugenetech,US,KOE,2588259647488.0,2026-08-05,123300.0,2026-07-03,171600.0,-28.146853146853147,2026-05-04,132000.0,-6.590909090909092,2026-02-05,96336.6796875,27.988633612829997,2025-08-05,42078.6640625,193.02261073892663,2024-08-05,38515.4453125,220.1313109574345,2021-08-05,47649.3515625,158.76532619393925,KRW,86.31854473496787,111.2746675265953,89.69036489725113,65.97905505303288,30.412669302063932,28.379232418169067,41.64934505745805,-22.42749706321321,-3.7594006515036416,30.827191546751376,183.82429663650055,204.16095637493234,107.25066532471442
DMART.BO,Avenue Supermarts Limited,US,BSE,2582894084096.0,2026-08-04,3999.0,2026-07-03,3993.199951171875,0.1452481443215303,2026-05-04,4374.14990234375,-8.576521397740343,2026-02-04,3823.949951171875,4.577728554592597,2025-08-04,4192.0498046875,-4.6051410093371,2024-08-02,4907.7998046875,-18.51745875655918,2021-08-04,3592.199951171875,11.324538008955075,INR,41.948315472342074,41.80174900885959,46.090745052143575,42.28961867730345,48.04900240358711,58.604864222328615,48.40300387400157,0.35062280157565073,-8.987551785320614,-0.8070614388030695,-12.69680248510131,-28.421785411526212,-13.335305425385934
017800.KS,Hyundai Elevator,US,KSC,2581512060928.0,2026-08-05,71200.0,2026-07-03,72100.0,-1.2482662968099856,2026-05-04,98867.2421875,-27.984235804847835,2026-02-05,84546.1640625,-15.785652974904885,2025-08-05,69277.6015625,2.7749206008029548,2024-08-05,31755.115234375,124.21584514650354,2021-08-05,36305.6171875,96.11290349999646,KRW,49.84493418596685,46.753517066827044,67.17756839531648,57.90396795174411,50.07090489448592,23.39803651211048,31.734013752165993,6.612159497479286,-25.801222972753568,-13.91793006740657,-0.4513014274362681,113.03041458272727,57.07100455442608
5801.T,FURUKAWA ELECTRIC CO,US,JPX,2570581966848.0,2026-08-05,3919.0,2026-07-03,4000.0,-2.024999999999999,2026-05-01,4119.0,-4.855547462976451,2026-02-05,1427.7274169921875,174.4921722002236,2025-08-05,969.7621459960938,304.1197128781088,2024-08-05,285.8220520019531,1271.1328333662725,2021-08-05,244.22412109375,1504.673601628243,JPY,24.85224259318784,24.77562427520752,26.239346099551767,9.09861477293714,6.606324279946961,1.9632793091030578,2.229766713896879,0.3092487887661033,-5.286349366715449,173.14314556000534,276.1886571118693,1165.8536397728255,1014.5669382495406
1398.HK,ICBC,US,HKG,2567907049472.0,2026-08-05,7.204999923706055,2026-07-03,6.429999828338623,12.052878943352564,2026-05-05,6.900000095367432,4.420287306131998,2026-02-05,6.281352996826172,14.70458557808454,2025-08-05,5.842040061950684,23.33020395790084,2024-08-05,3.7726337909698486,90.98063376710176,2021-08-05,3.04885482788086,136.31823522125424,HKD,0.9187473053056294,0.8198591685464791,0.8808829474009698,0.8040440160025355,0.744281016212426,0.4833630153456383,0.39210794940601096,12.061600400769823,4.298455091721065,14.265797272314028,23.44091617183055,90.0739767292003,134.30978808193098
ENRN.MX,SIEMENS ENERGY AG,US,MEX,2565308416000.0,2026-08-05,3015.0,2026-07-03,3252.489990234375,-7.301790042319589,2026-05-05,3610.0,-16.481994459833793,2026-02-05,2990.482666015625,0.8198453802456207,2025-08-05,2262.055419921875,33.28585911056634,2024-08-05,475.6101684570313,533.9225273044996,2021-08-05,549.7792358398438,448.40194089801895,MXN,174.73196798935533,186.1086187056835,206.05140574276447,172.61700372299674,119.86684916299237,24.354755233153586,27.5434986689977,-6.112909114821541,-15.199817560336603,1.2252351858409671,45.77172021244886,617.4449766240992,534.3855226570379
7012.T,KAWASAKI HEAVY INDUSTRIES,US,JPX,2564582801408.0,2026-08-05,2924.0,2026-07-03,2820.0,3.687943262411353,2026-05-01,3151.0,-7.204062202475403,2026-02-05,2718.71435546875,7.550835346799634,2025-08-05,2194.874267578125,33.2194760853618,2024-08-05,779.3615112304688,275.1789070752982,2021-08-05,426.9175109863281,584.909830295914,JPY,18.542474443092942,17.4668151140213,20.07287680497393,17.3258104478914,14.952172782985258,5.3533459668101955,3.8977577289001886,6.158302598669896,-7.624230332055659,7.02226310775329,24.011905909709984,246.37168152503176,375.7215746275996
005850.KS,SLCORP,US,KSC,2560683671552.0,2026-08-05,56100.0,2026-07-03,59600.0,-5.87248322147651,2026-05-04,63700.0,-11.930926216640502,2026-02-05,52286.4375,7.293597885684977,2025-08-05,31275.923828125,79.37120037858594,2024-08-05,30228.556640625,85.5861021316699,2021-08-05,27980.11328125,100.49954564549122,KRW,39.273887750459835,38.64784489851445,43.2823957875371,35.80992981624513,22.604907966861788,22.273226431882108,24.45685732509901,1.6198648426304585,-9.261289640143922,9.673177110342412,73.74053372849092,76.32778919825832,60.584359749912565
COALINDIA.NS,COAL INDIA LTD,US,NSI,2560613679104.0,2026-08-05,415.5,2026-07-03,432.9165649414063,-4.023076581457108,2026-05-05,466.3696594238281,-10.907583372098983,2026-02-05,420.5967712402344,-1.2117951417471071,2025-08-05,349.8974914550781,18.749065125362385,2024-08-05,439.7119445800781,-5.506319507240221,2021-08-05,94.70281982421876,338.74089575286587,INR,4.369213796686381,4.53187163446387,4.895786385298152,4.666815925036474,3.980934724352892,5.251213732394973,1.2765936771754698,-3.5891978170897842,-10.755628354068858,-6.376984503578143,9.753464932701327,-16.79611572973111,242.25563503913753
7735.T,SCREEN HOLDINGS CO LTD,US,JPX,2559303745536.0,2026-08-05,13690.0,2026-07-03,18940.0,-27.71911298838437,2026-05-01,10390.0,31.761308950914334,2026-02-05,9987.7109375,37.06844426783853,2025-08-05,5850.68359375,133.98975146467257,2024-08-05,4328.6298828125,216.2663561132422,2021-08-05,2356.160400390625,481.0300520172714,JPY,86.8147999746725,117.3125809431076,66.18761980440468,63.64963872110093,39.8566939731154,29.73286849690976,21.511749166562595,-25.99702497656704,31.164710607851642,36.39480399107422,117.81736346028056,191.98259153399698,303.5692276926303
8601.T,DAIWA SECURITIES GROUP,US,JPX,2527889195008.0,2026-08-05,1811.0,2026-07-03,1684.0,7.541567695961993,2026-05-01,1453.0,24.63867859600825,2026-02-05,1525.3773193359375,18.724723191007357,2025-08-05,1016.7809448242188,78.1111270051472,2024-08-05,768.457763671875,135.66682329378895,2021-08-05,472.9112548828125,282.9471135020388,JPY,11.484412180725485,10.430537819862366,9.256074261385947,9.720917625334891,6.926631103217659,5.27844935955568,4.317680702636721,10.103739414628055,24.07433061158133,18.14123546108992,65.80083462782622,117.57170332486054,165.98567545099348
HINDZINC.NS,HINDUSTAN ZINC LIMITED,US,NSI,2522304217088.0,2026-08-05,596.9500122070312,2026-07-03,536.5499877929688,11.257110388262316,2026-05-05,611.25,-2.339466305598159,2026-02-05,599.84033203125,-0.4818481969078636,2025-08-05,413.6423950195313,44.31548105189862,2024-08-05,573.0513305664062,4.170425992555238,2021-08-05,208.7253570556641,185.9978397583161,INR,6.277261682953224,5.616730490504551,6.416689781472087,6.655648843304334,4.706187995089295,6.843605350114615,2.813617076851927,11.760065638993078,-2.1728976040178205,-5.68520318994552,33.383147666503675,-8.275516167101982,123.10291384699252
012750.KS,S-1,US,KSC,2518862790656.0,2026-08-05,73600.0,2026-07-03,72300.0,1.7980636237897585,2026-05-04,78300.0,-6.0025542784163495,2026-02-05,85300.0,-13.716295427901526,2025-08-05,70852.578125,3.877659709365733,2024-08-05,50185.9609375,46.654559612117616,2021-08-05,68498.140625,7.448172064889524,KRW,51.525100506842136,46.883207821520045,53.20269372314215,58.420255029341206,51.209230989693424,36.97838719035235,59.87285453282311,9.900970733473136,-3.1532110479779885,-11.802677888064716,0.6168214422362261,39.33842014690414,-13.942468738323843
014680.KS,Hanchem,US,KSC,2507368038400.0,2026-08-05,225500.0,2026-07-03,262500.0,-14.095238095238097,2026-05-04,286500.0,-21.291448516579404,2026-02-05,275441.40625,-18.131408392778635,2025-08-05,173488.453125,29.97983205114245,2024-08-05,135542.453125,66.36853974602283,2021-08-05,251625.6875,-10.382758517053237,KRW,157.8656272322405,170.21911553456448,194.66886017471552,188.64428134543232,125.39007761226367,99.87138272849643,219.94098010465677,-7.257403649130978,-18.90555731894873,-16.315710125785397,25.899616810509585,58.06893117861731,-28.223641107208998
026960.KS,DONGSUH,US,KSC,2501434671104.0,2026-08-05,25200.0,2026-07-03,25950.0,-2.8901734104046284,2026-05-04,26200.0,-3.8167938931297662,2026-02-05,26100.0,-3.4482758620689613,2025-08-05,27850.935546875,-9.518299815865417,2024-08-05,16280.4658203125,54.78672587217344,2021-08-05,25758.111328125,-2.1667401037886003,KRW,17.641746369190514,16.827375421416946,17.802178487181664,17.875365255167708,20.12947205933426,11.995892028301625,22.51464986519977,4.839560105951413,-0.9011937393317737,-1.3069320970079512,-12.358623628135156,47.06489794647,-21.643256835813208
080220.KQ,JSC,US,KOE,2499286401024.0,2026-08-05,75500.0,2026-07-03,91500.0,-17.486338797814206,2026-05-04,56700.0,33.15696649029982,2026-02-05,41900.0,80.1909307875895,2025-08-05,14780.0,410.8254397834912,2024-08-05,12170.0,520.3779786359902,2021-08-05,6000.0,1158.3333333333337,KRW,52.85523217753507,59.33352027204819,38.52608855813742,28.696467593545094,10.682355590397492,8.96718850650359,5.244479980319738,-10.918428680465498,37.193351714837085,84.1872418799873,394.790046355013,489.42925242623164,907.825988007922
383220.KS,F&F,US,KSC,2488776523776.0,2026-08-05,65000.0,2026-07-03,79100.0,-17.825537294563844,2026-05-04,76600.0,-15.143603133159267,2026-02-05,73600.0,-11.684782608695654,2025-08-05,62688.890625,3.686633073194545,2024-08-05,44767.078125,45.1959849121826,2021-08-05,114236.65625,-43.10057547749696,KRW,45.50450452370569,51.2926934810821,52.04759053885937,50.40716025978327,45.30886476480282,32.985606280381944,99.85197612029879,-11.28462664864972,-12.571352386175361,-9.726109764586566,0.43179135014401737,37.952609198422735,-54.4280380902195
257720.KQ,Silicon2,US,KOE,2475503386624.0,2026-08-05,37100.0,2026-07-03,36100.0,2.7700831024930705,2026-05-04,43400.0,-14.516129032258062,2026-02-05,42958.51171875,-13.637604014556558,2025-08-05,51292.26171875,-27.66940127649311,2024-08-05,35964.109375,3.1584005408169524,,,,KRW,25.97257104353048,23.409181222086772,29.489104822278023,29.421420988163163,37.071865948269306,26.499338392287427,,10.950360873899868,-11.924857671810107,-11.722241240558118,-29.939941302730666,-1.9878509454042126,
000240.KS,HANKOOK & COMPANY,US,KSC,2462671699968.0,2026-08-05,25450.0,2026-07-03,25550.0,-0.3913894324853229,2026-05-04,25300.0,0.5928853754940677,2026-02-05,26633.642578125,-4.444163334598327,2025-08-05,22870.830078125,11.277115491937773,2024-08-05,13356.0478515625,90.55038049315353,2021-08-05,14507.646484375,75.42473224316649,KRW,17.81676369428169,16.567993912030943,17.190653271973133,18.24084632795291,16.530063568476976,9.841100968516287,12.680843591476787,7.537241918853832,3.642156074018077,-2.3249065643480615,7.783999864697844,81.0444151653478,40.50140722701543
AMZN.SW,AMAZON.COM INC,US,EBS,2454425698304.0,2026-08-04,227.5500030517578,2026-07-03,195.8000030517578,16.215525794249963,2026-05-04,212.94000244140625,6.861087838285207,2026-02-04,185.1300048828125,22.913626667809584,,,,,,,,,,CHF,280.797645800174,243.40821278388103,272.60508133631083,238.64339656589436,,,,15.360793536367057,3.0052867773789016,17.66411718944838,,,
1812.T,KAJIMA CORP,US,JPX,2442581245952.0,2026-08-05,5252.0,2026-07-03,6128.0,-14.295039164490865,2026-05-01,6077.0,-13.575777521803523,2026-02-05,6619.50830078125,-20.658759512694523,2025-08-05,3827.9248046875,37.20227715990249,2024-08-05,2090.65283203125,151.21339705632658,2021-08-05,1179.614013671875,345.2303837635581,JPY,33.30542947165668,37.95625638961792,38.712431718129665,42.184772315959435,26.07702588044731,14.36045756055455,10.769878303389078,-12.253123359218765,-13.967095339920988,-21.04869211524345,27.71943251637936,131.9245701692707,209.24610783369846
161890.KS,KOLMAR KOREA,US,KSC,2433683292160.0,2026-08-05,102300.0,2026-07-03,117800.0,-13.157894736842104,2026-05-04,88700.0,15.332581736189413,2026-02-05,67855.3984375,50.76177040538066,2025-08-05,95650.3984375,6.951985220265433,2024-08-05,55627.734375,83.90107227875035,2021-08-05,51084.41015625,100.25679006001783,KRW,71.61708942730911,76.38785451417789,60.26920732110739,46.47279814579497,69.13204116864517,40.98803453823621,44.65186106181591,-6.245449773672207,18.82865664010067,54.10539559643299,3.5946403674119054,74.72682023945355,60.38993162717814
011170.KS,LOTTE CHEMICAL Corp,US,KSC,2433044447232.0,2026-08-05,57700.0,2026-07-03,63500.0,-9.133858267716532,2026-05-04,106200.0,-45.66854990583804,2026-02-05,75142.9296875,-23.21300188858836,2025-08-05,63613.05859375,-9.295353382569404,2024-08-05,86660.21875,-33.41812329547113,2021-08-05,228696.484375,-74.77005378649035,KRW,40.39399863104336,41.17681461502798,72.15997539460659,51.46388178189454,45.97681407924415,63.85361688957164,199.89902231236556,-1.9011086488922357,-44.02160143466109,-21.51000423513655,-12.142675737771713,-36.739685864779304,-79.79279830197316
5713.T,SUMITOMO METAL MINING CO,US,JPX,2424670781440.0,2026-08-05,8563.0,2026-07-03,7930.0,7.982345523329126,2026-05-01,9532.0,-10.165757448594205,2026-02-05,8673.23046875,-1.2709274721473762,2025-08-05,3404.56005859375,151.5156100238378,2024-08-05,3420.9130859375,150.3132872682532,2021-08-05,3707.018798828125,130.9942426703356,JPY,54.30205494398251,49.11767512559891,60.72188565693796,55.272723583544575,23.19293227776302,23.497864607784322,33.845089045254326,10.555018748600409,-10.572515401161509,-1.7561440374742943,134.13190834884804,131.09357318363917,60.442937146287726
450080.KS,ECOPRO MAT,US,KSC,2423693246464.0,2026-08-05,33900.0,2026-07-03,40050.0,-15.355805243445698,2026-05-04,84800.0,-60.02358490566038,2026-02-05,66200.0,-48.79154078549849,2025-08-05,54500.0,-37.79816513761468,2024-08-05,72300.0,-53.11203319502075,,,,KRW,23.73234928236343,25.970573627273552,57.61926472187042,45.33904903801158,39.39028279273771,53.27261536731385,,-8.618309233491871,-58.81178040552921,-47.65582916733303,-39.75075170889886,-55.45112790365321,
226950.KQ,OliX,US,KOE,2415769419776.0,2026-08-05,121500.0,2026-07-03,149300.0,-18.620227729403883,2026-05-04,174200.0,-30.25258323765786,2026-02-05,132100.0,-8.024224072672215,2025-08-05,51000.0,138.23529411764704,2024-08-05,13980.0,769.098712446352,2021-08-05,47900.0,153.6534446764092,KRW,85.05841999431141,96.81414837832563,118.36410276591778,90.47263410757296,36.86063160421327,10.300845958990976,41.86843184288591,-12.142572734385638,-28.138330788915965,-5.984366617229242,130.75681639863438,725.7420830574515,103.15645045770717
8795.T,T&D HOLDINGS INC,US,JPX,2415392194560.0,2026-08-05,5032.0,2026-07-03,4954.0,1.574485264432779,2026-05-01,3782.0,33.051295610787946,2026-02-05,3948.016845703125,27.45639637978348,2025-08-05,3668.9521484375,37.1508756837557,2024-08-05,1922.5042724609373,161.7419410755688,2021-08-05,1209.49462890625,316.0415333593052,JPY,31.910304855555296,30.684610664844513,24.09254842158407,25.159903752353102,24.994054222739123,13.205464145779045,11.042688380223353,3.994491584392379,32.44885637323216,26.829995733075318,27.67158369418874,141.64470482285174,188.9722480325019
489790.KS,Hanwha Vision,US,KSC,2410565599232.0,2026-08-05,49000.0,2026-07-03,50900.0,-3.7328094302554016,2026-05-04,88700.0,-44.7576099210823,2026-02-05,62100.0,-21.0950080515298,2025-08-05,58600.0,-16.38225255972696,,,,,,,KRW,34.303395717870444,33.006297069368884,60.26920732110739,42.53104146919213,42.35358847072348,,,3.9298520696686046,-43.083048139150215,-19.345037100211815,-19.00710906330323,,
TATASTEEL.NS,TATA STEEL LIMITED,US,NSI,2407418298368.0,2026-08-05,192.9900054931641,2026-07-03,189.8000030517578,1.680717803010956,2026-05-05,207.050048828125,-6.790649610825428,2026-02-05,193.7640380859375,-0.3994717494637201,2025-08-05,156.3946990966797,23.399326580667523,2024-08-05,143.4474639892578,34.53706334440063,2021-08-05,124.74874877929688,54.70295885259604,INR,2.029397339646963,1.9868707268520325,2.1735393579856463,2.149947789595217,1.779369968471542,1.7131062780134272,1.6816126935058264,2.140381466201835,-6.631672797140831,-5.607133835140743,14.051455043393336,18.46301456558299,20.681613993771354
2502.T,ASAHI GROUP HLDGS,US,JPX,2391056056320.0,2026-08-05,1622.0,2026-07-03,1553.0,4.443013522215078,2026-05-01,1524.2161865234375,6.415350679328258,2026-02-05,1674.671142578125,-3.14516332424758,2025-08-05,1839.2615966796875,-11.812435874912918,2024-08-05,1457.479248046875,11.288033923885664,2021-08-05,1458.8104248046875,11.186482658784191,JPY,10.285873305983841,9.61913612484932,9.709744124478618,10.672336621351178,12.529627593205703,10.011259911876778,13.318942095267516,6.931362364361648,5.933515591340677,-3.621168719455259,-17.90758959538874,2.7430452962396767,-22.772595357715264
058610.KQ,SPG,US,KOE,2384066248704.0,2026-08-05,108900.0,2026-07-03,76700.0,41.98174706649282,2026-05-04,129200.0,-15.712074303405576,2026-02-05,148600.0,-26.71601615074024,2025-08-05,24865.41796875,337.9576492012391,2024-08-05,18757.2109375,480.5767198698168,2021-08-05,11640.1611328125,835.5540594109245,KRW,76.23754680971615,49.73640442476608,87.78784200549126,101.77315237233415,17.971666890801544,13.82082549982033,10.174432004788514,53.28318902713826,-13.157055614890979,-25.090709059690642,324.2096588644033,451.6135545645029,649.3051874918971
007340.KS,DN AUTOMOTIVE,US,KSC,2383652585472.0,2026-08-05,46400.0,2026-07-03,37904.609375,22.412552892849845,2026-05-04,50375.17578125,-7.891140268198504,2026-02-05,25976.572265625,78.62248923966571,2025-08-05,25588.861328125,81.32889699551127,2024-08-05,15434.0107421875,200.63475252851623,2021-08-05,6843.72509765625,577.9933345933265,KRW,32.483215536922216,24.57938698093585,34.22854467866273,17.790832081429357,18.49454099190814,11.37220080004903,5.981963210911658,32.15632904968988,-5.099045717910733,82.5840151165793,75.63677601479539,185.63702055614573,443.0193130855403
9101.T,NIPPON YUSEN KABUSHIKI KAISHA,US,JPX,2370892201984.0,2026-08-05,5798.0,2026-07-03,5211.0,11.264632508155811,2026-05-01,5629.0,3.002309468822162,2026-02-05,4952.4814453125,17.07262438080972,2025-08-05,4856.23974609375,19.392787488792763,2024-08-05,3603.871337890625,60.882547027708725,2021-08-05,1647.7298583984375,251.87806851030467,JPY,36.767875109799206,32.276444524526596,35.85852857353166,31.561151172642894,33.08223019048614,24.75458412250805,15.043776901711112,13.915506033694669,2.5359281946074175,16.497256100308167,11.140859906031931,48.52956094046477,144.4058785903502
081660.KS,Misto Holdings,US,KSC,2369153400832.0,2026-08-05,44050.0,2026-07-03,46850.0,-5.976520811099251,2026-05-04,40350.0,9.169764560099123,2026-02-05,49548.05859375,-11.09641578256212,2025-08-05,34792.203125,26.60882624115226,2024-08-05,36901.48828125,19.371879161801253,2021-08-05,47160.484375,-6.595531017592526,KRW,30.838052681065165,30.380059286835603,27.416713815182447,33.934469158916954,25.146325139011424,27.190024781306647,41.222036027811555,1.5075460844410582,12.479026074919663,-9.124694019379243,22.63443071935678,13.416787697327015,-25.190369878238318
CFRIN.MX,COMPAGNIE FINANCIERE RICHEMONT ,US,MEX,2366071635968.0,2026-08-04,4024.340087890625,2026-07-03,3979.75,1.1204243455148033,2026-05-04,3217.0,25.096054954635537,2026-02-04,3421.0400390625,17.634989416652758,2025-08-04,3215.430419921875,25.15711933795799,2024-08-02,2633.8818359375,52.791216104734914,2021-08-04,2563.81884765625,56.96663169355863,MXN,232.26102007920144,227.7226916970685,184.39123341068625,198.45462439283438,170.41704362513428,139.1835640455247,129.07770405439442,1.9929188208306137,25.96098837404974,17.03482384942989,36.28978366160671,66.87388462277961,79.93891492005834
002790.KS,AMOREPACIFIC Holdings,US,KSC,2365034332160.0,2026-08-05,26100.0,2026-07-03,24000.0,8.749999999999991,2026-05-04,28550.0,-8.581436077057791,2026-02-05,30577.513671875,-14.64315810606076,2025-08-05,28506.1328125,-8.440754936232198,2024-08-05,27477.736328125,-5.014009566409627,2021-08-05,56207.6328125,-53.56502543512982,KRW,18.271808739518747,15.562890563160181,19.39893877133727,20.941924347879308,20.603020785536046,20.246346868225032,49.129967504386514,17.406266306151387,-5.810266453770685,-12.750096715113724,-11.314904111798407,-9.752564951878606,-62.809239110757865
4507.T,SHIONOGI & CO,US,JPX,2364860792832.0,2026-08-05,2758.0,2026-07-03,2869.0,-3.8689438828860223,2026-05-01,3128.0,-11.828644501278774,2026-02-05,3390.940673828125,-18.665636904628624,2025-08-05,2529.968994140625,9.013193694764322,2024-08-05,1852.3770751953125,48.88977179277602,2021-08-05,1709.1654052734375,61.365306803572174,JPY,17.48978950548917,17.770316511392593,19.926359456032515,21.609771264352503,17.23494329254993,12.7237683688694,15.604683567516417,-1.5786269519936558,-12.227873114101106,-19.065364961357357,1.4786600026087893,37.45762260401213,12.080385544612348
347850.KQ,D&D Pharmatech,US,KOE,2356663287808.0,2026-08-05,53100.0,2026-07-03,81700.0,-35.00611995104039,2026-05-04,74900.0,-29.105473965287054,2026-02-05,85800.0,-38.11188811188811,2025-08-05,32875.0,61.52091254752852,2024-08-05,6900.0,669.5652173913044,,,,KRW,37.173679849365726,52.978673292091116,50.89248735457659,58.76269497675821,23.760652235068846,5.084108520532027,,-29.832746765073914,-26.956449209545607,-36.739320985756976,56.45058680039226,631.1740042377318,
204320.KS,HL MANDO,US,KSC,2347856035840.0,2026-08-05,50600.0,2026-07-03,50400.0,0.3968253968253954,2026-05-04,58000.0,-12.758620689655176,2026-02-05,60604.37109375,-16.50767248829966,2025-08-05,34145.390625,48.18984077737432,2024-08-05,31558.8046875,60.335603648645005,2021-08-05,59901.9140625,-15.52857568590319,KRW,35.42350659845397,32.68207018263638,39.40940275788307,41.506715301168924,24.678836564903577,23.253389537612293,52.35906484726911,8.388196954775772,-10.114074003904571,-14.655962676342249,43.537992584426256,52.33695948350474,-32.345035760695886
8697.T,JAPAN EXCHANGE GROUP,US,JPX,2345010987008.0,2026-08-05,2292.0,2026-07-03,2179.0,5.185865075722806,2026-05-01,1862.0,23.09344790547798,2026-02-05,1604.50341796875,42.8479350266264,2025-08-05,1459.951171875,56.99155178295507,2024-08-05,1364.9901123046875,67.91330423120232,2021-08-05,1085.0592041015625,111.23271350873374,JPY,14.53466190956533,13.496521323919296,11.861534944735467,10.225172065907373,9.945645861839694,9.37596251180696,9.906592702955663,7.691912313776594,22.536096527846784,42.14589070854464,46.14095566516365,55.02047807104735,46.717063529106916
7453.T,RYOHIN KEIKAKU CO,US,JPX,2340952735744.0,2026-08-05,4260.0,2026-07-03,3615.0,17.842323651452286,2026-05-01,3635.0,17.193947730398907,2026-02-05,3264.41064453125,30.4982878651197,2025-08-05,3557.700927734375,19.7402504182066,2024-08-05,1082.409912109375,293.56624069509974,2021-08-05,986.0361328125,332.0328493286627,JPY,27.014685748144984,22.390970438718796,23.15611145226285,20.803421270593844,24.236175970283853,7.434951115660851,9.00251186409605,20.64991029344039,16.6633085344952,29.856937456392885,11.464307658385886,263.3471871959147,200.07942400926294
HINDALCO.BO,HINDALCO INDUSTRIES LTD.,US,BSE,2324254162944.0,2026-07-17,940.25,,,,,,,,,,,,,,,,,,,INR,9.728180350968614,,,,,,,,,,,,
095610.KQ,TES,US,KOE,2316076843008.0,2026-08-05,136000.0,2026-07-03,177300.0,-23.293852227862377,2026-05-04,86700.0,56.86274509803921,2026-02-05,64200.0,111.83800623052956,2025-08-05,23440.384765625,480.1952543007832,2024-08-05,15764.638671875,762.6902451156818,2021-08-05,26954.00390625,404.56325699524285,KRW,95.2094248495996,114.97085403534584,58.910262398421764,43.96928924834356,16.941713480523845,11.615816491998316,23.559955645964692,-17.188207699727897,61.61772325113648,116.53619259534973,461.98226324068185,719.6533142133028,304.11546727978197
009970.KS,YoungoneHoldings,US,KSC,2312856141824.0,2026-08-05,189900.0,2026-07-03,181800.0,4.455445544554459,2026-05-04,211500.0,-10.212765957446813,2026-02-05,213427.0,-11.023441270317246,2025-08-05,127487.734375,48.95550613631337,2024-08-05,71184.53125,166.77144130242482,2021-08-05,37607.23046875,404.9560885846108,KRW,132.9431601392571,117.88889601593837,143.70842557400465,146.17186131473863,92.14271393828767,52.45070751568164,32.871727884771644,12.769874544658899,-7.491046813538316,-9.050101063567483,44.279622834091256,153.46304451567204,304.43009447290154
0939.HK,CCB,US,HKG,2302083334144.0,2026-08-05,8.800000190734863,2026-07-03,7.78000020980835,13.110539247037378,2026-05-05,8.525134086608887,3.224185113495537,2026-02-05,7.690098285675049,14.432870216071446,2025-08-05,7.572957038879394,16.20295936654408,2024-08-05,4.702692985534668,87.12682749657228,2021-08-05,3.800269842147827,131.56250888124566,HKD,1.1221341495542987,0.9919913955818842,1.0883543677401377,0.9843703278883709,0.9648013537839687,0.6025254471223036,0.4887461355547096,13.119343025760323,3.1037484495331613,13.995121324050164,16.30727352871841,86.23846592931075,129.59448022657324
279570.KS,Kbank,US,KSC,2300291317760.0,2026-08-05,5680.0,2026-07-03,5630.0,0.8880994671403242,2026-05-04,6290.0,-9.69793322734499,,,,,,,,,,,,,KRW,3.9763936260715127,3.6507947446079925,4.273881781846285,,,,,8.91857538538452,-6.960607966237653,,,,
178320.KQ,SEOJIN SYSTEM,US,KOE,2295156703232.0,2026-08-05,37500.0,2026-07-03,50900.0,-26.326129666011788,2026-05-04,61300.0,-38.82544861337684,2026-02-05,34400.0,9.011627906976738,2025-08-05,21500.0,74.4186046511628,2024-08-05,22750.0,64.83516483516483,2021-08-05,20830.345703125,80.02581682729439,KRW,26.25259876367636,33.006297069368884,41.65166188031435,23.559868382290006,15.539285872364417,16.762821571319364,18.207388503863058,-20.46184790586587,-36.97106531039998,11.429309950689227,68.94340563207513,56.61205156889395,44.186513942438
6988.T,NITTO DENKO CORP,US,JPX,2290236522496.0,2026-08-05,3420.0,2026-07-03,3222.0,6.145251396648055,2026-05-01,2995.0,14.190317195325552,2026-02-05,3456.7197265625,-1.062270865651449,2025-08-05,3119.878173828125,9.619664917993331,2024-08-05,1765.99755859375,93.65825186776132,2021-08-05,1474.3836669921875,131.96133249203456,JPY,21.68784630484879,19.956765353679657,19.07910695997998,22.028967711682526,21.253589878028038,12.13043725083162,13.46112582757712,8.67415595909662,13.67327805405598,-1.5485129003699583,2.043214484296074,78.78866075797843,61.11465402409364
073240.KS,KUMHOTIRE,US,KSC,2283719360512.0,2026-08-05,7380.0,2026-07-03,4740.0,55.696202531645575,2026-05-04,5670.0,30.15873015873016,2026-02-05,6220.0,18.64951768488745,2025-08-05,4725.0,56.19047619047619,2024-08-05,4465.0,65.28555431131021,2021-08-05,6740.0,9.495548961424326,KRW,5.166511436691508,3.0736708862241358,3.8526088558137417,4.259952945867553,3.415029104507994,3.2899339919094928,5.891299177892506,68.08928567620103,34.10422988814539,21.280950807294197,51.28747892284367,57.03997251606987,-12.302680942105482
103140.KS,POONGSAN,US,KSC,2280742191104.0,2026-08-05,80700.0,2026-07-03,66800.0,20.808383233532936,2026-05-04,100300.0,-19.54137587238285,2026-02-05,109524.2890625,-26.31771391462895,2025-08-05,131900.21875,-38.81738729110333,2024-08-05,46351.94140625,74.10273993209393,2021-08-05,32863.2734375,145.5628778231018,KRW,56.49559253943153,43.316712067462504,68.151087872684,75.01098357489491,95.33187003644889,34.15337684735027,28.72512993845703,30.42447093270586,-17.102434747669193,-24.6835731956196,-40.73797931601344,65.41729619282034,96.67654301467779
6383.T,DAIFUKU CO LTD,US,JPX,2278697992192.0,2026-08-05,6248.0,2026-07-03,7313.0,-14.563106796116507,2026-05-01,6742.93994140625,-7.34012086281507,2026-02-05,5679.3125,10.013315872299678,2025-08-05,3808.260498046875,64.06440691765658,2024-08-05,1898.3040771484373,229.13588898705396,2021-08-05,3104.365478515625,101.2649619782374,JPY,39.62153909727931,45.29603508114815,42.95468192547946,36.19309680379229,25.943066448286913,13.03923574457451,28.342863025833367,-12.527577686883495,-7.759672936195184,9.472641459980835,52.72496478493822,203.8639677464641,39.793707718115456
131290.KQ,TSE,US,KOE,2273123762176.0,2026-08-05,200500.0,2026-07-03,251000.0,-20.119521912350603,2026-05-04,167800.0,19.487485101311087,2026-02-05,86500.0,131.79190751445086,2025-08-05,37555.828125,433.8718649277554,2024-08-05,38114.8984375,426.04101865514775,2021-08-05,75506.2890625,165.54079466683498,KRW,140.36389472312294,162.7618971397169,114.01547901332378,59.24211090314202,27.143755786407382,28.084098537000955,65.99853689608608,-13.761207512448214,23.109507531622175,136.93263555819456,417.11301791704204,399.7984697219059,112.67728244358545
ADANIGREEN.BO,Adani Green Energy Limited,US,BSE,2273103052800.0,2026-08-04,1385.0,2026-07-03,1556.6500244140625,-11.02688605158203,2026-05-04,1291.0999755859375,7.272870125448505,2026-02-04,954.2000122070312,45.14776590670371,2025-08-04,990.2999877929688,39.8566108323074,2024-08-02,1880.449951171875,-26.34741492923628,2021-08-04,893.1500244140625,55.069133084176784,INR,14.528236291371286,16.29537574147662,13.604417118781157,10.552636716844916,11.350754096606863,22.454769642407882,12.034726540674683,-10.844422848179146,6.790582533041989,37.67399258784507,27.993577939586256,-35.29999851820619,20.719288820307625
2503.T,KIRIN HOLDINGS COMPANY LIMITED,US,JPX,2268476211200.0,2026-08-05,2830.0,2026-07-03,2813.5,0.5864581482139641,2026-05-01,2464.815673828125,14.815887859261467,2026-02-05,2394.7587890625,18.174741144091943,2025-08-05,1949.641845703125,45.154865558365145,2024-08-05,1816.2548828125,55.815135132228754,2021-08-05,1677.90771484375,68.66243446908133,JPY,17.946375743485987,17.42655472457409,15.701663398197638,15.261307891451906,13.281572513061406,12.475649119819536,15.319300791395563,2.9829247784639357,14.296016214091134,17.593956370790664,35.12237143483654,43.851238289279394,17.148791500758186
069960.KS,HYUNDAIDEPTST,US,KSC,2261239988224.0,2026-08-05,110100.0,2026-07-03,179400.0,-38.62876254180602,2026-05-04,111700.0,-1.43240823634736,2026-02-05,99339.53125,10.832010796306225,2025-08-05,67309.921875,63.57172454376734,2024-08-05,42894.484375,156.6763573550941,2021-08-05,72415.28125,52.03973263585164,KRW,77.0776299701538,116.33260695962235,75.89707393199205,68.03564771536003,48.64874967730884,31.605828042719622,63.29674879747472,-33.74374392133539,1.5554697658299421,13.290065661787477,58.437021468004936,143.87157288197852,21.771862590877443
192820.KS,COSMAX,US,KSC,2244172054528.0,2026-08-05,195000.0,2026-07-03,168300.0,15.864527629233516,2026-05-04,209000.0,-6.6985645933014375,2026-02-05,193632.0,0.7064947942488908,2025-08-05,249419.265625,-21.818389004007,2024-08-05,125874.9765625,54.91561970871768,2021-08-05,117974.59375,65.28982537818658,KRW,136.51351357111707,109.13477007416077,142.00974442064762,132.61466379649937,180.26964049404978,92.74812186422832,103.11923251803819,25.08709504619977,-3.8703195136033375,2.9399839075116008,-24.27259898173313,47.18736167073638,32.38414429358498
DIVISLAB.NS,DIVI S LABORATORIES LTD,US,NSI,2226750488576.0,2026-08-04,8378.0,2026-07-03,6729.25048828125,24.50123553269399,2026-05-04,6592.3154296875,27.087365423549635,2026-02-04,6029.6357421875,38.94703358913907,2025-08-04,6462.84912109375,29.63322898341369,2024-08-02,4948.22119140625,69.31336890417042,2021-08-04,4795.73046875,74.6970571968719,INR,87.88271743617952,70.4433645618792,69.46372130736381,66.68261864201577,74.07675658009111,59.08754281041365,64.61994421603595,24.756558666332793,26.51599393489896,31.792540883818667,18.637372225067004,48.73307173756931,35.99937063141372
004370.KS,Nongshim,US,KSC,2219908530176.0,2026-08-05,376500.0,2026-07-03,354500.0,6.205923836389271,2026-05-04,381000.0,-1.1811023622047223,2026-02-05,419193.0625,-10.18458231283348,2025-08-05,375896.125,0.160649434734128,2024-08-05,431156.71875,-12.676763778252033,2021-08-05,301651.09375,24.81307305055975,KRW,263.57609158731066,229.87686269334517,258.8790077716112,287.09690056014733,271.6817369622804,317.6880503596385,263.66718703557126,14.65968714690531,1.81439347134833,-8.19263772160056,-2.9835076386069748,-17.03304820910653,-0.03454940650172711
3407.T,ASAHI KASEI CORP,US,JPX,2215233716224.0,2026-08-05,1635.0,2026-07-03,1849.0,-11.573823688480257,2026-05-01,1524.5,7.248278123975083,2026-02-05,1617.01171875,1.1124397579447054,2025-08-05,1057.956298828125,54.54324548292342,2024-08-05,848.1369018554688,92.77548193258792,2021-08-05,1015.91748046875,60.93826825832369,JPY,10.368312487844378,11.452532321214676,9.711552107008174,10.30488490809148,7.207130545286532,5.825756336982124,9.275328627943509,-9.467075079647568,6.762671647122853,0.6155098316827701,43.86186600470643,77.97367222562903,11.783775041760446
282330.KS,BGF Retail,US,KSC,2211201941504.0,2026-08-05,122300.0,2026-07-03,124300.0,-1.6090104585679832,2026-05-04,132400.0,-7.62839879154078,2026-02-05,119607.3046875,2.2512799862309807,2025-08-05,114175.015625,7.116254226481522,2024-08-05,102061.0546875,19.830233358326037,2021-08-05,147598.34375,-17.139991619994042,KRW,85.61847543460317,80.60280404170044,89.96215388178825,81.9166382557546,82.52084685016507,75.201373587131,129.012759820871,6.22270087565171,-4.828339762621459,4.519029659506946,3.753752782084918,13.852276029775634,-33.63565312959666
085620.KS,MIRAE ASSET LIFE,US,KSC,2205112074240.0,2026-08-05,16830.0,2026-07-03,20500.0,-17.902439024390247,2026-05-04,16440.0,2.372262773722622,2026-02-05,9510.0,76.97160883280758,2025-08-05,7140.0,135.71428571428572,2024-08-05,4950.0,240.0,2021-08-05,4141.8408203125,306.34106258893314,KRW,11.78216632513795,13.293302356032655,11.170527264475822,6.513207799871452,5.1604884245898575,3.647295242990367,3.6203002106333315,-11.367649590915486,5.475471713920288,80.89652114846527,128.31494532563298,223.03845836943856,225.44721817632882
EICHERMOT.BO,EICHER MOTORS LTD.,US,BSE,2193153851392.0,2026-08-04,7910.0,2026-07-03,7264.02734375,8.892761903020618,2026-05-04,7253.58642578125,9.049503730812036,2026-02-04,7201.8779296875,9.832464215944103,2025-08-04,5562.447265625,42.20359532902875,2024-08-02,4565.0380859375,73.27347222724345,2021-08-04,2493.720947265625,217.19667786699816,INR,82.97353723086417,76.04153348940599,76.43158330839015,79.64661548816457,63.75640903335261,54.51188879803158,33.60157739320721,9.116075680435799,8.559228579732814,4.1771037253855114,30.14148457994017,52.21181848657635,146.9334586882753
357780.KQ,Soulbrain,US,KOE,2190375649280.0,2026-08-05,285500.0,2026-07-03,322500.0,-11.472868217054266,2026-05-04,458500.0,-37.73173391494002,2026-02-05,408560.96875,-30.12058864225512,2025-08-05,221179.609375,29.080614983792508,2024-08-05,218619.40625,30.59224928711013,2021-08-05,326829.46875,-12.645575965983024,KRW,199.8697852541227,209.12634194246493,311.5381235256791,279.815193310782,159.85921763795432,161.08475160424314,285.6751009729851,-4.426298763877822,-35.84419685392114,-28.5707888520072,25.028627192948893,24.07740848442783,-30.035979833950112
1928.T,SEKISUI HOUSE,US,JPX,2186507452416.0,2026-08-05,3354.0,2026-07-03,3378.85595703125,-0.7356323367240902,2026-05-01,3351.3935546875,0.0777719855925118,2026-02-05,3514.206298828125,-4.558818840019397,2025-08-05,3114.88818359375,7.676417332270935,2024-08-05,2659.140625,26.13097511531568,2021-08-05,1751.0152587890625,91.54601784107253,JPY,21.269308920018375,20.928316417863243,21.349447777919977,22.395317877292882,21.219596497508746,18.265335835676524,15.986772813790253,1.6293355631037842,-0.3753673572038818,-5.027876645663476,0.23427600291769934,16.446306333302573,33.04316742195388
031980.KQ,PSK HOLDINGS,US,KOE,2184270708736.0,2026-08-05,104600.0,2026-07-03,143900.0,-27.31063238359972,2026-05-04,132000.0,-20.75757575757575,2026-02-05,68000.0,53.82352941176472,2025-08-05,30814.85546875,239.4466675531777,2024-08-05,39100.19140625,167.5178720053021,2021-08-05,11568.4921875,804.1800634400955,KRW,73.22724881814793,93.31249800161459,89.69036489725113,46.5718328487128,22.27166736020922,28.810089316369385,10.111787613304841,-21.5247149241671,-18.355501282621912,57.23505891645804,228.79104933551787,154.17223811431052,624.1770853829773
007070.KS,GS Retail,US,KSC,2176883621888.0,2026-08-05,24800.0,2026-07-03,25000.0,-0.8000000000000007,2026-05-04,23050.0,7.592190889370931,2026-02-05,20415.107421875,21.47866522331665,2025-08-05,15669.447265625,58.26978182188491,2024-08-05,25236.5390625,-1.7297897362981596,2021-08-05,37684.17578125,-34.18988345676013,KRW,17.361718649044633,16.21134433662519,15.661840233951807,13.981896624118804,11.325210256859805,18.594971489332693,32.93898424326926,7.096106828231896,10.853631436028977,24.172843754942576,53.3015127779058,-6.632184625803461,-47.291274919649894
GRASIM.BO,GRASIM INDUSTRIES LTD.,US,BSE,2169582780416.0,2026-07-17,3111.39990234375,,,,,,,,,,,,,,,,,,,INR,32.19171432489884,,,,,,,,,,,,
1801.T,TAISEI CORP,US,JPX,2168021319680.0,2026-08-05,12995.0,2026-07-03,14650.0,-11.29692832764505,2026-05-01,16575.0,-21.598793363499247,2026-02-05,17399.5,-25.313945803040315,2025-08-05,9219.7626953125,40.9472285724545,2024-08-05,4707.46240234375,176.051062957615,2021-08-05,3068.8212890625,323.45248471506363,JPY,82.40747448289767,90.74072390794754,105.58804603060707,110.88345426274464,62.80791882923995,32.33502617509339,28.01834450505794,-9.18358270262819,-21.95378399273531,-25.680999901366274,31.20554862985403,154.8551346043859,194.11971313301996
1802.T,OBAYASHI CORP,US,JPX,2161940627456.0,2026-08-05,3140.0,2026-07-03,3305.0,-4.992435703479581,2026-05-01,3648.0,-13.925438596491224,2026-02-05,3791.7470703125,-17.188569232778118,2025-08-05,2272.084716796875,38.19907227872599,2024-08-05,1481.83837890625,111.8989523214836,2021-08-05,738.502685546875,325.1846420402346,JPY,19.912233157083392,20.470859557390213,23.238925606012344,24.164028440293805,15.47815461001926,10.178580023355153,6.74253099563316,-2.7288859011547983,-14.31517319401494,-17.595556526164714,28.647333346792394,95.62879214383528,195.3228271398332
TSM,Taiwan Semiconductor Manufactur,US,NYQ,2147200270336.0,2026-08-05,414.0,2026-07-02,434.1600036621094,-4.6434502238946855,2026-05-05,393.488525390625,5.212724968031224,2026-02-05,329.0301513671875,25.824335028186752,2025-08-05,229.92713928222656,80.05703950060075,2024-08-05,144.24057006835938,187.02049624720323,2021-08-05,109.89691162109376,276.71668283764245,USD,414.0,434.1600036621094,393.488525390625,329.0301513671875,229.92713928222656,144.24057006835938,109.89691162109376,-4.6434502238946855,5.212724968031224,25.824335028186752,80.05703950060075,187.02049624720325,276.71668283764245
139480.KS,emart,US,KSC,2145746944000.0,2026-08-05,79700.0,2026-07-03,83500.0,-4.550898203592812,2026-05-04,105900.0,-24.740321057601516,2026-02-05,100957.140625,-21.055608838961216,2025-08-05,86437.2421875,-7.794374296308004,2024-08-05,53890.96875,47.89119930229497,2021-08-05,154524.34375,-48.4223662978669,KRW,55.795523239066824,54.14589008432813,71.95613365620375,69.14351585399254,62.47316355210978,39.708338174144956,135.06663787815341,3.0466451879718193,-22.458975484077616,-19.304764083897773,-10.688814097709399,40.51336773241398,-58.6903737920824
6504.T,FUJI ELECTRIC CO. LTD.,US,JPX,2143884017664.0,2026-08-05,15000.0,2026-07-03,13540.0,10.782865583456424,2026-05-01,13180.0,13.808801213960551,2026-02-05,10305.6875,45.550697127193104,2025-08-05,8868.3125,69.14153622800279,2024-08-05,5999.06201171875,150.0390889558825,2021-08-05,4499.1630859375,233.39533849936936,JPY,95.12213291600347,83.86548817157745,83.9608112629503,65.6760383087094,60.41372973032412,41.20687763291653,41.07736797040616,13.422261039483185,13.293489528225134,44.83536974152289,57.45118425995437,130.84042854054735,131.56822750798787
263750.KQ,PearlAbyss,US,KOE,2125924794368.0,2026-08-05,34650.0,2026-07-03,36300.0,-4.545454545454541,2026-05-04,58500.0,-40.76923076923077,2026-02-05,52600.0,-34.125475285171106,2025-08-05,39000.0,-11.15384615384616,2024-08-05,37750.0,-8.21192052980132,2021-08-05,72300.0,-52.07468879668049,KRW,24.257401257636957,23.538871976779774,39.74913898855448,36.02468246826902,28.187541814986616,27.8152313985629,63.19598376285285,3.0525221495999677,-38.973769306998754,-32.66449668500708,-13.94282830033835,-12.79094209192796,-61.61559673053832
TVSMOTOR.NS,TVS MOTOR COMPANY  LTD,US,NSI,2117228036096.0,2026-08-05,4455.2001953125,2026-07-03,3627.39990234375,22.820761847456872,2026-05-05,3534.39990234375,26.05252145797492,2026-02-05,3699.76806640625,20.418364485210414,2025-08-05,2972.80908203125,49.86499544290841,2024-08-05,2474.40478515625,80.05138941045047,2021-08-05,554.8270263671875,702.9890368685869,INR,46.84891013323522,37.97246872850337,37.1029001832394,41.0515194406571,33.8229315515091,29.55031935674424,7.479066358331238,23.37599240175001,26.26751521272834,14.122231701943843,38.51226958813076,58.539437654310646,526.4005142974605
051600.KS,KEPCO KPS,US,KSC,2106000015360.0,2026-08-05,46600.0,2026-07-03,45200.0,3.0973451327433565,2026-05-04,61400.0,-24.104234527687296,2026-02-05,57300.0,-18.673647469458988,2025-08-05,49489.9609375,-5.839489227218586,2024-08-05,33939.68359375,37.30239962691167,2021-08-05,33965.578125,37.19772361448654,KRW,32.62322939699516,29.31011056061834,41.71960912644863,39.243617973988876,35.76923957302142,25.00768616567325,29.688632416091423,11.303672258501773,-21.803607272261615,-16.869975090935263,-8.795295101546163,30.452810311476842,9.884581208641885
INDIGO.BO,InterGlobe Aviation Limited,US,BSE,2088560361472.0,2026-08-04,5330.0,2026-07-03,5425.39990234375,-1.7583939259949832,2026-05-04,4255.60009765625,25.24673084144984,2026-02-04,4963.89990234375,7.375251412370187,2025-08-04,5769.14453125,-7.611952324495686,2024-08-02,4304.271484375,23.830479079874788,2021-08-04,1660.0928955078125,221.0663701063298,INR,55.91010789386928,56.794352339884426,44.84157688328287,54.89649098521522,66.12555965788124,51.398030880744045,22.368878109430852,-1.5569231967351382,24.68363465316228,1.8464147534075437,-15.448567568825744,8.778696257049923,149.94596340661914
005290.KQ,DONGJIN,US,KOE,2082129707008.0,2026-08-05,41800.0,2026-07-03,50600.0,-17.391304347826086,2026-05-04,58900.0,-29.032258064516125,2026-02-05,51500.0,-18.83495145631068,2025-08-05,29292.267578125,42.69977525132119,2024-08-05,28867.9140625,44.79743811590127,2021-08-05,28540.46875,46.45870173383189,KRW,29.262896755244583,32.81176093732938,40.0209279730916,35.27131458395161,21.171205569594235,21.270667805093126,24.946652831386018,-10.815829692478696,-26.881013916219707,-17.03485651039739,38.2202664796355,37.57394466119097,17.301895981925842
1288.HK,ABC,US,HKG,2078899306496.0,2026-08-05,5.940000057220459,2026-07-03,5.300000190734863,12.075468744405038,2026-05-05,5.869999885559082,1.1925072065773978,2026-02-05,5.335378170013428,11.33231549743192,2025-08-05,5.129519939422607,15.800311283887549,2024-08-05,3.081984519958496,92.73296211430844,2021-08-05,1.8180066347122192,226.73148402237427,HKD,0.7574405418285508,0.6757782061706195,0.7493888012996166,0.682954594794694,0.6535053290820088,0.3948746189946917,0.23381069082879513,12.084191960063496,1.0744409997814897,10.906427396721497,15.904263993155453,91.81798611339292,223.9546229231994
067310.KQ,Hana Micron,US,KOE,2073683820544.0,2026-08-05,31900.0,2026-07-03,41050.0,-22.289890377588307,2026-05-04,42050.0,-24.13793103448276,2026-02-05,34150.0,-6.588579795021965,2025-08-05,11926.6455078125,167.4683336492565,2024-08-05,13727.8896484375,132.37366279114022,2021-08-05,10847.447265625,194.0784059037508,KRW,22.332210681634024,26.61902740073856,28.571816999465227,23.388648408581503,8.620072281127875,10.11508416384703,9.4815366703574,-16.10433264359462,-21.83832522078658,-4.516882328950067,159.0721974631982,120.78126409914618,135.53366356164952
237690.KQ,ST Pharm,US,KOE,2071334617088.0,2026-08-05,100800.0,2026-07-03,130500.0,-22.75862068965517,2026-05-04,153800.0,-34.46033810143043,2026-02-05,150326.6875,-32.94603794153317,2025-08-05,90714.375,11.118000868109393,2024-08-05,73542.0078125,37.064519991072274,2021-08-05,116321.6015625,-13.343696573985175,KRW,70.56698547676206,84.62321743718348,104.50286455452442,102.95572592574536,65.56449329571478,54.18776065747306,101.67438511221008,-16.61037288124324,-32.47363526581255,-31.458901540204764,7.629880030468006,30.22679775018553,-30.595119509321066
9104.T,MITSUI O.S.K. LINES LTD,US,JPX,2069255553024.0,2026-08-05,5970.0,2026-07-03,5193.0,14.96244945118428,2026-05-01,5917.0,0.8957241845529929,2026-02-05,4928.9345703125,21.12151043671686,2025-08-05,4635.8759765625,28.778250975272044,2024-08-05,3610.07177734375,65.37067316685483,2021-08-05,1543.9471435546875,286.67126817923605,JPY,37.85860890056938,32.16495421528816,37.69318059505895,31.411091755010602,31.5810429900107,24.79717423898228,14.09624050768059,17.701423254552594,0.43888125888775775,20.52624339149336,19.877639609763097,52.67307692282912,168.57238197618315
010060.KS,OCI Holdings,US,KSC,2050121400320.0,2026-08-05,246000.0,2026-07-03,213000.0,15.492957746478876,2026-05-04,355500.0,-30.801687763713083,2026-02-05,138500.0,77.61732851985559,2025-08-05,96461.2109375,155.0247893522615,2024-08-05,64003.54296875,284.35372260581033,2021-08-05,90482.4453125,171.87594140541594,KRW,172.21704788971692,138.1206537480466,241.55246000736952,94.85586543451063,69.71806196987245,47.15955915241443,79.08889550196363,24.68594899924772,-28.704080312631564,81.55656173799517,147.01927022030213,265.17951182098767,117.75123649999774
9502.T,CHUBU ELECTRIC POWER CO INC,US,JPX,2046361075712.0,2026-08-05,2706.5,2026-07-03,3174.0,-14.729048519218646,2026-05-01,2652.0,2.0550527903469007,2026-02-05,2316.830078125,16.819098023380196,2025-08-05,1835.460205078125,47.45620703254636,2024-08-05,1523.7464599609375,77.62141347776344,2021-08-05,1133.189453125,138.8391449052298,JPY,17.163203515810892,19.659457862377167,16.894087364897132,14.764684157724332,12.503731319837357,10.466441886506004,10.346021972773087,-12.697472962077061,1.592960573134805,16.244975730359545,37.26465386041375,63.98317309666406,65.89181388729031
8593.T,MITSUBISHI HC CAPITAL INC,US,JPX,2042598785024.0,2026-08-05,1416.5,2026-07-03,1351.0,4.848260547742411,2026-05-01,1405.5,0.782639630024895,2026-02-05,1376.78759765625,2.884424758862858,2025-08-05,1095.1265869140625,29.345777641243263,2024-08-05,810.212158203125,74.83075089140728,2021-08-05,494.5237731933594,186.43719003699889,JPY,8.982700085034594,8.36796709895134,8.953484084224328,8.773985724545582,7.46034622058238,5.565255567380291,4.515003038024901,7.346264377166256,0.32630873674912575,2.3787861872754723,20.405941218279988,61.406784940569814,98.95224896601837
7186.T,YOKOHAMA FINANCIAL GROUP INC,US,JPX,2041784172544.0,2026-08-05,1855.0,2026-07-03,1848.0,0.3787878787878895,2026-05-01,1486.5,24.78977463841239,2026-02-05,1517.118896484375,22.271234265066383,2025-08-05,968.982421875,91.43794130037352,2024-08-05,663.0225830078125,179.77930881098544,2021-08-05,355.3824768066406,421.9728380162321,JPY,11.763437103945762,11.446338415145874,9.469479965278879,9.668288385842743,6.601012554371664,4.554227042909929,3.2446427238097897,2.7703067767094858,24.22474251044393,21.67031675607589,78.20655554056128,158.29711591255008,262.54953488787777
098460.KQ,Koh Young,US,KOE,2041090015232.0,2026-08-05,31000.0,2026-07-03,30100.0,2.9900332225913706,2026-05-04,38950.0,-20.410783055198976,2026-02-05,34669.96484375,-10.58542995439925,2025-08-05,14325.6083984375,116.39569599976768,2024-08-05,9565.3984375,224.0847749579172,2021-08-05,24833.322265625,24.8322704002883,KRW,21.70214831130579,19.518458581296727,26.46545236930251,23.744761876086386,10.35394066041232,7.048046912808331,21.70631024448312,11.187818550905204,-17.998196258008104,-8.602375443645672,109.60278818559073,207.91719436297646,-0.0191738399131558
ZMET.NE,META (META) BMO CDR (CAD HEDGED,US,NEO,2036546011136.0,2026-08-05,7.960000038146973,,,,,,,,,,,,,,,,,,,CAD,5.659237125814798,,,,,,,,,,,,
IOC.NS,INDIAN OIL CORP LTD,US,NSI,2033458348032.0,2026-08-05,144.0,2026-07-03,141.55999755859375,1.723652503170103,2026-05-05,142.13999938964844,1.3085694514833437,2026-02-05,173.5814971923828,-17.04184931623053,2025-08-05,132.49644470214844,8.68216149022829,2024-08-05,159.9955291748047,-9.99748509055438,2021-08-05,51.883033752441406,177.5473783724606,INR,1.5142401605844498,1.4818830912543035,1.4921362480523612,1.9260083547488591,1.5074692172687492,1.9107298090955709,0.6993831119705476,2.1835102594198963,1.481360201586157,-21.379356592567934,0.44915964041827294,-20.75069152235587,116.51082713707525
9532.T,OSAKA GAS CO,US,JPX,2029984808960.0,2026-08-05,5310.0,2026-07-03,5363.0,-0.9882528435577131,2026-05-01,5704.0,-6.907433380084149,2026-02-05,6275.19775390625,-15.381152782084415,2025-08-05,3872.90673828125,37.10632242997194,2024-08-05,2926.136474609375,81.46795428292042,2021-08-05,1838.4730224609373,188.8266477194295,JPY,33.67323505226523,33.21791824698448,36.336302537471056,39.99055163280218,26.38345693808992,20.09930009239838,16.785262370980828,1.37069638709848,-7.328944607007271,-15.797022853156106,27.630109774019118,67.53436635836168,100.61190768445267
ADANIENSOL.NS,ADANI ENERGY SOLUTION LTD,US,NSI,2008091328512.0,2026-08-05,1642.0,2026-07-03,1568.800048828125,4.6659834837814,2026-05-05,1409.5999755859375,16.48694866906899,2026-02-05,1011.4500122070312,62.34119137702903,2025-08-05,802.0499877929688,104.7253943009654,2024-08-05,1159.0999755859375,41.661637010211415,2021-08-05,947.0499877929688,73.38049956861958,INR,17.266544053331017,16.42256503257613,14.797489994773969,11.222746694957436,9.125268757411959,13.842429763485939,12.766230494822366,5.1391425095942855,16.685627491074804,53.85310318987382,89.21682760637975,24.736367446684326,35.251702218081185
8473.T,SBI HOLDINGS INC,US,JPX,2007046160384.0,2026-08-05,3075.0,2026-07-03,2695.5,14.079020589872004,2026-05-01,3157.0,-2.5974025974025983,2026-02-05,3430.523681640625,-10.363539640997264,2025-08-05,2883.677001953125,6.634688902997499,2024-08-05,1340.14794921875,129.45227814530446,2021-08-05,1090.3709716796875,182.01411078131,JPY,19.50003724778071,16.695673808455467,20.111098722089082,21.862025676051644,19.64451331925295,9.205324506662237,9.955089151564493,16.79694675098997,-3.038429092077455,-10.804069409077355,-0.7354525364120068,111.83432733596526,95.88008656573588
AVGO,Broadcom Inc.,US,NMS,1990000640000.0,2026-08-05,418.2799987792969,2026-07-02,360.4500122070313,16.043829827657174,2026-05-05,426.6846923828125,-1.9697668450629813,2026-02-05,309.3703918457031,35.20362963108372,2025-08-05,290.7992858886719,43.83804193364804,2024-08-05,139.45726013183594,199.9341865628766,2021-08-05,44.39663314819336,842.1435120611573,USD,418.2799987792969,360.4500122070313,426.6846923828125,309.3703918457031,290.7992858886719,139.45726013183594,44.39663314819336,16.043829827657152,-1.9697668450629813,35.20362963108372,43.83804193364804,199.9341865628766,842.1435120611573
9531.T,TOKYO GAS CO,US,JPX,1973959000064.0,2026-08-05,5937.0,2026-07-03,6037.0,-1.6564518800728845,2026-05-01,6614.0,-10.23586332022982,2026-02-05,7225.673828125,-17.83465263971651,2025-08-05,5268.220703125,12.69459528296326,2024-08-05,2892.2724609375,105.27111744083696,2021-08-05,1914.3841552734373,210.125843010438,JPY,37.64934020815417,37.39261093735695,42.13329329993576,46.04774122465642,35.88877384714306,19.866692017200876,17.478331165338542,0.6865775466369906,-10.642303842383061,-18.238464674148435,4.905618588446892,89.50985989794786,115.40580649265281
064760.KQ,TCK,US,KOE,1968695148544.0,2026-08-05,183500.0,2026-07-03,245000.0,-25.10204081632653,2026-05-04,298500.0,-38.52596314907872,2026-02-05,204500.0,-10.268948655256729,2025-08-05,101099.9765625,81.50350399592854,2024-08-05,92174.6875,99.0785159971386,2021-08-05,179708.140625,2.1100097980049526,KRW,128.462716616923,158.87117449892685,202.82252971082926,140.0579384935554,73.07076453460604,67.91682812987347,157.07929096804946,-19.140324214201154,-36.66250154749746,-8.278875157916133,75.8059019022355,89.14710853585666,-18.217916680657286
5706.T,MITSUI KINZOKU CO LTD,US,JPX,1930915217408.0,2026-08-05,35380.0,2026-07-03,38740.0,-8.67320598864223,2026-05-01,41060.0,-13.8334145153434,2026-02-05,20987.228515625,68.57871430551002,2025-08-05,6611.0419921875,435.1652589986538,2024-08-05,3396.346923828125,941.7074814054076,2021-08-05,2631.51513671875,1244.4726008346472,JPY,224.3614041712135,239.95192110538483,261.5653194580227,133.7473141879982,45.03649416411963,23.329122422093633,24.025738459793047,-6.497350328495221,-14.223565786128567,67.75021280490623,398.1768859574358,861.7224347827765,833.8377030395183
7733.T,OLYMPUS CORPORATION,US,JPX,1930080419840.0,2026-08-05,1807.0,2026-07-03,1768.0,2.2058823529411686,2026-05-01,1571.0,15.022278803309996,2026-02-05,1822.549072265625,-0.8531497177354908,2025-08-05,1760.7843017578125,2.62472230108195,2024-08-05,2122.86767578125,-14.87929178934837,2021-08-05,2185.2763671875,-17.31023008656567,JPY,11.45904627861455,10.950825929641724,10.007771964650601,11.614732417378264,11.995015615405293,14.581737674308442,19.951577601746067,4.640931672534165,14.501472646360568,-1.3404195048933865,-4.468267103399127,-21.415084165145558,-42.565713311754806
5334.T,NITERRA CO LTD,US,JPX,1924786552832.0,2026-08-05,10155.0,2026-07-03,10990.0,-7.597816196542306,2026-05-01,7962.0,27.543330821401657,2026-02-05,6460.0615234375,57.1966453130057,2025-08-05,4760.01171875,113.33981090842244,2024-08-05,3053.058837890625,232.617238618832,2021-08-05,1319.505859375,669.6062831285979,JPY,64.39768398413435,68.07102769613266,50.72048401180655,41.16865062033958,32.42669464903702,20.971115433262412,12.047091134363654,-5.396339435913955,26.96583094345879,56.424082435964884,98.59465998964151,207.0780101758097,434.54965406913504
439260.KS,DAEHAN SHIPBUILDING,US,KSC,1923480813568.0,2026-08-05,50700.0,2026-07-03,52300.0,-3.0592734225621365,2026-05-04,89500.0,-43.35195530726257,2026-02-05,72900.0,-30.452674897119337,2025-08-05,103422.2734375,-50.97767790742005,,,,,,,KRW,35.49351352849044,33.914132352219895,60.81278529018164,49.92774433339946,74.749221977449,,,4.657000096206687,-41.6347839370861,-28.91024018333862,-52.516544534472295,,
071970.KS,HD-Hyundai Marine Engine,US,KSC,1923347513344.0,2026-08-05,59200.0,2026-07-03,65500.0,-9.618320610687023,2026-05-04,107100.0,-44.72455648926237,2026-02-05,82900.0,-28.58866103739445,2025-08-05,73900.0,-19.891745602165088,2024-08-05,20100.0,194.5273631840796,2021-08-05,6580.0,799.6960486322189,KRW,41.444102581590414,42.473722161957994,72.77150060981512,56.77654328173958,53.41177795198746,14.81022916850634,5.751446378417313,-2.424133153297714,-43.04899275912334,-27.004885845314163,-22.40643511465756,179.8343098547083,620.5857423466936
4684.T,OBIC CO LTD,US,JPX,1917671833600.0,2026-08-05,4386.0,2026-07-03,3996.0,9.759759759759756,2026-05-01,4109.0,6.74129958627403,2026-02-05,3870.0,13.33333333333333,2025-08-05,5370.0341796875,-18.324542205144105,2024-08-05,4251.75146484375,3.15748783216292,2021-08-05,3648.795166015625,20.204061901051595,JPY,27.813711664639413,24.750848650932312,26.175642904359847,24.662718353793025,36.58235922270933,29.20479934948935,33.31350716126167,12.374779777871293,6.2579886433533405,12.776342273566854,-23.969606510852305,-4.763216032416462,-16.50920592058721
1211N.MX,BYD COMPANY LIMITED,US,MEX,1906406064128.0,2026-08-05,209.1000061035156,2026-07-03,183.0,14.262298417221665,2026-05-05,228.51809692382807,-8.497397397277084,2026-02-05,202.37322998046875,3.3239456244761545,2025-08-05,269.9207763671875,-22.532822809065344,2024-08-05,561.4974975585938,-62.76029599193441,,,,MXN,12.118227387414093,10.471324224025011,13.043344905489217,11.681412164651192,14.30316547588427,28.75282116324911,,15.727744917022912,-7.092640153108221,3.739404248441258,-15.275905827658033,-57.85377956962636,
018670.KS,SKGas,US,KSC,1902385692672.0,2026-08-05,213500.0,2026-07-03,216531.53125,-1.4000414777928571,2026-05-04,264099.09375,-19.159131912015503,2026-02-05,219542.625,-2.752369841619595,2025-08-05,251318.53125,-15.048047217966545,2024-08-05,154247.046875,38.41431931790429,2021-08-05,91545.0703125,133.21845651676526,KRW,149.46479562786408,140.4106885132187,179.44806126871845,150.3603299215829,181.64234893565117,113.65343844696963,80.01771475847818,6.448303338241224,-16.70860383158739,-0.5955921313725909,-17.714785949606025,31.50925979032646,86.78963286942374
TORNTPHARM.NS,TORRENT PHARMACEUTICALS L,US,NSI,1901839384576.0,2026-08-05,5000.0,2026-07-03,4768.2998046875,4.859178424240995,2026-05-05,4266.62109375,17.18875171090999,2026-02-05,3941.487548828125,26.85565888661985,2025-08-05,3557.687255859375,40.54074010483048,2024-08-05,3109.47412109375,60.79889413073045,2021-08-05,1439.4691162109375,247.3502796059508,INR,52.57778335362673,49.91567516573923,44.78950343342149,43.73356649164043,40.47734288216998,37.13456822467697,19.404038608935934,5.333210818141354,17.388627520245524,20.222949033157068,29.894354742309236,41.587167610278854,170.96309388610285
030000.KS,CheilWorldwide,US,KSC,1901001703424.0,2026-08-05,18700.0,2026-07-03,18890.0,-1.0058231868713574,2026-05-04,19750.0,-5.316455696202526,2026-02-05,20800.0,-10.096153846153843,2025-08-05,18793.2265625,-0.4960646975119442,2024-08-05,14653.685546875,27.612947201449288,2021-08-05,19040.822265625,-1.789955606278082,KRW,13.091295916819945,12.249291780753992,13.419581111520529,14.245501812547445,13.582945117153486,10.797235876241189,16.643201863482773,6.873900557980872,-2.446314769234903,-8.102248070411077,-3.6196067649029384,21.246734505696296,-21.341482100605567
SBILIFE.BO,SBI Life Insurance Company Lim,US,BSE,1899173117952.0,2026-08-04,1865.0,2026-07-03,1788.050048828125,4.303568080899489,2026-05-04,1818.75,2.542955326460472,2026-02-04,2039.0189208984373,-8.534443653998114,2025-08-04,1829.409912109375,1.945440858008052,2024-08-02,1738.123046875,7.29965311449694,2021-08-04,1126.3370361328125,65.58098865356743,INR,19.563292912207544,18.717725200426685,19.164304935839027,22.54980680753317,20.968577512079946,20.7552201021972,15.17679880419314,4.517470487073849,2.081932935758979,-13.244077524992036,-6.70185948027624,-5.742782702957106,28.9026306838994
2383.TW,ELITE MATERIAL CO,US,TAI,1879393566720.0,2026-08-05,5245.0,2026-07-03,6080.0,-13.733552631578949,2026-05-05,4730.0,10.887949260042284,2026-02-05,1950.0,168.974358974359,2025-08-05,1110.4317626953125,372.338794350496,2024-08-05,374.5108947753906,1300.4933029106242,2021-08-05,192.56369018554688,2623.77414191955,TWD,161.90719980746508,190.4111611843109,149.6930257603526,61.59755755215883,37.15794511299782,11.491976371922476,6.9480700683573104,-14.969690431778348,8.15948103465185,162.84678523229962,335.72700082069406,1308.871673309748,2230.247078894871
462870.KS,SHIFT UP,US,KSC,1877153546240.0,2026-08-05,32300.0,2026-07-03,34950.0,-7.582260371959948,2026-05-04,33350.0,-3.148425787106446,2026-02-05,33300.0,-3.003003003003002,2025-08-05,43000.0,-24.88372093023256,2024-08-05,57800.0,-44.11764705882353,,,,KRW,22.612238401779905,22.663459382602014,22.660406585782766,22.806500497972593,31.078571744728833,42.58861920097843,,-0.22600689487602965,-0.21256540045085925,-0.8517838859581128,-27.241706641119645,-46.90544369360439,
7181.T,JAPAN POST INSURANCE CO LTD,US,JPX,1876274839552.0,2026-08-05,1721.0,2026-07-03,1613.0,6.695598264104152,2026-05-01,1531.0,12.410189418680597,2026-02-05,1626.886474609375,5.7848858454135454,2025-08-05,1276.5396728515625,34.8175882505549,2024-08-05,772.6893310546875,122.72858325232852,2021-08-05,537.3954467773438,220.24834045775847,JPY,10.913679383229464,9.990770488977432,9.752959183882922,10.367814707205753,8.696189132452275,5.307515516731314,4.906421503565923,9.237614809290772,11.90121046814867,5.264992589463713,25.499563279988948,105.62689546220602,122.43664502321181
032820.KQ,"WooriTG, Inc.",US,KOE,1875197820928.0,2026-08-05,11730.0,2026-07-03,11570.0,1.382886776145198,2026-05-04,21550.0,-45.56844547563805,2026-02-05,9350.0,25.454545454545464,2025-08-05,3645.0,221.81069958847732,2024-08-05,1968.0,496.0365853658536,2021-08-05,2520.0,365.4761904761905,KRW,8.211812893277965,7.502610158990137,14.64263154193759,6.40362701669801,2.6344510234775953,1.450076169334352,2.20268159173429,9.452746700933323,-43.91846254029734,28.23690186616046,211.7086945286232,466.3021754952048,272.8098025648983
068760.KQ,Celltrionph,US,KOE,1867690934272.0,2026-08-05,42000.0,2026-07-03,41900.0,0.2386634844868673,2026-05-04,55600.0,-24.460431654676263,2026-02-05,69700.0,-39.74175035868007,2025-08-05,52375.8359375,-19.810349088998723,2024-08-05,67284.5234375,-37.57851307513023,2021-08-05,119814.234375,-64.94573435361069,KRW,29.402910615317523,27.170213108183816,37.778668850660324,47.73612866993062,37.85502732264513,49.57707520413487,104.72722558950409,8.217445694090664,-22.170601797676635,-38.40533064877828,-22.327593730916405,-40.692526749005886,-71.9242914630746
3659.T,NEXON CO LTD,US,JPX,1863076282368.0,2026-08-05,2333.5,2026-07-03,2289.0,1.9440803844473555,2026-05-01,2560.53369140625,-8.866655110543098,2026-02-05,3572.126953125,-34.674774143774854,2025-08-05,2814.45849609375,-17.088846638217724,2024-08-05,2589.517333984375,-9.886681607589498,2021-08-05,2026.7760009765625,15.133591421826996,JPY,14.797833143966272,14.177850991487503,16.31141775391393,22.764434358892686,19.172975120150795,17.787101333736473,18.504468941328582,4.37289228706812,-9.279295232227568,-34.99582326241436,-22.819317027049436,-16.805819754905816,-20.031030391170912
457190.KS,ISUSPECIALTYCHEMICAL,US,KSC,1861482577920.0,2026-08-05,60200.0,2026-07-03,68200.0,-11.730205278592376,2026-05-04,123600.0,-51.29449838187703,2026-02-05,105600.0,-42.99242424242424,2025-08-05,46200.0,30.303030303030297,2024-08-05,27800.0,116.54676258992804,,,,KRW,42.14417188195512,44.224547350313514,83.98279622197151,72.32331689447165,33.39139568852261,20.483799546491355,,-4.70411930252046,-49.81808920654943,-41.72809863871634,26.21266950048764,105.74391868218581,
6525.T,KOKUSAI ELECTRIC CORPORATION,US,JPX,1855144722432.0,2026-08-05,8488.0,2026-07-03,12000.0,-29.266666666666666,2026-05-01,6500.0,30.58461538461539,2026-02-05,6078.42919921875,39.641340251046245,2025-08-05,3161.3662109375,168.49151391046507,2024-08-05,2840.109375,198.8617295768759,,,,JPY,53.826444279402494,74.32687282562256,41.40707687474787,38.7365858847038,21.5362194156055,19.508389686772716,,-27.58144903299765,29.993344959418234,38.95505515021998,149.9345091200128,175.9143381060225,
4755.T,RAKUTEN GROUP INC,US,JPX,1851331837952.0,2026-08-05,840.0,2026-07-03,764.0,9.947643979057585,2026-05-01,760.0,10.526315789473696,2026-02-05,933.0,-9.967845659163988,2025-08-05,755.0999755859375,11.243547498221318,2024-08-05,664.0,26.506024096385534,2021-08-05,1342.2091064453125,-37.416606997650014,JPY,5.326839443296194,4.732144236564636,4.841442834585905,5.945818145759404,5.143978163198824,4.560940809547901,12.254371825509338,12.567140327981319,10.025866777621584,-10.410320115570126,3.5548611268531483,16.79255806488338,-56.53110972030759
WIPRO.NS,WIPRO LTD,US,NSI,1849770770432.0,2026-08-05,186.9900054931641,2026-07-03,174.09173583984375,7.408892553743107,2026-05-05,197.5241241455078,-5.333079540493846,2026-02-05,230.75460815429688,-18.965862918702403,2025-08-05,237.0141143798828,-21.10596198779151,2024-08-05,224.7528076171875,-16.801926758727447,2021-08-05,274.4510803222656,-31.86763729492452,INR,1.9663039996226106,1.822432919733501,2.073539515744301,2.560384086959459,2.6966118395786225,2.6840868079688107,3.69959959464461,7.894451331034347,-5.171616711784621,-23.20277220760024,-27.08242355229483,-26.7421607309856,-46.85089698709687
6963.T,ROHM CO LTD,US,JPX,1847563911168.0,2026-08-05,4749.0,2026-07-03,5950.0,-20.184873949579828,2026-05-01,3487.0,36.19156868368225,2026-02-05,2468.28857421875,92.40051789743136,2025-08-05,1992.301025390625,138.36759302319172,2024-08-05,1574.9705810546875,201.52944170041616,2021-08-05,2323.982421875,104.3475008803416,JPY,30.115667281206697,36.853741109371185,22.213304163422436,15.729898171018704,13.572180241663432,10.81829457374954,21.21796415837707,-18.283283122242178,35.574910691569684,91.45494111775511,121.89262701329748,178.3772162599639,41.93476365788242
120110.KS,KOLON IND,US,KSC,1841593843712.0,2026-08-05,53800.0,2026-07-03,59400.0,-9.427609427609427,2026-05-04,93800.0,-42.643923240938165,2026-02-05,57534.3515625,-6.490646824173108,2025-08-05,38550.74609375,39.55631330497717,2024-08-05,29914.212890625,79.84762024897107,2021-08-05,67899.84375,-20.765649773678607,KRW,37.66372835962102,38.51815414382145,63.73451687395573,39.40412064746806,27.862840192731028,22.041609368439936,59.34989520228555,-2.218241769868101,-40.90528930484165,-4.416777380765824,35.17548139061173,70.87558231364659,-36.53952002568895
8331.T,CHIBA BANK,US,JPX,1837036077056.0,2026-08-05,2626.0,2026-07-03,2665.0,-1.4634146341463428,2026-05-01,2154.0,21.912720519962868,2026-02-05,2232.079833984375,17.648121721186726,2025-08-05,1335.2501220703125,96.66727278993788,2024-08-05,908.4098510742188,189.0765657037608,2021-08-05,569.1964721679688,361.3521215263387,JPY,16.65271473582834,16.50675967335701,13.721668244339526,14.224588188304324,9.096143149797456,6.239764399939361,5.196764928966502,0.8842138939413546,21.36071532481434,17.06992508591889,83.07445761997651,166.88050491121388,220.44387159032266
475150.KS,SK eternix,US,KSC,1831576928256.0,2026-08-05,57700.0,2026-07-03,47750.0,20.83769633507853,2026-05-04,55200.0,4.528985507246386,2026-02-05,20450.0,182.15158924205377,2025-08-05,24700.0,133.60323886639677,2024-08-05,11466.6669921875,403.19766013360567,,,,KRW,40.39399863104336,30.96366768295411,37.5068798661232,14.005793849355541,17.85210981615819,8.448953530012147,,30.456117294143304,7.697571152880278,188.4092045443182,126.27016664709396,378.0946952490255,
VAML.BO,Vedanta Aluminium Metal Limite,US,BSE,1827730489344.0,2026-08-04,459.2000122070313,2026-07-03,454.13818359375,1.1146009730398143,,,,,,,,,,,,,,,,INR,4.816870961981466,4.754024491148812,,,,,,1.3219635479300385,,,,,
003540.KS,DaishinSecu,US,KSC,1803747328000.0,2026-08-05,26450.0,2026-07-03,29300.0,-9.726962457337883,2026-05-04,39950.0,-33.79224030037547,2026-02-05,29678.544921875,-10.878380090310136,2025-08-05,23907.716796875,10.633734809244968,2024-08-05,14403.8173828125,83.63187547463444,2021-08-05,13059.8125,102.52970706891848,KRW,18.516832994646393,18.99969556252472,27.144924830645323,20.326238724920245,17.27948120289159,10.613126186107877,11.415320867163246,-2.541422657480541,-31.785285425650645,-8.901822687221994,7.16081563575961,74.47105282592537,62.21035930677174
HYUNDAI.NS,HYUNDAI MOTOR INDIA LTD,US,NSI,1802622468096.0,2026-08-04,2199.0,2026-07-03,1974.5435791015625,11.36750909294022,2026-05-04,1827.0521240234373,20.35781415789488,2026-02-04,2169.085693359375,1.3791205544440688,2025-08-04,2147.68994140625,2.3890812916949056,,,,,,,INR,23.066853144206107,20.669982998581418,19.251785038327167,23.988234161498667,24.61668252161462,,,11.595898002379524,19.816698027137548,-3.8409705820338647,-6.295849881671467,,
005440.KS,HYUNDAI G.F. HOLDINGS,US,KSC,1802357440512.0,2026-08-05,12060.0,2026-07-03,14880.0,-18.95161290322581,2026-05-04,14720.0,-18.07065217391305,2026-02-05,9867.556640625,22.21870559474319,2025-08-05,8147.26123046875,48.02520330265796,2024-08-05,3707.510009765625,225.285703025314,2021-08-05,4654.91162109375,159.08118094766962,KRW,8.442835762398317,9.648992149159312,10.001834630966187,6.758091154299905,5.88849401567839,2.7317946711024916,4.068765134497312,-12.500335455927214,-15.587129022720791,24.929296892162768,43.37852326789964,209.05821186740133,107.50364012941272
003690.KS,Korean Re,US,KSC,1797775294464.0,2026-08-05,13830.0,2026-07-03,13420.0,3.055141579731746,2026-05-04,12170.0,13.64009860312243,2026-02-05,11668.35546875,18.525700018646862,2025-08-05,10165.5400390625,36.04786314210857,2024-08-05,5889.44091796875,134.82704373185092,2021-08-05,4065.29541015625,240.196679568446,KRW,9.681958424043842,8.702249639900401,8.269179854542017,7.991422066323366,7.3472201262306385,4.339500978581867,3.553393398775029,11.258109393362027,17.084869289979544,21.154387087681936,31.777165481647263,123.11225350173487,172.47077194947033
0941.HK,CHINA MOBILE,US,HKG,1790009016320.0,2026-08-05,82.69999694824219,2026-07-03,76.69999694824219,7.822686100038378,2026-05-05,81.35675811767578,1.651047634694991,2026-02-05,78.00934600830078,6.012934577662388,2025-08-05,80.5013427734375,2.731201864536059,2024-08-05,63.13389587402344,30.9914362219317,2021-08-05,34.82332229614258,137.4845118020315,HKD,10.545510083211639,9.779657450123295,10.38634491176333,9.985579202751069,10.255941515380982,8.0889352031013,4.478567287684143,7.831078307131167,1.5324464265387583,5.607395115411107,2.823422573114187,30.369570511190226,135.46615258436137
7272.T,YAMAHA MOTOR CO,US,JPX,1784040128512.0,2026-08-05,1805.0,2026-07-03,1249.0,44.51561248999199,2026-05-01,1067.8829345703125,69.02601788709019,2026-02-05,1057.59130859375,70.67084282302383,2025-08-05,998.1640014648438,80.8320073005131,2024-08-05,995.7468872070312,81.27096586390961,2021-08-05,767.0089111328125,135.3297300463114,JPY,11.446363327559084,7.736188679933548,6.802755502305274,6.739813069061256,6.799806638640206,6.839672611209096,7.002792892229195,47.95868871772922,68.26068971140022,69.83205929112471,68.33365911487263,67.35250322947302,63.45426037461132
7270.T,SUBARU CORPORATION,US,JPX,1773769326592.0,2026-08-05,2475.5,2026-07-03,2515.5,-1.5901411250248465,2026-05-01,2369.5,4.473517619751011,2026-02-05,3458.425537109375,-28.42118549503092,2025-08-05,2660.646484375,-6.958702911577975,2024-08-05,2002.4539794921875,23.623315459553005,2021-08-05,1733.3150634765625,42.81881304572608,JPY,15.698322668904439,15.580770716071129,15.094472100725397,22.039838493357593,18.125159393624017,13.754629629981196,15.825169995196688,0.7544681516432172,4.000474903325846,-28.772968669277553,-13.389326250964062,14.131191396724653,-0.8015542729130298
2881.TW,FUBON FINANCIAL HLDG CO LTD,US,TAI,1769711075328.0,2026-08-05,129.5,2026-07-03,121.0,7.024793388429762,2026-05-05,89.17412567138672,45.22149673462135,2026-02-05,90.43146514892578,43.20236854145263,2025-08-05,79.2616958618164,63.38282772269756,2024-08-05,67.5378646850586,91.74429130071282,2021-08-05,48.06040191650391,169.452594726491,TWD,3.997518088668585,3.7894326485693455,2.8221447550282903,2.856593527711283,2.6523032241510407,2.0724191365281257,1.7341121771582382,5.491203021586877,41.64822982754872,39.9400387170735,50.71874332725006,92.89139046291241,130.52246223306523
004990.KS,LOTTE,US,KSC,1762033008640.0,2026-08-05,22850.0,2026-07-03,23850.0,-4.192872117400414,2026-05-04,30050.0,-23.960066555740436,2026-02-05,29604.037109375,-22.81458128302417,2025-08-05,26197.4140625,-12.77765070443201,2024-08-05,21055.978515625,8.520247506159407,2021-08-05,29994.96875,-23.820557405981624,KRW,15.996583513333462,15.46562249714043,20.418147463351488,20.275209822130932,18.934377034134286,15.514620257888168,26.218002186615195,3.4331693812596598,-21.655069138638982,-21.10274737639083,-15.515659773250867,3.106510165469545,-38.9862606636747
ABB.ST,ABB Ltd,US,STO,1757572235264.0,2026-08-04,963.2000122070312,2026-07-03,1049.0,-8.17921713946318,2026-05-04,927.0,3.905071435494212,2026-02-04,779.2393188476562,23.607727293768637,2025-08-04,633.618896484375,52.015670231953656,2024-08-02,546.2053833007812,76.34392513422405,2021-08-04,304.68524169921875,216.12952660105856,SEK,100.6852054243177,108.32412776350975,100.6352957636118,87.57220195355785,65.67768364814219,50.914475732788105,35.42312149491772,-7.05191216112917,0.04959458838691422,14.973933712108867,53.30200432116756,97.75359360025394,184.23583573447462
5831.T,SHIZUOKA FINANCIAL GROUP INC.,US,JPX,1746041831424.0,2026-08-05,3221.0,2026-07-03,3232.0,-0.3403465346534684,2026-05-01,2762.0,16.618392469225206,2026-02-05,2699.726806640625,19.3083682421932,2025-08-05,1728.1500244140625,86.38428113856003,2024-08-05,1071.4173583984375,200.62981290640784,,,,JPY,20.42589267482981,20.018704414367676,17.59482251200825,17.204806683297875,11.772700669761491,7.359444509002174,,2.0340390268707376,16.090359313879922,18.72201211455,73.50218312518794,177.54666333640506,
PWR.MX,QUANTA SERVICES,US,MEX,1743231647744.0,2026-08-04,11595.0,2026-07-03,11540.0,0.4766031195840625,2026-05-04,10159.91015625,14.125024942934015,2026-02-04,8286.7666015625,39.921884584196206,2025-08-04,6874.67333984375,68.66255932188822,2024-08-02,4961.8271484375,133.6840775207438,,,,MXN,669.1945683024824,660.3228499740362,582.3432903489884,480.7155527460127,364.3560436593634,262.2003680174821,,1.343542530565922,14.914102968619325,39.20801282168065,83.66501117464998,155.22258925962458,
9435.T,HIKARI TSUSHIN INC,US,JPX,1741307772928.0,2026-08-05,39460.0,2026-07-03,36010.0,9.580672035545687,2026-05-01,37923.69140625,4.051052354826434,2026-02-05,43118.2578125,-8.484243098151033,2025-08-05,40536.53125,-2.655706388296364,2024-08-05,21420.546875,84.21565159036118,2021-08-05,16700.546875,136.27968769735276,JPY,250.23462432436645,223.0425575375557,241.58603160504754,274.78383677930833,276.1475808551331,147.13531085093564,152.47602636045485,12.191425298838855,3.5799225070503704,-8.93400890775774,-9.383734758973173,70.07108822292281,64.11407766674697
3402.T,TORAY INDUSTRIES INC,US,JPX,1737873686528.0,2026-08-05,1188.5,2026-07-03,1173.5,1.2782275244993535,2026-05-01,1106.0,7.459312839059673,2026-02-05,1224.914794921875,-2.9728430967476016,2025-08-05,1015.584228515625,17.026236389778138,2024-08-05,611.0155639648438,94.51223014482544,2021-08-05,637.7999877929688,86.34368497131261,JPY,7.536843664711341,7.268548771739006,7.04557338822633,7.806131419780968,6.918478695910039,4.196996718307503,5.823115163791215,3.6911755206967545,6.972750824027463,-3.4496953815976394,8.937874870769758,79.5770683316302,29.42975456807524
0857.HK,PETROCHINA,US,HKG,1736869019648.0,2026-08-05,9.489999771118164,2026-07-03,8.819999694824219,7.596373009934654,2026-05-05,11.335122108459473,-16.27792201695192,2026-02-05,8.831302642822266,7.45866329053122,2025-08-05,6.92165994644165,37.105836526928336,2024-08-05,5.596274375915527,69.57709957824645,2021-08-05,2.1577792167663574,339.8040215319088,HKD,1.2101196126843377,1.124596859942244,1.447089222325289,1.1304500872752214,0.8818255342628163,0.717014215246337,0.27750825530294065,7.604747602308426,-16.375604626518548,7.047593370632366,37.22891497987375,68.77205318287723,336.0661672436793
140860.KQ,Park Systems,US,KOE,1734536462336.0,2026-08-05,253000.0,2026-07-03,260000.0,-2.692307692307694,2026-05-04,313000.0,-19.169329073482437,2026-02-05,258500.0,-2.127659574468088,2025-08-05,267872.65625,-5.55213677207862,2024-08-05,153056.09375,65.29887428934857,2021-08-05,130609.28125,93.70752030686948,KRW,177.11753299226984,168.59798110090196,212.67488040030003,177.04145281459205,193.60696664457464,112.7759116454672,114.16296012659586,5.053175510013452,-16.719110099464295,0.04297308707552627,-8.51696296785448,57.052628001867035,55.14448188437244
GMEXICOB.MX,GRUPO MEXICO SAB DE CV,US,MEX,1731228336128.0,2026-08-05,222.3800048828125,2026-07-03,199.3500061035156,11.552544807717837,2026-05-05,190.8358459472656,16.52947263600759,2026-02-05,198.08804321289065,12.263214516090027,2025-08-05,116.74130249023438,90.4895697916468,2024-08-05,93.29725646972656,138.3564247197035,2021-08-05,74.73407745361328,197.5617181075683,MXN,12.887859334877703,11.406877311318452,10.892519203197706,11.434062093500872,6.186149098491796,4.777508968356358,3.7441173268901196,12.983237946197157,18.318444929564382,12.71461733799024,108.33412078638398,169.7610704708234,244.2162253388148
JIOFIN.NS,JIO FIN SERVICES LTD,US,NSI,1729693089792.0,2026-08-05,261.95001220703125,2026-07-03,239.3500061035156,9.442241707627709,2026-05-05,248.4499969482422,5.433695079336798,2026-02-05,269.95001220703125,-2.9635116274284945,2025-08-05,332.331787109375,-21.17816520487705,2024-08-05,316.5563659667969,-17.2501202409852,,,,INR,2.754550198260233,2.505571722616082,2.6081416059297453,2.9952845624960673,3.7810821272487374,3.7804411650208465,,9.936992559294676,5.613521597049043,-8.037111640411965,-27.14915715770101,-27.1368055202879,
8113.T,UNICHARM CORP,US,JPX,1715121684480.0,2026-08-05,975.9000244140624,2026-07-03,959.7999877929688,1.6774366353260015,2026-05-01,905.3724365234376,7.789897841538629,2026-02-05,983.5546875,-0.7782651217284275,2025-08-05,1011.8037109375,-3.548483380256673,2024-08-05,1508.3504638671875,-35.30018070787082,2021-08-05,1536.255859375,-36.47542377406514,JPY,6.1886461223363645,5.944910969226839,5.767511704523657,6.267992827743001,6.89272462294457,10.360688532759582,14.0260190677418,4.099895765827144,7.30183897992609,-1.2659029387435905,-10.21480675819344,-40.26800339795553,-55.87738693034059
010170.KQ,TaihanFiberoptics,US,KOE,1713451958272.0,2026-08-05,12070.0,2026-07-03,12240.0,-1.388888888888884,2026-05-04,17700.0,-31.80790960451978,2026-02-05,3140.0,284.3949044585987,2025-08-05,1145.0,954.1484716157204,2024-08-05,1003.0,1103.3898305084745,2021-08-05,3390.0,256.047197640118,KRW,8.449836455401964,7.937074187211692,12.026662565767765,2.150522869778797,0.8275573173887096,0.7390378037816845,2.963131188880652,6.460343649256051,-29.74080374173582,292.9200927898579,921.0575482632117,1043.3564578379928,185.1657897264401
3988.HK,BANK OF CHINA,US,HKG,1698059386880.0,2026-08-05,5.269999980926514,2026-07-03,4.809999942779541,9.563410470253642,2026-05-05,4.913393974304199,7.257834573968069,2026-02-05,4.553402423858643,15.73762848882161,2025-08-05,4.360015392303467,20.871132478784386,2024-08-05,2.942387104034424,79.10627645494392,2021-08-05,1.8906819820404053,178.73539976507217,HKD,0.6720053202924205,0.6133005690631208,0.6272644791313979,0.5828578609106785,0.5554697763921013,0.3769889105919759,0.24315734162785319,9.571938163856132,7.132691655516243,15.294888404259455,20.979637210370527,78.25599146595268,176.3664530108696
PIDILITIND.NS,PIDILITE INDUSTRIES LTD,US,NSI,1694620844032.0,2026-08-05,1665.0,2026-07-03,1586.57568359375,4.94299245962293,2026-05-05,1354.4471435546875,22.92838505534296,2026-02-05,1459.0936279296875,14.111936898968835,2025-08-05,1488.0849609375,11.888772731836683,2024-08-05,1515.0928955078125,9.89425169484035,2021-08-05,1093.9215087890625,52.20470450783108,INR,17.5084018567577,16.60864452572241,14.218514757613775,16.189666313563293,16.93058463822672,18.09383783363603,14.746058079774684,5.417403748040983,23.13805031838678,8.145538750787008,3.4128603995538187,-3.235554459264678,18.732760728589405
112610.KS,CSWIND,US,KSC,1678266597376.0,2026-08-05,41000.0,2026-07-03,42100.0,-2.6128266033254133,2026-05-04,69700.0,-41.17647058823529,2026-02-05,43000.0,-4.651162790697672,2025-08-05,45213.1484375,-9.318414185032942,2024-08-05,43070.71484375,-4.807709487205047,2021-08-05,74131.703125,-44.69302839182544,KRW,28.70284131495282,27.299903862876818,47.35923055559397,29.449835477862507,32.678141337672514,31.735679467031105,64.79703882434478,5.138983122881102,-39.39335378082382,-2.5364968964638357,-12.165012635332562,-9.556556541444072,-55.703467572396335
PRX.JO,Prosus N.V.,US,JNB,1677744537600.0,2026-08-04,79302.0,2026-07-03,68801.0,15.262859551460007,2026-05-04,80082.0,-0.9740016483104852,2026-02-04,85900.0,-7.681024447031437,2025-08-04,103096.828125,-23.080077784885777,2024-08-02,62249.8125,27.393154798659022,2021-08-04,56615.515625,40.07114326268224,ZAR,4799.4915173873305,4230.445289596915,4830.84913136065,5391.71849489212,5723.754035856749,3404.9410390066914,3958.1305873288075,13.451213497306224,-0.6491118459848733,-10.984011462501986,-16.14783781202562,40.95667039178643,21.25652278254735
9107.T,KAWASAKI KISEN KAISHA,US,JPX,1676808290304.0,2026-08-05,2714.5,2026-07-03,2543.5,6.723019461372126,2026-05-01,2503.5,8.428200519273021,2026-02-05,2264.864501953125,19.85264450297701,2025-08-05,2040.4434814453125,33.034804672817074,2024-08-05,1528.8089599609375,77.55652086637154,2021-08-05,332.7797546386719,715.704670179642,JPY,17.21393532003276,15.754200085997581,15.948094916297123,14.4335181708459,13.90014177083168,10.501215625735426,3.0382798252234977,9.265689315020186,7.9372515048308,19.263613460528227,23.83999820890177,63.92326311104792,466.568463415528
089030.KQ,Techwing,US,KOE,1674441129984.0,2026-08-05,47900.0,2026-07-03,46600.0,2.7896995708154515,2026-05-04,61300.0,-21.859706362153343,2026-02-05,44900.0,6.681514476614692,2025-08-05,28416.080078125,68.56652947312718,2024-08-05,38896.453125,23.147475287954045,2021-08-05,13311.953125,259.826988197872,KRW,33.53331948746927,30.21794584346935,41.65166188031435,30.75110727804713,20.537934497952733,28.659969384244505,11.635711943836213,10.971538770946697,-19.491040756484235,9.04751879100083,63.27503377134611,17.004031085615303,188.1931045502796
1810N.MX,XIAOMI CORPORATION,US,MEX,1670082985984.0,2026-08-05,65.0,2026-07-03,52.0,25.0,2026-05-05,70.5,-7.801418439716312,2026-02-05,75.5,-13.907284768211923,2025-08-05,133.0,-51.127819548872175,2024-08-05,40.5,60.49382716049383,2021-08-05,77.98999786376953,-16.655979253211484,MXN,3.7670241855084896,2.97545824944973,4.0239955969154835,4.358020171523094,7.047701306641102,2.07389928214252,3.9072363274586053,26.6031605788839,-6.385976455937737,-13.561111760711652,-46.54960501860664,81.63968799954561,-3.58852473204031
TRENT.NS,TRENT LTD,US,NSI,1668483776512.0,2026-08-05,3129.0,2026-07-03,3340.60009765625,-6.334194200757748,2026-05-05,2752.865478515625,13.663381825950704,2026-02-05,2750.135986328125,13.776191997608066,2025-08-05,5309.65380859375,-41.06960429443311,2024-08-05,5335.9296875,-41.35979701287996,2021-08-05,911.3126831054688,243.3508671620092,INR,32.903176822699606,34.97018144063077,28.898623780381968,30.51468602378145,60.41022224258268,63.723780068910855,12.284491753694738,-5.91076320676327,13.857244804287738,7.827348434968973,-45.533759682965666,-48.365936880834546,167.8432081881084
023590.KS,DaouTech,US,KSC,1665622736896.0,2026-08-05,39000.0,2026-07-03,37200.0,4.838709677419351,2026-05-04,47700.0,-18.23899371069182,2026-02-05,45633.5390625,-14.53654307507174,2025-08-05,32299.689453125,20.744194945276,2024-08-05,15349.8505859375,154.07413434844227,2021-08-05,22327.708984375,74.67085417179308,KRW,27.302702714223415,24.12248037289828,32.41083640605211,31.25349343402877,23.34484223259085,11.310189297515706,19.51620379582664,13.183645678900113,-15.760573494101038,-12.641117154294623,16.95389689165321,141.39916668079536,39.89761021076161
SOLARINDS.BO,SOLAR INDUSTRIES INDIA LTD.,US,BSE,1665017053184.0,2026-08-04,18788.0,2026-07-03,18510.9609375,1.4966217228559175,2026-05-04,15443.1240234375,21.65932211310417,2026-02-04,13558.8369140625,38.56645757361454,2025-08-04,14358.3642578125,30.85055973404003,2024-08-02,10616.2734375,76.97358786591634,2021-08-04,1747.411865234375,975.1901354109224,INR,197.08050790056586,193.77705912149395,162.72535419773885,149.94914947245252,164.57463791669852,126.77070950562484,23.545455273118478,1.704767733625645,21.112354538850585,31.43156102847515,19.751445541882706,55.4621794491269,737.0214362581045
041510.KQ,SME,US,KOE,1664444006400.0,2026-08-05,73700.0,2026-07-03,75800.0,-2.770448548812665,2026-05-04,96800.0,-23.863636363636363,2026-02-05,106200.0,-30.602636534839924,2025-08-05,133735.453125,-44.89120253616369,2024-08-05,62543.87109375,17.83728559034592,2021-08-05,65953.71875,11.74502574959051,KRW,51.59510743687861,49.15279602864757,65.77293425798416,72.73424483137205,96.65829941300308,46.0840330340277,57.64882626866893,4.968814809248268,-21.555715859498104,-29.063527700744917,-46.62113057004837,11.958750222190018,-10.50102703492578
001740.KS,SKNetworks,US,KSC,1663595708416.0,2026-08-05,7900.0,2026-07-03,9500.0,-16.84210526315789,2026-05-04,6590.0,19.878603945371776,2026-02-05,5057.6923828125,56.19771631122688,2025-08-05,4235.8447265625,86.50353140803296,2024-08-05,3776.97998046875,109.16181819474602,2021-08-05,4884.494140625,61.73629801896227,KRW,5.530547472881153,6.160310847917572,4.477723520249128,3.4639118272434075,3.0614884705582313,2.7829820435623276,4.269438622416146,-10.222915540849753,23.512482355620044,59.66190101560353,80.64897274862885,98.72738617464569,29.538048488241863
7309.T,SHIMANO INC,US,JPX,1658172342272.0,2026-08-05,19450.0,2026-07-03,17540.0,10.889395667046742,2026-05-01,16474.318359375,18.06254787428967,2026-02-05,18102.44921875,7.4440246453184145,2025-08-05,15885.8369140625,22.436105225167104,2024-08-05,22732.318359375,-14.4389952115084,2021-08-05,27651.611328125,-29.6605186251225,JPY,123.34169901441783,108.64111244678497,104.94667181010936,115.36320583872657,108.21930980287152,156.14572063389824,252.45926671345842,13.531329196241026,17.52797576810483,6.915977341029245,13.973836313586464,-21.008594719283558,-51.14392091045292
TMCV.NS,TATA MOTORS LIMITED,US,NSI,1657951748096.0,2026-08-05,450.2000122070313,2026-07-03,432.0,4.2129657886646354,2026-05-05,402.011962890625,11.9867202383519,2026-02-05,450.8110961914063,-0.1355521169593254,,,,,,,,,,INR,4.73410374152428,4.522276818752289,4.220181683942428,5.002065034131079,,,,4.6840768767984375,12.17772352165072,-5.357013369046437,,,
140410.KQ,Mezzion Pharma,US,KOE,1650294784000.0,2026-08-05,56900.0,2026-07-03,59900.0,-5.008347245409017,2026-05-04,91200.0,-37.60964912280702,2026-02-05,148800.0,-61.76075268817205,2025-08-05,37400.0,52.13903743315509,2024-08-05,29150.0,95.19725557461408,2021-08-05,46066.66796875,23.51663905581136,KRW,39.8339431907516,38.84238103055395,61.96788847446442,101.91012835130095,27.03112984308973,21.478516430943273,40.26595298702432,2.552784185443402,-35.71841130722685,-60.91267488797831,47.36321945097974,85.45947211402537,-1.0728910263515634
DLF.BO,DLF LTD.,US,BSE,1643606966272.0,2026-08-04,645.0,2026-07-03,667.3751220703125,-3.3527054471106155,2026-05-04,599.6253051757812,7.567174772738627,2026-02-04,652.1659545898438,-1.098793112306895,2025-08-04,783.81396484375,-17.7100652795108,2024-08-02,827.97314453125,-22.09892262083436,2021-08-04,334.3277282714844,92.92447064882404,INR,6.765857334248722,6.986238527663318,6.3182967398676055,7.212398144874271,8.98402472189855,9.886966796942943,4.50489019171431,-3.154504280693471,7.083564017452182,-6.191294513363744,-24.69013005098981,-31.56791690308165,50.189173238738015
011210.KS,HYUNDAI WIA,US,KSC,1638420971520.0,2026-08-05,62300.0,2026-07-03,64100.0,-2.808112324492984,2026-05-04,82900.0,-24.84921592279855,2026-02-05,82003.5,-24.02763296688556,2025-08-05,48188.1328125,29.28494291822692,2024-08-05,44407.63671875,40.29118548813791,2021-08-05,88256.5859375,-29.41036712646179,KRW,43.61431741272099,41.56588687910698,56.32826704531908,56.162548456020886,34.828333554832625,32.720760031664895,77.14331634676455,4.928153077959818,-22.571171277769007,-22.34270236708723,25.22654104037447,33.29249494973241,-43.463258415451556
1803.T,SHIMIZU CORP,US,JPX,1637214715904.0,2026-08-05,2369.0,2026-07-03,2599.0,-8.849557522123897,2026-05-01,2996.0,-20.927903871829105,2026-02-05,3115.354248046875,-23.957283461898136,2025-08-05,1683.9429931640625,40.6817219832806,2024-08-05,759.3372802734375,211.98257500895025,2021-08-05,714.4017333984375,231.6061382900868,JPY,15.022955525200814,16.097961872816086,19.085477279499173,19.85351534673714,11.471548490232692,5.215801791882882,6.522489254329571,-6.677903427207066,-21.285932202817648,-24.331005049592957,30.958392740020436,188.02773043600632,130.3254929125212
ABB.BO,ABB INDIA LIMITED,US,BSE,1634661302272.0,2026-07-17,7509.85009765625,,,,,,,,,,,,,,,,,,,INR,77.69973534564133,,,,,,,,,,,,
9697.T,CAPCOM CO LTD,US,JPX,1631404425216.0,2026-08-05,3840.0,2026-07-03,3253.0,18.044881647709808,2026-05-01,3351.0,14.592658907788714,2026-02-05,3095.12060546875,24.066247797101248,2025-08-05,3910.32958984375,-1.7985591298088075,2024-08-05,2301.64013671875,66.83754939529152,2021-08-05,1431.5250244140625,168.24539805524884,JPY,24.351266026496887,20.148776441812515,21.346940708812326,19.724570481575483,26.63839315510245,15.809705464539093,13.069826335145649,20.857294222409518,14.073798014740024,23.456508466144555,-8.585829915823862,54.02732252739541,86.31667630513714
006040.KS,DongwonInd,US,KSC,1628995059712.0,2026-08-05,36200.0,2026-07-03,33650.0,7.5780089153046015,2026-05-04,38550.0,-6.095979247730221,2026-02-05,41813.25,-13.42457235445702,2025-08-05,43667.95703125,-17.101686314076304,2024-08-05,26104.158203125,38.6752245305746,2021-08-05,43292.484375,-16.38271510030429,KRW,25.342508673202246,21.820469477097504,26.193663384765387,28.637054262668244,31.56134268701021,19.234256977075916,37.841094600498764,16.14098724961639,-3.2494680070531246,-11.504484920995605,-19.703958971198865,31.757149254095786,-33.02913422364844
5333.T,NGK CORP,US,JPX,1628099182592.0,2026-08-05,5928.0,2026-07-03,7473.0,-20.674427940586117,2026-05-01,5121.0,15.758640890451092,2026-02-05,3908.976318359375,51.65095711012195,2025-08-05,2011.6748046875,194.67983523911929,2024-08-05,1527.173828125,288.16799311432345,2021-08-05,1578.6636962890625,275.5074633017056,JPY,37.59226692840457,46.28706005215645,32.62240625778213,24.91110645771164,13.704160510321799,10.489984090314465,14.413202703559023,-18.784500709171315,15.234500580216604,50.90564922204517,174.3128037656196,258.3634312955154,160.8182768367088
MOTHERSON.BO,Samvardhana Motherson Internat,US,BSE,1625495568384.0,2026-08-04,149.8000030517578,2026-07-03,145.99600219726562,2.6055513830798738,2026-05-04,119.99124908447266,24.842439923514824,2026-02-04,122.00850677490234,22.77832670153808,2025-08-04,97.8157958984375,53.14500247720287,2024-08-02,126.9303207397461,18.01750927495329,2021-08-04,72.85371398925781,105.61752428139168,INR,1.5713572857646767,1.5283202230722281,1.2643567764052506,1.3493098217241553,1.1211582951560786,1.515696342288578,0.9816654552614921,2.8159715511671735,24.281161384864248,16.456373507812174,40.154810659089414,3.672301761450125,60.070549222505235
8421.T,SHINKIN CENTRAL BANK NON-CUM PR,US,JPX,1624954241024.0,2026-08-05,185800.0,2026-07-03,185800.0,0.0,2026-05-01,188900.0,-1.6410799364743212,2026-02-05,186841.4375,-0.5573910765913515,2025-08-05,189164.859375,-1.778797280910149,2024-08-05,222015.40625,-16.312114038257196,2021-08-05,209071.28125,-11.13078807900595,JPY,1178.2461530528963,1150.8277475833893,1203.353357175365,1190.7022609509877,1288.6504268716308,1524.9986848102126,1908.8212158375245,2.3824942983068143,-2.086436537760039,-1.0461144071518769,-8.56743392284869,-22.73789054450692,-38.273624408773
395400.KS,SK REIT,US,KSC,1617250222080.0,2026-08-05,5570.0,2026-07-03,5740.0,-2.9616724738675937,2026-05-04,6412.302734375,-13.135729382513295,2026-02-05,5474.9853515625,1.7354320118935895,2025-08-05,4674.1923828125,19.164971054282653,2024-08-05,4467.33056640625,24.682960376509456,,,,KRW,3.8993860030313954,3.7221246596891433,4.356983121801022,3.74970739179588,3.378307519021007,3.291651216912925,,4.762369870681771,-10.502613987186448,3.991741103932611,15.424246640560145,18.462915602839438,
2801.T,KIKKOMAN CORP,US,JPX,1614491942912.0,2026-08-05,1594.0,2026-07-03,1631.5,-2.298498314434572,2026-05-01,1434.0,11.15760111576012,2026-02-05,1498.2674560546875,6.389549713467058,2025-08-05,1307.975830078125,21.867695361373077,2024-08-05,1395.4808349609375,14.225861084263446,2021-08-05,1393.012939453125,14.428226390041951,JPY,10.108311991207302,10.105357751250267,9.1350381905213,9.548152012230162,8.91034210760347,9.585399833004999,12.71821092244977,0.02923439258415428,10.654293724747532,5.866684760146623,13.444712550167615,5.4552983423996615,-20.52095964720605
CHOLAFIN.BO,CHOLAMANDALAM INVESTMENT AND F,US,BSE,1610668572672.0,2026-08-04,1872.25,2026-07-03,1789.04736328125,4.650667077150494,2026-05-04,1637.656982421875,14.324917861076948,2026-02-04,1737.1177978515625,7.779104118072277,2025-08-04,1469.6729736328125,27.39228614731053,2024-08-02,1382.146728515625,35.45956889907978,2021-08-04,511.67474365234375,265.9062760526042,INR,19.639343246584758,18.728165320871994,17.256114249588336,19.211038378310036,16.845296103974647,16.504446917869245,6.89454789150966,4.8652813027941555,13.810925000414143,2.2294727637330425,16.586512492059157,18.994252544878588,184.85324281770187
020150.KS,LOTTE ENERGY MATERIALS Corp,US,KSC,1605001412608.0,2026-08-05,31250.0,2026-07-03,39750.0,-21.38364779874213,2026-05-04,78500.0,-60.19108280254777,2026-02-05,48850.0,-36.02865916069601,2025-08-05,25900.0,20.656370656370648,2024-08-05,32200.0,-2.9503105590062084,2021-08-05,80467.4453125,-61.16441887941291,KRW,21.877165636396967,25.77603749523405,53.33858821541071,33.456382862641476,18.719418795080855,23.725839762482792,70.33498433481327,-15.125955102905086,-58.98435566377409,-34.60988975940449,16.868829507387883,-7.791817463966433,-68.89575530115167
008770.KS,HtlShilla,US,KSC,1604992237568.0,2026-08-05,42100.0,2026-07-03,50900.0,-17.288801571709232,2026-05-04,64800.0,-35.03086419753087,2026-02-05,50100.0,-15.968063872255488,2025-08-05,47000.0,-10.425531914893616,2024-08-05,46050.0,-8.577633007600438,2021-08-05,93145.5078125,-54.80189974942599,KRW,29.472917545353994,33.006297069368884,44.02981549501419,34.31248273118399,33.96960167447105,33.93089816963766,81.41662516322867,-10.70516791565208,-33.061455711320384,-14.10438651071928,-13.237376676384226,-13.138410312618232,-63.799878113020505
4188.T,MITSUBISHI CHEMICAL GROUP CORP,US,JPX,1586783453184.0,2026-08-05,1154.5,2026-07-03,1163.0,-0.7308684436801327,2026-05-01,898.0,28.563474387527844,2026-02-05,1034.626953125,11.586112899237166,2025-08-05,738.0637817382812,56.42279550433052,2024-08-05,691.431640625,66.97239931866909,2021-08-05,766.0958862304688,50.699151470536094,JPY,7.3212334967684,7.203512758016586,5.720546928234398,6.5934659292415745,5.027922260709403,4.74936564267955,6.99445697304526,1.6342129556278673,27.98135543008369,11.037708776187438,45.61150942965113,54.15181831815807,4.671935576735242
001800.KS,ORION Holdings,US,KSC,1585127751680.0,2026-08-05,25850.0,2026-07-03,24716.890625,4.5843524260042345,2026-05-04,24374.28125,6.054409296684393,2026-02-05,21157.162109375,22.18084763147674,2025-08-05,19612.501953125,31.803683496287107,2024-08-05,12879.3935546875,100.70820796210396,2021-08-05,12929.802734375,99.92571063188409,KRW,18.09679141442757,16.02776099410312,16.561652874399442,14.49011496045489,14.175082535903016,9.48988905951768,11.301681931652183,12.909042136862926,9.269235091873608,24.890599307291183,27.66621547769863,90.69550024167863,60.12476305623669
7550.T,ZENSHO HOLDINGS CO LTD,US,JPX,1583398387712.0,2026-08-05,10110.0,2026-07-03,8232.0,22.813411078717195,2026-05-01,8680.0,16.47465437788018,2026-02-05,8733.4580078125,15.76170619880597,2025-08-05,7964.88916015625,26.93208652010506,2024-08-05,5206.61669921875,94.17599919573492,2021-08-05,2599.731689453125,288.88628549689764,JPY,64.11231758538634,50.988234758377075,55.29437342658639,55.65654136985995,54.25932623074209,35.76366051677769,23.735555522708864,25.739433595223748,15.947272050215776,15.192780592193778,18.159074281062047,79.26665408119935,170.110878694401
007810.KS,KorCirc,US,KSC,1580667502592.0,2026-08-05,55400.0,2026-07-03,80200.0,-30.922693266832912,2026-05-04,91400.0,-39.38730853391685,2026-02-05,55900.0,-0.8944543828264706,2025-08-05,11630.9228515625,376.31646006969737,2024-08-05,10114.7138671875,447.7169273143714,2021-08-05,15860.349609375,249.2987315188389,KRW,38.78383924020454,52.005992631893605,62.10378296673298,38.28478612122126,8.40633651859747,7.452797529697307,13.863214334539862,-25.424288091715685,-37.549956882691326,1.3035285541445285,361.36434289065687,420.3930347720011,179.7607993665333
8136.T,SANRIO CO LTD,US,JPX,1580402737152.0,2026-08-05,1274.0,2026-07-03,1087.5,17.149425287356323,2026-05-01,909.9000244140624,40.01538254935235,2026-02-05,922.1444702148438,38.156226182561184,2025-08-05,1195.005615234375,6.610377705223747,2024-08-05,528.86669921875,140.8924596466316,2021-08-05,130.17752075195312,878.6635915639724,JPY,8.079039822332561,6.735872849822044,5.796353886038161,5.87663807504299,8.140753527234097,3.6327254687917048,1.188521024747189,19.94050366532678,39.38141081745836,37.477239863430924,-0.7580834463920105,122.39610154245328,579.755734573653
060370.KQ,LS Marine Solution,US,KOE,1572593074176.0,2026-08-05,31400.0,2026-07-03,27300.0,15.01831501831501,2026-05-04,49550.0,-36.62966700302725,2026-02-05,28900.0,8.650519031141869,2025-08-05,26754.349609375,17.36409390791962,2024-08-05,16235.75390625,93.40031994395086,2021-08-05,7135.27587890625,340.0670770534136,KRW,21.982176031451672,17.702788015594706,33.667860459536314,19.79302896070294,19.33690636787253,11.962947068409676,6.236801916830359,24.173525729886023,-34.70872300343846,11.060192328799513,13.679901082699297,83.75218000838257,252.45910203002504
TATACAP.BO,Tata Capital Limited,US,BSE,1569663877120.0,2026-08-04,360.2999877929688,2026-07-03,348.7168884277344,3.3216341822328355,2026-05-04,327.5023498535156,10.01447408060514,2026-02-04,348.1678161621094,3.4845758475305244,,,,,,,,,,INR,3.779439247967105,3.650449770472619,3.4509167833933247,3.8504385175577056,,,,3.533522869917083,9.519860523867528,-1.8439268479901516,,,
7259.T,AISIN CORPORATION,US,JPX,1569643167744.0,2026-08-05,2202.0,2026-07-03,2282.5,-3.5268346111719584,2026-05-01,2377.5,-7.3817034700315425,2026-02-05,2805.916748046875,-21.522974566770227,2025-08-05,2121.127197265625,3.81272763079128,2024-08-05,1309.259765625,68.18663933729252,2021-08-05,1222.0445556640625,80.18982939647621,JPY,13.963929112069309,14.13759060204029,15.145434656878933,17.88153345769274,14.449784580690562,8.993157071292444,11.15726923661498,-1.2283669463870273,-7.801067262688266,-21.908659874682368,-3.3623717080911275,55.272825787112545,25.155437373902135
7202.T,ISUZU MOTORS,US,JPX,1568275169280.0,2026-08-05,2233.0,2026-07-03,2314.0,-3.5004321521175497,2026-05-01,2120.5,5.30535251120019,2026-02-05,2626.95361328125,-14.99659572553983,2025-08-05,1847.4105224609373,20.871889212010014,2024-08-05,1520.260009765625,46.88276910896685,2021-08-05,1127.2623291015625,98.09053690099977,JPY,14.16051485342905,14.33269864320755,13.508262540446594,16.741038008484338,12.585140634693685,10.442493854915256,10.291907318588187,-1.2013354502510287,4.828543352851433,-15.414355751103859,12.517732335803245,35.604722877224674,37.58882989408367
083650.KQ,BHI,US,KOE,1565671948288.0,2026-08-05,50500.0,2026-07-03,53900.0,-6.307977736549164,2026-05-04,99200.0,-49.09274193548387,2026-02-05,74000.0,-31.756756756756754,2025-08-05,42300.0,19.385342789598116,2024-08-05,7400.0,582.4324324324325,2021-08-05,5460.0,824.9084249084249,KRW,35.3534996684175,34.95165838976391,67.40366816520691,50.68111221771687,30.572641507023945,5.452522181440145,4.772476782090962,1.1497058999960785,-47.549590948424644,-30.243244235554123,15.637700655650466,548.388002689056,640.7788719074312
3037.TW,UNIMICRON TECHNOLOGY,US,TAI,1543491289088.0,2026-08-05,969.0,2026-07-03,967.0198364257812,0.2047696954736277,2026-05-05,901.1547241210938,7.528704456948443,2026-02-05,364.7531127929688,165.6591447788404,2025-08-05,135.22311401367188,616.5934663374401,2024-08-05,147.38168334960938,557.476545237579,2021-08-05,132.8916015625,629.1657174770909,TWD,29.911930717527866,30.284764793107797,28.519360958123116,11.522000439791784,4.524918340171212,4.522450071108494,4.794985795415414,-1.2310945061880796,4.882892577605635,159.60709578022207,561.0490724656055,561.4098607438285,523.8168785844431
6479.T,MINEBEA MITSUMI INC,US,JPX,1540520411136.0,2026-08-05,4096.0,2026-07-03,4848.0,-15.51155115511551,2026-05-01,3108.0,31.788931788931784,2026-02-05,3363.81884765625,21.76636690331584,2025-08-05,2351.89111328125,74.15772256078002,2024-08-05,2537.13427734375,61.44198738619002,2021-08-05,2841.806396484375,44.13367515349391,JPY,25.97468376159668,30.028056621551514,19.798953065648675,21.436929414192946,16.021820845050797,17.42728804945773,25.9456980819175,-13.49861867865827,31.192208373193942,21.167930629091792,62.120672879826635,49.04604599339777,0.11171670767025077
089970.KQ,VM,US,KOE,1537936850944.0,2026-08-05,68200.0,2026-07-03,101900.0,-33.07163886162905,2026-05-04,55900.0,22.003577817531305,2026-02-05,27150.0,151.19705340699815,2025-08-05,10660.0,539.7748592870544,2024-08-05,9890.0,589.5854398382204,2021-08-05,24944.3515625,173.4085904342698,KRW,47.74472628487274,66.07743951608427,37.98251058906317,18.59448914474342,7.7045947627630085,7.287222212762572,21.80335873193144,-27.74428513796916,25.701870530434444,156.76815272104406,519.6915964435566,555.1841688216175,118.97876777557977
097230.KS,HJSC,US,KSC,1534016880640.0,2026-08-05,17200.0,2026-07-03,19450.0,-11.5681233933162,2026-05-04,28800.0,-40.27777777777778,2026-02-05,24200.0,-28.925619834710748,2025-08-05,10440.0,64.75095785440612,2024-08-05,2790.0,516.4874551971326,2021-08-05,8320.0,106.73076923076924,KRW,12.04119196627289,12.612425893894397,19.568806886672974,16.574093454983085,7.5455881166271865,2.055748227867298,7.272345572710037,-4.529136047475513,-38.46741890803085,-27.34931778333466,59.579237299467124,485.73281509111774,65.57507953772532
000120.KS,CJ LOGISTICS,US,KSC,1533780295680.0,2026-08-05,76900.0,2026-07-03,76600.0,0.3916449086161844,2026-05-04,101300.0,-24.08687068114511,2026-02-05,108591.125,-29.183899697143755,2025-08-05,85661.921875,-10.228490889786023,2024-08-05,91741.6015625,-16.17761332887675,2021-08-05,178246.609375,-56.85752437612111,KRW,53.835329198045656,49.67155904741958,68.83056033402681,74.37187826990703,61.912794994966134,67.59771857842907,155.80179573784335,8.38260411083751,-21.78571707568705,-27.6133258290601,-13.046520993887,-20.359251273274616,-65.44627169212443
0009K0.KQ,Aimed Bio,US,KOE,1526916579328.0,2026-08-05,24300.0,2026-07-03,25300.0,-3.9525691699604737,2026-05-04,46700.0,-47.96573875802997,2026-02-05,54400.0,-55.33088235294117,,,,,,,,,,KRW,17.01168399886228,16.40588046866469,31.7313639447093,37.25746627897024,,,,3.6925999269266763,-46.38842493973945,-54.34020158138229,,,
9843.T,NITORI HOLDINGS CO LTD,US,JPX,1526219538432.0,2026-08-05,2620.0,2026-07-03,2339.5,11.989741397734566,2026-05-01,2282.5,14.786418400876222,2026-02-05,2823.930419921875,-7.221510079824023,2025-08-05,2392.76806640625,9.496613432117318,2024-08-05,3425.3232421875,-23.510868471297897,2021-08-05,4066.7919921875,-35.575755902117834,JPY,16.61466588266194,14.490643247961998,14.540254302555695,17.99633090368002,16.300287486623574,23.52815747166551,37.129819019969545,14.657890601224132,14.266680189641745,-7.677481751213778,1.928667799855388,-29.383905634469464,-55.25249968569449
7167.T,MEBUKI FINANCIAL GROUP INC,US,JPX,1525147762688.0,2026-08-05,1522.0,2026-07-03,1509.0,0.8614976805831676,2026-05-01,1296.0,17.438271604938272,2026-02-05,1246.5126953125,22.100641712151624,2025-08-05,792.1761474609375,92.12898606935782,2024-08-05,445.0519714355469,241.98253185817387,2021-08-05,208.2123107910156,630.9846349708129,JPY,9.651725753210485,9.346604257822037,8.255934096872807,7.943770420909459,5.396552689309772,3.057011594714055,1.900978813829539,3.2645171120099237,16.906526141801194,21.500562601927342,78.84983820004095,215.72421151098976,407.72400423374506
ICICIAMC.BO,ICICI Prudential Asset Managem,US,BSE,1524194476032.0,2026-08-04,3062.35009765625,2026-07-03,3335.35009765625,-8.185047806280876,2026-05-04,3258.2646484375,-6.012849535571052,2026-02-04,3041.95361328125,0.670506094700074,,,,,,,,,,INR,32.12313778025555,34.915223215402875,34.33257857557146,33.641407440567036,,,,-7.996756652312042,-6.435405923422222,-4.513097922534182,,,
ICICIAMC.NS,ICICI PRUDENTIAL AMC LTD,US,NSI,1523205931008.0,2026-08-05,3081.800048828125,2026-07-03,3334.800048828125,-7.586661757693869,2026-05-05,3276.77783203125,-5.950289986009205,2026-02-05,3086.6162109375,-0.1560337204317363,,,,,,,,,,INR,32.406843061296286,34.90946517590146,34.398473343066144,34.24816991629086,,,,-7.168892740106402,-5.789879864454273,-5.376424081914843,,,
035900.KQ,JYP Ent.,US,KOE,1519150825472.0,2026-08-05,46100.0,2026-07-03,53200.0,-13.345864661654138,2026-05-04,62500.0,-26.239999999999995,2026-02-05,68946.6171875,-33.13667605383558,2025-08-05,72004.3359375,-35.97607782951439,2024-08-05,49824.94140625,-7.476057775720224,2021-08-05,39687.44140625,16.157651807556796,KRW,32.273194746812806,34.4977407483384,42.467028833925724,47.22015192853587,52.041672566631405,36.71237813601806,34.68999865419846,-6.448381700569017,-24.00411417285061,-31.653767663314923,-37.98586180047939,-12.091789240016649,-6.966860770094485
ELUN.MX,ESSILORLUXOTTICA,US,MEX,1511252033536.0,2026-08-04,3288.25,2026-07-03,3523.719970703125,-6.6824257506517775,2026-05-04,4853.1201171875,-32.24461953137027,2026-02-04,5271.46533203125,-37.621708711248594,2025-08-04,5571.92724609375,-40.98541034782431,2024-08-02,4084.13720703125,-19.48727887155825,2021-08-04,3629.683837890625,-9.40671014721348,MXN,189.77826987672597,201.62849337652642,278.1699733597816,305.79784525257855,295.31081210480806,215.82014985239948,182.7396099636917,-5.877256384429275,-31.77614837987236,-37.93995843235075,-35.73609156938954,-12.066472937528626,3.851742878532338
CUMMINSIND.NS,CUMMINS INDIA LTD,US,NSI,1507968024576.0,2026-08-05,5440.0,2026-07-03,5432.93798828125,0.1299851338996127,2026-05-05,5216.73095703125,4.279865011398032,2026-02-05,4335.56103515625,25.473957254622004,2025-08-05,3545.832763671875,53.419531110841966,2024-08-05,3399.16748046875,60.03918698497952,2021-08-05,842.5455932617188,545.6623883035586,INR,57.20462828874588,56.87326278269211,54.76342613443194,48.1060879834431,40.342469209905175,40.59420075384651,11.357511625170218,0.5826384663737194,4.457723569597971,18.913490343330896,41.79753844789595,40.91822779224308,403.67219666295995
020560.KS,Asiana Airlines,US,KSC,1503077203968.0,2026-08-05,7230.0,2026-07-03,7730.0,-6.468305304010347,2026-05-04,7030.0,2.844950213371256,2026-02-05,7670.0,-5.736636245110827,2025-08-05,9430.0,-23.329798515376453,2024-08-05,8950.0,-19.217877094972067,2021-08-05,18500.0,-60.91891891891892,KRW,5.061501041636802,5.012547668884508,4.776691403239965,5.2530287933768705,6.815603059367277,6.59460453025531,16.170479939319193,0.9766166026943246,5.9624877211798655,-3.6460442018050654,-25.73656362395782,-23.24784574396842,-68.69912914996696
META,"Meta Platforms, Inc.",US,NMS,1499895300096.0,2026-08-05,588.77001953125,2026-07-02,582.9000244140625,1.0070329166803615,2026-05-05,604.3998413085938,-2.586006929370366,2026-02-05,669.0166015625,-11.994707133400384,2025-08-05,760.9659423828125,-22.62859784662181,2024-08-05,472.5578002929688,24.592170347465192,2021-08-05,359.81024169921875,63.63347990061629,USD,588.77001953125,582.9000244140625,604.3998413085938,669.0166015625,760.9659423828125,472.5578002929688,359.81024169921875,1.0070329166803615,-2.586006929370366,-11.994707133400384,-22.628597846621812,24.59217034746517,63.633479900616294
030530.KQ,WONIK HOLDINGS,US,KOE,1492523941888.0,2026-08-05,20900.0,2026-07-03,19020.0,9.884332281808629,2026-05-04,34600.0,-39.59537572254336,2026-02-05,39200.0,-46.68367346938776,2025-08-05,6320.0,230.69620253164555,2024-08-05,2745.0,661.384335154827,2021-08-05,6330.0,230.173775671406,KRW,14.631448377622291,12.333590771304443,23.50974716246128,26.847291877493262,4.567827288992703,2.022590998385567,5.532926379237324,18.630889000015195,-37.76433120903672,-45.50121314139625,220.31527139566646,623.4012407501624,164.4432145804032
5019.T,IDEMITSU KOSAN CO.LTD,US,JPX,1490872827904.0,2026-08-05,1241.0,2026-07-03,1214.5,2.1819678880197646,2026-05-01,1370.0,-9.416058394160586,2026-02-05,1374.8828125,-9.737761741057472,2025-08-05,934.4898071289062,32.79973634092435,2024-08-05,801.5524291992188,54.8245572956227,2021-08-05,432.1502075195313,187.1686692280281,JPY,7.869771129917353,7.522498920559883,8.727337741293013,8.761846918387164,6.366038030755959,5.5057728694683306,3.945532258710785,4.616447446849525,-9.826210888093867,-10.181366974099326,23.621176811958634,42.93671963037777,99.46031647676419
VBL.BO,Varun Beverages Limited,US,BSE,1483041669120.0,2026-08-04,442.0,2026-07-03,514.5792846679688,-14.10458734552449,2026-05-04,506.13861083984375,-12.672143453631712,2026-02-04,443.3785095214844,-0.3109103152004633,2025-08-04,507.1668090820313,-12.849186483631048,2024-08-02,624.5706787109375,-29.231388045264683,2021-08-04,103.61588287353516,326.57552852149905,INR,4.636447971686721,5.386736042740949,5.333220441477238,4.9033874231613765,5.813113002940271,7.458103687958555,1.396169491762194,-13.928435793049498,-13.064760353268268,-5.443980424915129,-20.24156472888783,-37.833420321408575,232.0834611444464
2882.TW,CATHAY FINANCIAL HLDG CO,US,TAI,1474255519744.0,2026-08-05,100.5,2026-07-03,93.5999984741211,7.371796622183324,2026-05-05,74.53792572021484,34.83069058996391,2026-02-05,73.37931060791016,36.95958597513218,2025-08-05,60.63447952270508,65.74727909120908,2024-08-05,50.91560363769531,97.38546304024358,2021-08-05,43.78480529785156,129.53168186163282,TWD,3.1023209877312183,2.931329670445251,2.3589445317038837,2.317941696568454,2.0289879466263727,1.5623601933329212,1.5798403886304868,5.8332339419194135,31.513096049375445,33.83947457884646,52.899921997540304,98.56631018697166,96.3692667979277
GLN.JO,Glencore plc,US,JNB,1471783895040.0,2026-08-04,12225.0,2026-07-03,11189.0,9.259093752792923,2026-05-04,12771.9150390625,-4.282169411476488,2026-02-04,11413.923828125,7.106024046493387,2025-08-04,7134.90087890625,71.34085262686986,2024-08-02,9417.7373046875,29.808250161270045,2021-08-04,6576.09912109375,85.90048256399629,ZAR,739.8777307011187,687.9907609671354,770.4502219258648,716.4221676762681,396.11711091211146,515.1315153489777,459.75133828885373,7.541811994836056,-3.9681332232373356,3.2739862169437473,86.78257270872582,43.62890032070468,60.929978682577854
950160.KQ,Kolon TissueGene,US,KOE,1466781007872.0,2026-08-05,18660.0,2026-07-03,90300.0,-79.33554817275747,2026-05-04,104800.0,-82.19465648854963,2026-02-05,99900.0,-81.32132132132132,2025-08-05,40350.0,-53.7546468401487,2024-08-05,15990.0,16.69793621013134,2021-08-05,8010.0,132.95880149812734,KRW,13.063293144805357,58.55537574389018,71.20871394872665,68.41950149391778,29.163264416274615,11.78186887584161,7.001380773726851,-77.6907022133345,-81.65492336484058,-80.9070617885653,-55.20634124376227,10.876239435929147,86.58166963045686
TECHM.NS,TECH MAHINDRA LIMITED,US,NSI,1461651111936.0,2026-08-05,1650.0,2026-07-03,1410.0999755859375,17.012979828921495,2026-05-05,1415.417236328125,16.573400242067816,2026-02-05,1604.50341796875,2.835555320215355,2025-08-05,1432.7745361328125,15.161175634339408,2024-08-05,1367.2662353515625,20.678764481866896,2021-08-05,1048.5201416015625,57.364645134971546,INR,17.35066850669682,14.761255628970957,14.85855757360514,17.803089835121682,16.301294071415214,16.328433465174044,14.134047810236098,17.54195539195047,16.772226514898627,-2.5412517299796544,6.437368902642615,6.260459974332755,22.7579582271626
298020.KS,HYOSUNG TNC,US,KSC,1461380710400.0,2026-08-05,330000.0,2026-07-03,277500.0,18.918918918918926,2026-05-04,512000.0,-35.546875,2026-02-05,387000.0,-14.72868217054264,2025-08-05,218679.359375,50.905874675672045,2024-08-05,251365.703125,31.28282653417378,2021-08-05,689587.5625,-52.14530859523732,KRW,231.02286912035197,179.9459221365396,347.88990020751953,265.04851930076256,158.05214324249482,185.21311783004876,602.7546943681227,28.38460931893536,-33.59310834187923,-12.837517549683097,46.16876707954556,24.733534982299776,-61.67215763246159
069620.KS,DAEWOONG PHARM,US,KSC,1449790013440.0,2026-08-05,124500.0,2026-07-03,132500.0,-6.037735849056602,2026-05-04,147700.0,-15.707515233581582,2026-02-05,164600.0,-24.36208991494532,2025-08-05,139517.796875,-10.764072549436175,2024-08-05,111071.9765625,12.089479140531978,2021-08-05,176116.90625,-29.3083198819818,KRW,87.15862789540552,85.9201249841135,100.35808254033327,112.73123068967834,100.83753162433004,81.84086701938259,153.94026483732887,1.4414584610078496,-13.152358346048487,-22.684576969329807,-13.565290134119156,6.49768394409056,-43.38152660221325
322000.KS,HD HYUNDAI ENERGY SOLUTIONS,US,KSC,1448160002048.0,2026-08-05,135900.0,2026-07-03,126700.0,7.261247040252572,2026-05-04,221000.0,-38.50678733031674,2026-02-05,81900.0,65.93406593406594,2025-08-05,45450.0,199.009900990099,2024-08-05,20450.0,564.5476772616137,2021-08-05,29745.185546875,356.8806598494307,KRW,95.13941791956313,82.15909309801646,150.16341395676136,56.091663386905566,32.84932757669594,15.068118731142022,25.999671685246994,15.799011810002629,-36.64274445241505,69.6141853795927,189.62363901493435,531.3954622811262,265.9254588724216
POWERINDIA.NS,HITACHI ENERGY INDIA LTD,US,NSI,1444144611328.0,2026-08-04,32005.0,2026-07-03,31040.0,3.108891752577314,2026-05-04,33730.0,-5.114141713608067,2026-02-04,19043.0,68.06700624901538,2025-08-04,21193.853515625,51.0107634574551,2024-08-02,12031.8271484375,166.00282405283969,2021-08-04,1968.0987548828125,1526.18872252199,INR,335.7228898955509,324.93396401405334,355.41553566232324,210.59930667374283,242.92257152451748,143.67407482824274,26.519094970182095,3.3203441549221724,-5.540738597730321,59.413103109426466,38.20160382324429,133.66977674775055,1165.9666186686825
BSE.NS,BSE LIMITED,US,NSI,1441707065344.0,2026-08-05,3534.60009765625,2026-07-03,3806.571533203125,-7.144787196945657,2026-05-05,3716.408935546875,-4.892056849601556,2026-02-05,2884.600341796875,22.533442378172808,2025-08-05,2360.97998046875,49.70902451085117,2024-08-05,791.27978515625,346.69409783522906,2021-08-05,130.17105102539062,2615.350356176202,INR,37.16828763525564,39.84807917483067,39.01356767361176,32.00666227838019,26.861887887975172,9.449775757052066,1.7547053086565256,-6.725020615969058,-4.729841817579383,16.126721718065596,38.36811392506097,293.32454643188896,2018.206826633083
8354.T,FUKUOKA FINANCIAL GROUP INC.,US,JPX,1440273399808.0,2026-08-05,7505.0,2026-07-03,7221.0,3.932973272399942,2026-05-01,6415.0,16.991426344505058,2026-02-05,6575.34619140625,14.13847699469839,2025-08-05,3989.47314453125,88.12007821854412,2024-08-05,3004.095947265625,149.8255758718748,2021-08-05,1653.4857177734375,353.88961751094746,JPY,47.5927738356404,44.726195722818375,40.865599715616554,41.90333622670232,27.17754390365667,20.634794882050073,15.096327909313345,6.409170434675615,16.461704139516375,13.57752895415656,75.1180092077302,130.6433095540034,215.26059927645775
BHEL.NS,BHEL,US,NSI,1436002942976.0,2026-08-05,412.3999938964844,2026-07-03,382.3665771484375,7.8546134895016495,2026-05-05,373.744384765625,10.34279328506842,2026-02-05,268.0353698730469,53.860288696904,2025-08-05,247.45176696777344,66.6587387715816,2024-08-05,289.859130859375,42.2760058217935,2021-08-05,56.311279296875,632.3577070986036,INR,4.336615506825268,4.0027025650556425,3.923438486066516,2.9740402640468915,2.8153655164200018,3.4616122377171905,0.7590758462893064,8.342187218324671,10.53099270515101,45.8156286332273,54.03383615849913,25.27733347987904,471.3020020363624
SPCX,Space Exploration Technologies ,US,NMS,1426369150976.0,2026-08-05,108.2699966430664,2026-07-02,162.0,-33.166668738847896,,,,,,,,,,,,,,,,USD,108.2699966430664,162.0,,,,,,-33.166668738847896,,,,,
290650.KQ,L&C BIO,US,KOE,1425198284800.0,2026-08-05,57800.0,2026-07-03,83100.0,-30.44524669073405,2026-05-04,62800.0,-7.9617834394904445,2026-02-05,89100.0,-35.12906846240179,2025-08-05,31624.720703125,82.76841254218093,2024-08-05,16649.078125,247.1663690087946,2021-08-05,34304.0546875,68.49320153708143,KRW,40.46400556107983,53.88650857494213,42.67087057232857,61.02279862971045,22.857003518118177,12.267495645553026,29.984488008731205,-24.908837794148575,-5.1718302946456856,-33.69034775573382,77.03110352590627,229.84731953622543,34.94979653912078
SIEMENS.BO,SIEMENS LTD.,US,BSE,1424482107392.0,2026-07-17,3657.89990234375,,,,,,,,,,,,,,,,,,,INR,37.84600899313,,,,,,,,,,,,
089860.KS,LOTTE rental,US,KSC,1419697061888.0,2026-08-05,39400.0,2026-07-03,30300.0,30.03300330033003,2026-05-04,33000.0,19.393939393939384,2026-02-05,31688.95703125,24.3335334802776,2025-08-05,29762.576171875,32.38101356707206,2024-08-05,24985.400390625,57.69208971645552,,,,KRW,27.582730434369296,19.64814933598973,22.422591224312782,21.70312955896202,21.51112462478079,18.40992565433055,,40.383350933951355,23.013126174558195,27.091027860446857,28.225422498803354,49.825322232526425,
001430.KS,SBHC,US,KSC,1414760628224.0,2026-08-05,40800.0,2026-07-03,32100.0,27.10280373831775,2026-05-04,71800.0,-43.17548746518106,2026-02-05,78970.8984375,-48.33539847303323,2025-08-05,28618.34375,42.56590233318447,2024-08-05,16069.34765625,153.8995413677,2021-08-05,22875.068359375,78.36012272845838,KRW,28.56282745487988,20.815366128226742,48.78612272441387,54.085580616822426,20.68412208022528,11.840334396888693,19.99463967653128,37.21991378353498,-41.452966827826465,-47.189570437936865,38.09059598515381,141.23328360038033,42.85242403445517
BPCL.BO,BHARAT PETROLEUM CORPORATION L,US,BSE,1410231173120.0,2026-07-17,315.5,,,,,,,,,,,,,,,,,,,INR,3.2642817343585193,,,,,,,,,,,,
6586.T,MAKITA CORP,US,JPX,1409892614144.0,2026-08-05,5434.0,2026-07-03,5993.0,-9.327548806941431,2026-05-01,5741.0,-5.347500435464204,2026-02-05,5636.724609375,-3.596496607938382,2025-08-05,4697.96923828125,15.666998321769054,2024-08-05,3536.3349609375,53.66191438379524,2021-08-05,5128.4189453125,5.958582127281331,JPY,34.45957801770419,37.120079070329666,36.57200435968116,35.92169288860714,32.00404178843496,24.290684396944016,46.822475224657865,-7.167282827131782,-5.776074839107848,-4.070283868404967,7.672581624226482,41.863347506336666,-26.403766882539927
420770.KQ,GigaVis,US,KOE,1409544224768.0,2026-08-05,116400.0,2026-07-03,167000.0,-30.29940119760479,2026-05-04,109500.0,6.301369863013706,2026-02-05,59800.0,94.64882943143812,2025-08-05,25523.87109375,356.04367602570574,2024-08-05,33481.59765625,247.653660960446,,,,KRW,81.48806656245142,108.29178016865626,74.40223451703787,40.955817711073905,18.447568813728367,24.670155931183444,,-24.7513833131749,9.523681770324943,98.96579073897513,341.72794466991985,230.31030200927626,
229640.KS,LS Eco Energy,US,KSC,1404166733824.0,2026-08-05,47600.0,2026-07-03,52600.0,-9.505703422053235,2026-05-04,90400.0,-47.345132743362825,2026-02-05,41868.6796875,13.688801164205566,2025-08-05,41122.80078125,15.750870795997171,2024-08-05,22676.88671875,109.90535689646823,2021-08-05,8254.578125,476.6497000717405,KRW,33.32329869735986,34.1086684842594,61.42431050539017,28.675016941213926,29.721811963355094,16.70894970810673,7.215161620424624,-2.302551878452752,-45.74900650380823,16.210214507197264,12.117318885016658,99.43383204506443,361.85103606034994
1303.TW,NAN YA PLASTIC,US,TAI,1403755560960.0,2026-08-05,177.0,2026-07-03,196.05345153808597,-9.718498393477438,2026-05-05,93.54834747314452,89.20697669278704,2026-02-05,74.14204406738281,138.730941703113,2025-08-05,36.62318420410156,383.3004116015045,2024-08-05,44.65504455566406,296.37179127514554,2021-08-05,73.27111053466797,141.56860556419858,TWD,5.463789202272892,6.139928513414305,2.960578263876499,2.3420352956283637,1.2255073334862914,1.3702531063311483,2.6437632634204533,-11.012169110181125,84.55141919196416,133.29235099366713,345.8389642377452,298.743062652285,106.6671126674156
CGPOWER.NS,CG POWER AND IND SOL LTD,US,NSI,1401168855040.0,2026-08-05,889.5,2026-07-03,892.5499877929688,-0.341716187853025,2026-05-05,826.9000244140625,7.570440650342891,2026-02-05,668.0,33.15868263473054,2025-08-05,678.7518920898438,31.049358442489662,2024-08-05,688.35791015625,29.220567799982543,2021-08-05,84.95451354980469,947.030890805501,INR,9.353587658610195,9.343421572624493,8.680508690317765,7.411928124725819,7.722453125353695,8.220642070724807,1.1451865429825716,0.10880474467178658,7.753911577131212,26.196416117515998,21.12197389585051,13.781716539149812,716.7741505457549
082920.KQ,VITCELL,US,KOE,1397463842816.0,2026-08-05,32050.0,2026-07-03,37000.0,-13.378378378378375,2026-05-04,57500.0,-44.26086956521738,2026-02-05,20150.0,59.05707196029777,2025-08-05,15845.8603515625,102.2610277316982,2024-08-05,8234.1884765625,289.2308281651067,2021-08-05,7788.39404296875,311.50973901910214,KRW,22.43722107668873,23.99278961820528,39.069666527211666,13.800329880905338,11.45271413472068,6.067175042515657,6.807679439531853,-6.483483439275495,-42.57125009996845,62.58467203551217,95.91182328271701,269.81331376563503,229.5869212994506
G2EV34.SA,GE VERNOVA  DRN,US,SAO,1395854278656.0,2026-08-05,262.04998779296875,2026-07-03,299.9800109863281,-12.644183546979091,2026-05-05,270.5000915527344,-3.123882033185288,2026-02-05,193.16293334960935,35.66266739109793,2025-08-05,178.63470458984375,46.69601206252256,,,,,,,BRL,50.94581268857746,57.443224302260205,54.264986254975156,36.87723003112068,32.50208458918678,,,-11.311014819596554,-6.116602611492206,38.14978143853078,56.7462928378655,,
006280.KS,GC Biopharma Corp.,US,KSC,1395825442816.0,2026-08-05,122300.0,2026-07-03,122800.0,-0.4071661237785018,2026-05-04,137500.0,-11.054545454545451,2026-02-05,168311.265625,-27.33700887706102,2025-08-05,136827.15625,-10.61715864609296,2024-08-05,125521.28125,-2.566322792375097,2021-08-05,294524.28125,-58.47541008132075,KRW,85.61847543460317,79.63012338150293,93.42746343463659,115.27300190062942,98.89285098006621,92.48750949437999,257.4377827889475,7.5202094368364,-8.358343160516956,-25.72547428893177,-13.422988025836924,-7.426985651715723,-66.74207083860924
2587.T,SUNTORY BEVERAGE & FOOD LIMITED,US,JPX,1392043360256.0,2026-08-05,4455.0,2026-07-03,4586.0,-2.856519843000438,2026-05-01,4428.35888671875,0.6016023986030294,2026-02-05,5110.17626953125,-12.821011154500717,2025-08-05,4459.74755859375,-0.1064535275007161,2024-08-05,4423.5078125,0.7119279276733392,2021-08-05,3482.00732421875,27.94344138835372,JPY,28.25127347605303,28.40525323152542,28.21006105405172,32.56610802937621,30.38120089592644,30.384574252086168,31.790733832174283,-0.5420819670831079,0.14609121874051834,-13.24946336673387,-7.010675539685451,-7.020999400334427,-11.133622692720257
007390.KQ,NATURECELL,US,KOE,1388575457280.0,2026-08-05,22150.0,2026-07-03,23800.0,-6.932773109243695,2026-05-04,20400.0,8.578431372549012,2026-02-05,24000.0,-7.708333333333329,2025-08-05,35300.0,-37.25212464589235,2024-08-05,9730.0,127.64645426515928,2021-08-05,29500.0,-24.91525423728813,KRW,15.50653500307817,15.43319980846718,13.861238211393356,16.437117476016283,25.513339129975066,7.169329841271974,25.785359903238714,0.475178158263434,11.869767812896036,-5.661469988858714,-39.22185205126725,116.2898812914293,-39.863026689301684
POLYCAB.BO,Polycab India Limited,US,BSE,1387348885504.0,2026-08-04,9120.0,2026-07-03,9543.599609375,-4.438572726362954,2026-05-04,8304.7373046875,9.81683905705646,2026-02-04,7592.31787109375,20.121419503819737,2025-08-04,6891.0458984375,32.34565745771481,2024-08-02,6683.70947265625,36.45117336878372,2021-08-04,1766.0885009765625,416.39541251511895,INR,95.6660757958889,99.90462796511565,87.50763882835417,83.96454758698792,78.98472021181897,79.8113007324373,23.797113110786313,-4.242598421673471,9.323114046691927,13.936272564058182,21.119724852268074,19.865325985105553,302.0070642624595
IDEA.BO,VODAFONE IDEA  LIMITED,US,BSE,1386790912000.0,2026-08-04,12.800000190734863,2026-07-03,14.260000228881836,-10.23842927568771,2026-05-04,10.529999732971191,21.55745978469421,2026-02-04,11.350000381469728,12.77532828661785,2025-08-04,6.840000152587891,87.13450153786953,2024-08-02,16.110000610351562,-20.54624639486259,2021-08-04,6.03000020980835,112.27196924329266,INR,0.1342681785563853,0.14927701034832097,0.11095539566018608,0.1255213049983848,0.07839963719055376,0.1923722311349252,0.0812510794173269,-10.054349130461738,21.010950172803966,6.968437396434846,71.26122437281256,-30.203970830793736,65.25094745726223
294870.KS,IPARK-DVP,US,KSC,1386493378560.0,2026-08-05,21700.0,2026-07-03,18450.0,17.615176151761514,2026-05-04,22600.0,-3.9823008849557473,2026-02-05,19951.91015625,8.761516216042132,2025-08-05,22954.3828125,-5.464676714448258,2024-08-05,18867.078125,15.015159508171072,2021-08-05,25235.43359375,-14.00979927931816,KRW,15.191503817914054,11.96397212042939,15.356077626347542,13.664662129550152,16.590451932424457,13.901778645341437,22.057787712851677,26.977091429136735,-1.0717177422385316,11.173651231830096,-8.432248381228803,9.277411225396047,-31.12861536398356
PFC.NS,POWER FIN CORP LTD.,US,NSI,1379442491392.0,2026-08-05,418.0,2026-07-03,421.8541564941406,-0.9136229748619716,2026-05-05,452.66595458984375,-7.658175800133726,2026-02-05,403.9335632324219,3.482363944955069,2025-08-05,394.8694458007813,5.857772599323496,2024-08-05,458.5661010742188,-8.846293038057151,2021-08-05,77.19274139404297,441.50169102850055,INR,4.3955026883631945,4.416067761129057,4.751929660919359,4.481925954854944,4.49260005219594,5.4763775168113975,1.040557881701801,-0.46568743683870206,-7.500678629304591,-1.9282618089246584,-2.1612732650280186,-19.737040135201244,322.4178938680933
2408.TW,NANYA TECHNOLOGY CORPORATION,US,TAI,1378889367552.0,2026-08-05,445.0,2026-07-03,408.1880798339844,9.0183721633879,2026-05-05,255.67825317382807,74.04687120474716,2026-02-05,274.1189880371094,62.33826163832084,2025-08-05,44.25775909423828,905.4734110067776,2024-08-05,49.78997802734375,793.7541602360501,2021-08-05,67.98889923095703,554.5186126463723,TWD,13.736645169556141,12.783481293220916,8.091596477528922,8.659005200900197,1.4809801362816586,1.5278200421697647,2.453170871787904,7.456215208299222,69.7643377015156,58.63999213360063,827.5374350425219,799.1009929446772,459.9546826326324
9202.T,ANA HOLDINGS INC,US,JPX,1376797196288.0,2026-08-05,3151.0,2026-07-03,3140.0,0.350318471337574,2026-05-01,2709.5,16.294519284000742,2026-02-05,3222.22314453125,-2.2103728182863325,2025-08-05,2758.5517578125,14.226604270739053,2024-08-05,2514.7197265625,25.302234150255167,2021-08-05,2340.2197265625,34.64547641551754,JPY,19.98198938788846,19.448865056037903,17.26038073725067,20.53456896295802,18.79212086218149,17.273325038334406,21.366210782639428,2.7411590872499225,15.767952584986267,-2.690972360152033,6.331741555055337,15.68119828430694,-6.478553491926043
8303.T,SBI SHINSEI BANK LTD,US,JPX,1373519478784.0,2026-08-05,1500.5,2026-07-03,1447.5,3.6614853195164,2026-05-01,1717.0,-12.60920209668026,2026-02-05,1969.713134765625,-23.821394419520704,2023-09-27,53969555456.0,-99.9999972197288,2023-09-27,53969555456.0,-99.9999972197288,2021-08-05,15338908418048.0,-99.99999999021767,JPY,9.515384029364213,8.965679034590721,10.93783861445263,12.5525788838479,362102435.97192955,362102435.97192955,140044264525.97168,6.131214296794041,-13.004896444612623,-24.195783851171925,-99.99999737218448,-99.99999737218448,-99.99999999320545
6506.T,YASKAWA ELECTRIC CORP,US,JPX,1362719277056.0,2026-08-05,5382.0,2026-07-03,7479.0,-28.038507821901327,2026-05-01,5521.0,-2.5176598442311127,2026-02-05,5151.3779296875,4.476900616889701,2025-08-05,2999.553466796875,79.42670666068379,2024-08-05,3965.522216796875,35.71982971633118,2021-08-05,5177.69091796875,3.945949753821965,JPY,34.12982129026204,46.32422348856926,35.170534065458924,32.82867778135096,20.433900187293034,27.238723056864046,47.27232843352567,-26.32402937378162,-2.959047403886217,3.96343562045689,67.0254869478413,25.29890339944356,-27.801691980847988
3563.T,FOOD & LIFE COMPANIES LTD,US,JPX,1360153935872.0,2026-08-05,5901.0,2026-07-03,4643.0,27.094550936894255,2026-05-01,4581.0,28.81466928618206,2026-02-05,4327.5,36.360485268630846,2025-08-05,3914.812744140625,50.73517906653746,2024-08-05,994.667236328125,493.26373529542434,2021-08-05,2140.46630859375,175.68759089120428,JPY,37.42104708915576,28.75830587744713,29.182433717418462,27.578272267710418,26.668933810050135,6.832256611580078,19.542461677190204,30.1225713664244,28.231412950386737,35.6903243462775,40.31699713114784,447.71138170850253,91.48584097178143
UNIONBANK.NS,UNION BANK OF INDIA,US,NSI,1341987880960.0,2026-08-05,175.8000030517578,2026-07-03,163.08999633789062,7.793247286323157,2026-05-05,159.04428100585938,10.53525592993887,2026-02-05,172.81761169433594,1.7257450373153294,2025-08-05,124.30979919433594,41.42087284440563,2024-08-05,118.12287902832033,48.828071663923154,2021-08-05,30.283721923828125,480.509897343342,INR,1.848634894804448,1.7072641430769409,1.6695915136717758,1.9175325098281348,1.414326219179543,1.4106700809683874,0.40822446471031526,8.280543599581481,10.723783612131509,-3.5930350421992108,30.70781476969644,31.046579901617342,352.8476499114962
LTM.BO,LTM LIMITED,US,BSE,1340597600256.0,2026-08-04,4560.0,2026-07-03,3756.800048828125,21.379896207742565,2026-05-04,4147.66064453125,9.941492103806173,2026-02-04,5630.99755859375,-19.01967719661406,2025-08-04,5001.35595703125,-8.82472595078464,2024-08-02,5346.388671875,-14.70878232276387,2021-08-04,4381.5693359375,4.072300365054526,INR,47.83303789794445,39.327059660886334,43.704210783326744,62.27402099046276,57.32521692177352,63.842127768897626,59.03934091207884,21.62881819898155,9.44720666639487,-23.189418095757684,-16.55847030946639,-25.076059383397343,-18.98107743245775
001120.KS,LX INT,US,KSC,1338006044672.0,2026-08-05,37150.0,2026-07-03,37800.0,-1.7195767195767209,2026-05-04,52300.0,-28.96749521988528,2026-02-05,39643.0859375,-6.288829132602136,2025-08-05,28378.12109375,30.91071067485831,2024-08-05,23970.20703125,54.98405980210135,2021-08-05,21706.05078125,71.15043346388327,KRW,26.007574508548714,24.511552636977285,35.536409728229046,27.150752527770692,20.510499357970048,17.66190345021664,18.972824795678207,6.103333777863518,-26.81428791640399,-4.210483735405479,26.801274092054683,47.252387500904966,37.07803022812366
2345.TW,ACCTON TECHNOLOGY CORP,US,TAI,1332995686400.0,2026-08-05,2385.0,2026-07-03,2713.52099609375,-12.10681607279518,2026-05-05,2475.40576171875,-3.652159299167923,2026-02-05,1116.1649169921875,113.67810112031084,2025-08-05,893.924072265625,166.80118300822636,2024-08-05,437.2740783691406,445.4245101596479,2021-08-05,300.23052978515625,694.3895651473873,TWD,73.622244335711,84.9810335138518,78.34058741147783,35.25796549339839,29.91303268542015,13.417883022297985,10.832897705674895,-13.36626386908948,-6.022858944092535,108.8102455869039,146.12096376170868,448.68748082961184,579.6172763372762
4911.T,SHISEIDO COMPANY LIMITED,US,JPX,1327133360128.0,2026-08-05,3269.0,2026-07-03,2769.0,18.05706031058143,2026-05-01,3123.162841796875,4.669534237901574,2026-02-05,2759.947021484375,18.444302537439384,2025-08-05,2353.33935546875,38.90899297644492,2024-08-05,4075.767333984375,-19.794244074175303,2021-08-05,6705.34130859375,-51.24782096012981,JPY,20.730283500161022,17.150925904512405,19.895545212713728,17.588577793865397,16.031686725634017,27.995984282818654,61.21977955437387,20.86976304122967,4.19560398331722,17.862192970436762,29.308187310160804,-25.95265345650536,-66.1379318072374
5844.T,KYOTO FINANCIAL GROUP INC,US,JPX,1326633975808.0,2026-08-05,4677.0,2026-07-03,4710.0,-0.7006369426751591,2026-05-01,4373.0,6.951749371141092,2026-02-05,3702.482421875,26.320653742131416,2025-08-05,2609.89501953125,79.20261025824755,2024-08-05,1900.906494140625,146.04050827415426,2021-08-05,1078.1019287109375,333.8179791211565,JPY,29.65908104320988,29.173297584056854,27.85740725742653,23.595163095755197,17.77942447725877,13.057111452199706,9.843072764728618,1.6651647204205977,6.467485538529583,25.699834846852966,66.81687914671303,127.14886942481658,201.3193313930318
6841.T,YOKOGAWA ELECTRIC CORP,US,JPX,1325751861248.0,2026-08-05,5302.0,2026-07-03,5812.0,-8.774948382656579,2026-05-01,5409.0,-1.9781845073026385,2026-02-05,4946.68115234375,7.182974538148645,2025-08-05,3957.897705078125,33.96000591923696,2024-08-05,2862.41650390625,85.22811033141149,2021-08-05,1554.8057861328125,241.007220791697,JPY,33.62250324804336,35.998982071876526,34.45705827930942,31.524187092059492,26.962442094238327,19.66161482920097,14.195379936130053,-6.601516729245915,-2.4220147422369886,6.65621019776399,24.701253434414383,71.0058077127419,136.85525431036493
1SPCX.MI,SPACE EXPLORATION TECHNOLOGIES,US,MIL,1322951770112.0,2026-08-04,103.37999725341795,2026-07-03,141.83999633789062,-27.115059276266063,,,,,,,,,,,,,,,,EUR,118.96295862520581,162.0195174919936,,,,,,-26.57492105475224,,,,,
6645.T,OMRON CORP,US,JPX,1322135977984.0,2026-08-05,5931.0,2026-07-03,6056.0,-2.064068692206078,2026-05-01,5588.0,6.138153185397277,2026-02-05,4150.1416015625,42.91078641189059,2025-08-05,3810.564208984375,55.64624225504868,2024-08-05,4339.55029296875,36.67314812804061,2021-08-05,8883.7333984375,-33.23752825537106,JPY,37.61129135498777,37.510295152664185,35.597345473244786,26.448003474856705,25.958760050644173,29.807879557660726,81.10850369020682,0.269249287195783,5.657573212184253,42.20843320269394,44.888628276582246,26.179023510317222,-53.62842409392269
082640.KS,TONGYANG LIFE,US,KSC,1317168087040.0,2026-08-05,8250.0,2026-07-03,7460.0,10.589812332439674,2026-05-04,8250.0,0.0,2026-02-05,7360.0,12.092391304347828,2025-08-05,8490.0,-2.826855123674909,2024-08-05,7920.0,4.166666666666674,2021-08-05,4625.7724609375,78.34859084979684,KRW,5.775571728008799,4.837465150048956,5.605647806078196,5.040716025978327,6.136211025877856,5.835672388784587,4.043295177483515,19.392523746664068,3.0312985725994945,14.578399144947829,-5.877231020057083,-1.0298840779906282,42.843187907033474
181710.KS,NHN,US,KSC,1313959444480.0,2026-08-05,42800.0,2026-07-03,35650.0,20.056100981767177,2026-05-04,40600.0,5.418719211822665,2026-02-05,31321.265625,36.64837338449664,2025-08-05,28949.939453125,47.84141455390836,2024-08-05,17025.48828125,151.3877974773576,2021-08-05,36414.56640625,17.53538274357713,KRW,29.962966055609286,23.11737702402752,27.58658193051815,21.45130510731815,20.92378535580235,12.544844932887145,31.829244084933634,29.612308630285632,8.614275342543309,39.67898878743452,43.200503857684105,138.84684279404186,-5.86340669713784
BRITANNIA.BO,BRITANNIA INDUSTRIES LTD.,US,BSE,1311287017472.0,2026-07-17,5410.2998046875,,,,,,,,,,,,,,,,,,,INR,55.976997875894995,,,,,,,,,,,,
3003.T,HULIC CO LTD,US,JPX,1310585913344.0,2026-08-05,1712.5,2026-07-03,1734.5,-1.2683770539060224,2026-05-01,1763.8592529296875,-2.911754599715488,2026-02-05,1843.2769775390625,-7.094808817807796,2025-08-05,1467.4437255859375,16.699534717504317,2024-08-05,1171.11328125,46.22838178149132,2021-08-05,1040.7100830078125,64.55111062733351,JPY,10.859776841243729,10.74333007633686,11.236347028045373,11.746827117590897,9.99668749065944,8.044244513639569,9.501685138696416,1.0838982334104408,-3.3513577487571555,-7.551403178640537,8.63375344473587,35.00058113388065,14.293166766980825
9201.T,JAPAN AIRLINES CO LTD,US,JPX,1310114840576.0,2026-08-05,3035.0,2026-07-03,3050.0,-0.4918032786885296,2026-05-01,2527.0,20.10288880094975,2026-02-05,3054.05908203125,-0.6240574107876706,2025-08-05,2993.24267578125,1.395053082618869,2024-08-05,1988.703369140625,52.6120007184133,2021-08-05,1952.958740234375,55.40522887010757,JPY,19.246378226671368,18.891413509845734,16.097797424998134,19.462893792242994,20.390909097071244,13.660178244576628,17.83051720315939,1.8789738345446505,19.559078292188147,-1.1124531011823091,-5.61294675461167,40.89404898001663,7.940661548847849
PNB.BO,PUNJAB NATIONAL BANK,US,BSE,1305023741952.0,2026-07-17,105.8000030517578,,,,,,,,,,,,,,,,,,,INR,1.094646648040978,,,,,,,,,,,,
INVE-B.ST,Investor AB ser. B,US,STO,1299089850368.0,2026-08-04,422.5,2026-07-03,405.7999877929688,4.115330879593637,2026-05-04,360.31158447265625,17.259621451905648,2026-02-04,352.94110107421875,19.70835890579769,2025-08-04,278.7867736816406,51.54951378090558,2024-08-02,272.9610290527344,54.78400028979069,2021-08-04,198.6592254638672,112.675751158028,SEK,44.16476199403405,41.90460412213179,39.11549392714278,39.6641039965607,28.897606477240743,25.4440328026742,23.096392330809977,5.3935788662147655,12.908613850808393,11.346929702139775,52.831903323264704,73.57610853807843,91.21930975825792
2891.TW,CTBC FINANCIAL HOLDINGS COMPANY,US,TAI,1298675400704.0,2026-08-05,66.0,2026-07-03,68.07472229003906,-3.047713189632273,2026-05-05,51.586368560791016,27.940775521392823,2026-02-05,49.85075378417969,32.395189620874554,2025-08-05,41.07624816894531,60.67679727842739,2024-08-05,29.46510887145996,123.99374218477064,2021-08-05,17.51032829284668,276.92040318263093,TWD,2.037345126271248,2.131938637918722,1.6325834244933475,1.5747100898664144,1.374518476673245,0.9041454859411253,0.6318064832544934,-4.436971588442152,24.792711704978455,29.379060906638355,48.222461963715915,125.33377182661867,222.4634726406566
281820.KS,KCTECH,US,KSC,1298502516736.0,2026-08-05,70700.0,2026-07-03,108600.0,-34.898710865561696,2026-05-04,66500.0,6.315789473684208,2026-02-05,45567.3984375,55.15478702821215,2025-08-05,30064.578125,135.1604592821806,2024-08-05,32566.2734375,117.09576361472509,2021-08-05,28541.982421875,147.7052888443182,KRW,49.4948995357845,70.42207979829982,45.18491867929697,31.208195049734513,21.729398796112037,23.995720038488344,24.947975901693553,-29.716788147203456,9.538538482447901,58.59584143494241,127.77850413717124,106.26553175481423,98.39244566700344
078600.KQ,DAEJOO,US,KOE,1297745969152.0,2026-08-05,85400.0,2026-07-03,89000.0,-4.044943820224722,2026-05-04,157500.0,-45.77777777777777,2026-02-05,74700.0,14.323962516733602,2025-08-05,75587.015625,12.982367796717732,2024-08-05,102012.375,-16.284666443654505,2021-08-05,57700.47265625,48.00572000297064,KRW,59.78591825114563,57.71238583838567,107.01691266149282,51.16052814410068,54.6310811179419,75.16550506336353,50.434828950114934,3.592872453006102,-44.13414032952383,16.859462597317897,9.43572235386494,-20.46096384139654,18.540935888331965
7911.T,TOPPAN HOLDINGS INC,US,JPX,1296662396928.0,2026-08-05,4701.0,2026-07-03,5313.0,-11.518915866741953,2026-05-01,5080.0,-7.460629921259843,2026-02-05,4746.517578125,-0.9589678617176968,2025-08-05,4049.705322265625,16.082520230632614,2024-08-05,3314.387939453125,41.83614247569543,2021-08-05,1739.4078369140625,170.26439114705786,JPY,29.811276455875486,32.90822294354439,32.36122315749526,30.24858557897278,27.5878644135297,22.766155439345084,15.880797028863185,-9.410859082187029,-7.879636345047036,-1.4457175921683052,8.059384405468428,30.94558954102031,87.71901940245064
096530.KQ,SEEGENE,US,KOE,1296304701440.0,2026-08-05,28050.0,2026-07-03,29350.0,-4.429301533219765,2026-05-04,24500.0,14.489795918367342,2026-02-05,26406.31640625,6.224584938173972,2025-08-05,28317.154296875,-0.9434362438900944,2024-08-05,18923.583984375,48.22773541819871,2021-08-05,61901.37890625,-54.685985198355766,KRW,19.636943875229917,19.03211825119797,16.647075302898884,18.08515520326614,20.466435149348513,13.943413706371643,54.10675707133578,3.1779206920063974,17.960323467812913,8.580455376371487,-4.05293480797021,40.833115109082165,-63.70703967835283
9021.T,WEST JAPAN RAILWAY CO,US,JPX,1294030864384.0,2026-08-05,2894.0,2026-07-03,2796.5,3.486500983372065,2026-05-01,2857.0,1.2950647532376625,2026-02-05,3424.26220703125,-15.485444016011083,2025-08-05,3321.113525390625,-12.860551803642071,2024-08-05,2265.11376953125,27.764001920260892,2021-08-05,2524.23681640625,14.648514005915692,JPY,18.352230177260935,17.321258321404457,18.200002866331488,21.822122579211737,22.624468288264893,15.558809984524032,23.046287180843592,5.952060968818129,0.8364136645882425,-15.900801534568876,-18.883264157062772,17.953945035098773,-20.367953270513894
039200.KQ,OCT Inc.,US,KOE,1291213471744.0,2026-08-05,33600.0,2026-07-03,34700.0,-3.170028818443804,2026-05-04,51400.0,-34.63035019455253,2026-02-05,50400.0,-33.333333333333336,2025-08-05,31000.0,8.387096774193559,2024-08-05,36550.0,-8.071135430916554,2021-08-05,32487.978515625,3.4228706591891367,KRW,23.52232849225402,22.50134593923576,34.924884513020515,34.517946699634194,22.405481955502182,26.931038612383418,28.397092154375514,4.537428808816113,-32.648800933086704,-31.854786447934057,4.984702132138552,-12.657180323383477,-17.166418433340812
TMPV.NS,TATA MOTORS PASS VEH LTD,US,NSI,1288275361792.0,2026-08-05,349.79998779296875,2026-07-03,344.1000061035156,1.6564898542136053,2026-05-05,337.3515625,3.6900452455941313,2026-02-05,371.0718383789063,-5.732542431370535,2025-08-05,649.2145385742188,-46.11950795784908,2024-08-05,999.494140625,-65.00229730469125,2021-08-05,291.977294921875,19.803831968018425,INR,3.678341595055997,3.602119168829745,3.5413993028341793,4.117302088584325,7.386393910448078,11.93635383662513,3.9358529056253246,2.116043991154659,3.86689781387326,-10.661362321346168,-50.20111789796411,-69.18370848081355,-6.542706669786346
4151.T,KYOWA KIRIN CO LTD,US,JPX,1285683675136.0,2026-08-05,2454.5,2026-07-03,2663.5,-7.846818096489583,2026-05-01,2361.121826171875,3.954822355757925,2026-02-05,2337.451416015625,5.007530132279436,2025-08-05,2502.6572265625,-1.9242438018028496,2024-08-05,2678.02099609375,-8.346499016243158,2021-08-05,3076.3935546875,-20.215019425584245,JPY,15.565151682822034,16.497468814253807,15.04110045645291,14.896099725805698,17.048886954895806,18.395022966732085,28.087479305354464,-5.651273791930144,3.4841282251013572,4.4914572897043925,-8.702827791627177,-15.383896443227895,-44.58330876329381
APOLLOHOSP.BO,APOLLO HOSPITALS ENTERPRISE LT,US,BSE,1281121320960.0,2026-08-04,8921.5,2026-07-03,8897.349609375,0.271433535662724,2026-05-04,7738.0498046875,15.293907705215304,2026-02-04,7104.61279296875,25.57334593701399,2025-08-04,7290.421875,22.37289080064382,2024-08-02,6666.869140625,33.81843578774122,2021-08-04,4007.4794921875,122.6212265687768,INR,93.58387008914724,93.13953214539652,81.53641020796749,78.57094619464488,83.5623416981689,79.61020749077579,53.9986771399108,0.4770669698631158,14.775558367668374,19.107474991214502,11.992876440893173,17.552601656000633,73.30770871788404
4523.T,EISAI CO LTD,US,JPX,1281069154304.0,2026-08-05,4520.0,2026-07-03,4255.0,6.227967097532305,2026-05-01,4688.0,-3.583617747440271,2026-02-05,4486.46630859375,0.7474410616216343,2025-08-05,4182.708984375,8.063936957722628,2024-08-05,4693.56201171875,-3.697874051422045,2021-08-05,7821.24755859375,-42.20870818705181,JPY,28.66346938535571,26.355070322752,29.864057905972004,28.59133203427109,28.49392712792087,32.23954596595149,71.40800584805902,8.758842356838258,-4.020178786139472,0.25230496780686007,0.5950119008646837,-11.092205158138746,-59.85958570759495
BAJAJHLDNG.NS,BAJAJ HOLDINGS & INVS LTD,US,NSI,1279430230016.0,2026-08-04,11475.0,2026-07-03,11079.0,3.5743298131600376,2026-05-04,10248.6513671875,11.965951312763234,2026-02-04,10755.3544921875,6.691044059358875,2025-08-04,13660.83984375,-16.000772051727463,2024-08-02,9198.7373046875,24.745382109700653,2021-08-04,3634.217529296875,215.7488484796371,INR,120.36932234186679,115.97755758091807,107.99080686289199,118.94502962164643,156.57965841755868,109.84367174944418,48.969168626633746,3.7867367209251324,11.46256411871327,1.1974377784014223,-23.125823904359276,9.582391433920613,145.80634247566
218410.KQ,RFHIC,US,KOE,1277271867392.0,2026-08-05,52300.0,2026-07-03,57800.0,-9.515570934256058,2026-05-04,98000.0,-46.632653061224495,2026-02-05,46050.0,13.57220412595006,2025-08-05,27814.3828125,88.0322146731078,2024-08-05,10935.4560546875,378.2608035590937,2021-08-05,35874.7265625,45.785083292228926,KRW,36.613624409073964,37.480628106277436,66.58830121159554,31.538719157106243,20.10305329706125,8.05754279761453,31.357380876079333,-2.313204823422532,-45.01492943523516,16.09103155612537,82.12966890172,354.4018608242897,16.762380613886997
3099.T,ISETAN MITSUKOSHI HOLDINGS LTD,US,JPX,1273299992576.0,2026-08-05,3634.0,2026-07-03,3928.0,-7.484725050916497,2026-05-01,2969.5,22.37750463040915,2026-02-05,2786.049560546875,30.43558346774995,2025-08-05,2228.143798828125,63.09539814760943,2024-08-05,1873.3011474609373,93.98909806495898,2021-08-05,665.6737060546875,445.9131053167141,JPY,23.044922067783773,24.329663038253784,18.916663812240586,17.754923935782017,15.178815277731815,12.867493451848643,6.077602267252473,-5.280553900191709,21.823394952295327,29.794541227747363,51.82292982767886,79.09410371196235,279.177857556674
127120.KQ,JS Link,US,KOE,1271263395840.0,2026-08-05,35350.0,2026-07-03,36450.0,-3.017832647462282,2026-05-04,44100.0,-19.84126984126984,2026-02-05,31050.0,13.848631239935582,2025-08-05,15300.0,131.0457516339869,2024-08-05,3360.0,952.0833333333334,2021-08-05,4750.0,644.2105263157895,KRW,24.74744976789225,23.636140042799525,29.96473554521799,21.265520734596066,11.05818948126398,2.4757398013025522,4.151879984419793,4.701739467952049,-17.411419398154372,16.373589326837234,123.79296185711182,899.5981708122946,496.0540733537267
BANKBARODA.BO,BANK OF BARODA,US,BSE,1270603710464.0,2026-07-17,246.6499938964844,,,,,,,,,,,,,,,,,,,INR,2.551933660399158,,,,,,,,,,,,
TSLA,"Tesla, Inc.",US,NMS,1269976924160.0,2026-08-05,321.54998779296875,2026-07-02,393.4500122070313,-18.27424632947504,2026-05-05,389.3699951171875,-17.417882264864083,2026-02-05,397.2099914550781,-19.047860146958573,2025-08-05,308.7200012207031,4.155865030297634,2024-08-05,198.8800048828125,61.68040019027452,2021-08-05,238.2100067138672,34.98592784945755,USD,321.54998779296875,393.4500122070313,389.3699951171875,397.2099914550781,308.7200012207031,198.8800048828125,238.2100067138672,-18.27424632947505,-17.417882264864083,-19.047860146958573,4.155865030297634,61.68040019027452,34.98592784945755
131970.KQ,DOOSAN TESNA,US,KOE,1266362351616.0,2026-08-05,69100.0,2026-07-03,107500.0,-35.72093023255813,2026-05-04,132100.0,-47.69114307342922,2026-02-05,61903.59765625,11.625176267963532,2025-08-05,31650.708984375,118.3205438908575,2024-08-05,29731.01171875,132.41725055868773,2021-08-05,54251.47265625,27.36981434187737,KRW,48.37478865520097,69.70878064748831,89.75831214338541,42.39652945265948,22.875786742847254,21.906621739613684,47.420127041427804,-30.604454408938263,-46.10550544007096,14.10082211851067,111.46721290504549,120.82267740865302,2.013199190586623
BOSCHLTD.NS,BOSCH LIMITED,US,NSI,1265972674560.0,2026-08-04,41200.0,2026-07-03,41621.109375,-1.0117687426489883,2026-05-04,35615.62890625,15.679552110253558,2026-02-04,36470.0078125,12.969539825211672,2025-08-04,40846.20703125,0.8661586826882672,2024-08-02,33236.94921875,23.958428701867128,2021-08-04,14401.43359375,186.0826301201025,INR,432.1756932884455,435.6994863363798,375.28454864113155,403.32712071094284,468.17657023715947,396.88800962681125,194.05173862943047,-0.8087668584520147,15.159468955839284,7.152648829231079,-7.689593891996216,8.891093408141693,122.7115800872811
6976.T,TAIYO YUDEN CO LTD,US,JPX,1265235263488.0,2026-08-05,11165.0,2026-07-03,20560.0,-45.6955252918288,2026-05-01,6143.0,81.75158717239135,2026-02-05,3467.752685546875,221.96644375863977,2025-08-05,2771.603271484375,302.83543156666906,2024-08-05,3224.412841796875,246.26459289803776,2021-08-05,5058.078125,120.73601324613784,JPY,70.80257426714525,127.34670877456665,39.132872806396335,22.09927850239069,18.88103187197555,22.148126682201337,46.180263394562644,-44.401724278181156,80.92863924769777,220.384098781713,274.9931399259752,219.67748461563374,53.31782251264008
7912.T,DAI NIPPON PRINTING CO,US,JPX,1264704421888.0,2026-08-05,2969.5,2026-07-03,3052.0,-2.7031454783748354,2026-05-01,2960.5,0.3040027022462421,2026-02-05,2879.537841796875,3.124187392063837,2025-08-05,2311.7724609375,28.45122304103276,2024-08-05,2077.818115234375,42.91433779635927,2021-08-05,1196.5048828125,148.18118527188156,JPY,18.83101157960482,18.903801321983337,18.859330936567858,18.350705628249443,15.748519986534575,14.272297344262597,10.924091972415226,-0.3850534669652461,-0.1501609842803453,2.6173704765662276,19.573214471619305,31.940998182572233,72.38056606586258
4768.T,OTSUKA CORPORATION,US,JPX,1264636002304.0,2026-08-05,3304.0,2026-07-03,2853.0,15.80792148615493,2026-05-01,2797.198974609375,18.118161417580204,2026-02-05,2961.855224609375,11.551704909403494,2025-08-05,3097.150634765625,6.678698895445501,2024-08-05,2824.11865234375,16.99225162717559,2021-08-05,2414.43115234375,36.84382744948942,JPY,20.952235143631697,17.671214014291763,17.819051227017894,18.8752974700908,21.098762744640794,19.398551223614504,22.04376124840337,18.567038612550203,17.583337500389227,11.003469888789553,-0.6944843296383119,8.00927812653267,-4.951632765713853
3436.T,SUMCO CORPORATION,US,JPX,1252322967552.0,2026-08-05,3756.0,2026-07-03,5094.0,-26.266195524146053,2026-05-01,2526.36572265625,48.672061464279935,2026-02-05,1601.294921875,134.5601643201364,2025-08-05,1186.0404052734375,216.68398338706405,2024-08-05,1859.778564453125,101.9595274292489,2021-08-05,2323.965087890625,61.62032810093454,JPY,23.818582082167268,31.551757514476776,16.093756875654663,10.204724976631041,8.079679701570456,12.774608360446791,21.21780589906507,-24.50949183658414,47.9988933982102,133.40738860392753,194.79611769186377,86.45254249762546,12.257517084821657
5201.T,AGC INC,US,JPX,1252061347840.0,2026-08-05,5765.0,2026-07-03,6885.0,-16.267247639796658,2026-05-01,5492.09814453125,4.968990871739831,2026-02-05,5995.58984375,-3.845990966016033,2025-08-05,4421.013671875,30.399958649189184,2024-08-05,3796.173583984375,51.8634454525968,2021-08-05,3992.712158203125,44.38806935169786,JPY,36.558606417384,42.64504328370094,34.98642001142548,38.208667617898755,30.117333495715684,26.07548647488261,36.45346998757418,-14.27231958899945,4.493704715844293,-4.318552054774583,21.387261666390934,40.2029697608876,0.2884126801801168
LODHA.NS,LODHA DEVELOPERS LIMITED,US,NSI,1248658849792.0,2026-08-05,1250.0,2026-07-03,1057.0,18.259224219489116,2026-05-05,907.7999877929688,37.69552950083017,2026-02-05,1048.550048828125,19.212239930465746,2025-08-05,1229.94580078125,1.6304945474842736,2024-08-05,1169.385986328125,6.893704440994997,2021-08-05,431.2349853515625,189.86516457632555,INR,13.144445838406682,11.06492267921567,9.529768352215342,11.634397600436841,13.993624038401322,13.965269366836992,5.813046081399534,18.793833626123615,37.93038143840142,12.97916995645001,-6.068322242074842,-5.877606130387292,126.11975983582875
2382.TW,QUANTA COMPUTER,US,TAI,1246253547520.0,2026-08-05,304.0,2026-07-03,361.5637817382813,-15.920782071017536,2026-05-05,307.856689453125,-1.2527547996361577,2026-02-05,261.8220520019531,16.109394787621724,2025-08-05,276.2078857421875,10.06202780312857,2024-08-05,219.2347869873047,38.66412542349123,2021-08-05,58.244441986083984,421.9382135597299,TWD,9.384135127067566,11.32331900048962,9.742917409049369,8.270563546981862,9.242636785959348,6.72728357735113,2.101572023374416,-17.125578404513764,-3.6824933119987246,13.46427693542207,1.530930451829171,39.49367555518704,346.52931342318726
SPX.F,Space Exploration Techs. Corp.R,US,FRA,1245355835392.0,2026-08-04,108.0,2026-07-03,142.32000732421875,-24.114675068863967,,,,,,,,,,,,,,,,EUR,124.27935647964478,162.56781945479452,,,,,,-23.55230149703562,,,,,
323280.KQ,TAESUNG,US,KOE,1241368887296.0,2026-08-05,44800.0,2026-07-03,37400.0,19.78609625668448,2026-05-04,75600.0,-40.74074074074075,2026-02-05,72300.0,-38.0359612724758,2025-08-05,31600.0,41.77215189873418,2024-08-05,8740.0,412.5858123569794,2021-08-05,2525.0,1674.2574257425745,KRW,31.36310465633869,24.252171127591282,51.368118077516556,49.51681639649905,22.839136444963515,6.439870792673901,2.20705199171789,29.32081210930193,-38.94441566068178,-36.66171022546568,37.32176228254409,387.0145017818969,1321.040590526677
8439.T,TOKYO CENTURY CORPORATION,US,JPX,1231924232192.0,2026-08-05,2477.5,2026-07-03,2495.0,-0.7014028056112176,2026-05-01,2167.0,14.32856483617906,2026-02-05,2123.329345703125,16.679967948146725,2025-08-05,1705.1119384765625,45.29837860460528,2024-08-05,1164.629150390625,112.7286612368434,2021-08-05,1317.157470703125,88.0944423962809,JPY,15.711005619959906,15.45379564166069,13.804482398089021,13.531543572459896,11.615757993538466,7.999705753020635,12.025650341093979,1.6643806108437298,13.81089972728573,16.106529427550043,35.255965462602745,96.39479382135445,30.645787748146592
003535.KS,H.I.S.C(1P),US,KSC,1229916995584.0,2026-08-05,5780.0,2026-07-03,6000.0,-3.6666666666666634,2026-05-04,9450.0,-38.83597883597884,2026-02-05,8810.0,-34.39273552780931,2025-08-05,7580.0,-23.7467018469657,2024-08-05,5570.0,3.7701974865349994,2021-08-05,13541.5732421875,-57.31662860270215,KRW,4.046400556107983,3.8907226407900453,6.4210147596895695,6.033791873487644,5.478501716861501,4.104128182516433,11.8364182951143,4.001259655104228,-36.981914735489404,-32.93768427963545,-26.140379884263943,-1.4065746448751248,-65.81397805298745
3968.HK,CM BANK,US,HKG,1229719601152.0,2026-08-05,48.7599983215332,2026-07-03,44.20000076293945,10.316736379826462,2026-05-05,45.8907585144043,6.252325958456972,2026-02-05,47.43019485473633,2.8037065225425373,2025-08-05,48.87248992919922,-0.2301736781346375,2024-08-05,28.88168716430664,68.82669646042396,2021-08-05,47.221961975097656,3.257036095295285,HKD,6.21764296169107,5.635735123280767,5.858606675349904,6.071297755444448,6.226397984883079,3.7004226144143786,6.073134905493021,10.32532270735167,6.128356215681996,2.410443568105136,-0.1406113649218277,68.025212511438,2.379463958018535
9147.T,NIPPON EXPRESS HLDGS INC,US,JPX,1224083374080.0,2026-08-05,5161.0,2026-07-03,5426.0,-4.883892370070031,2026-05-01,4080.157470703125,26.490216053122477,2026-02-05,3606.894775390625,43.0870685558346,2025-08-05,3297.37939453125,56.51823410310597,2024-08-05,2018.2305908203125,155.7190453595446,,,,JPY,32.728355198632926,33.608134329319,25.991906776997098,22.986002578094713,22.462783935450034,13.862997386672191,,-2.61775652901558,25.91748454406431,42.38384898565406,45.70035171367206,136.08426291775677,
TATAPOWER.NS,TATA POWER CO LTD,US,NSI,1223815069696.0,2026-08-05,383.0,2026-07-03,375.2000122070313,2.078887936886531,2026-05-05,439.9239807128906,-12.93950391625528,2026-02-05,362.2552490234375,5.726556352871604,2025-08-05,383.1755981445313,-0.0458270686811923,2024-08-05,429.5939636230469,-10.84604709761038,2021-08-05,130.06417846679688,194.4700105092912,INR,4.027458204887807,3.927681290739429,4.618168853439556,4.019475851147263,4.359554102073617,5.13038080711155,1.7532646669436645,2.540351590737,-12.791014518921163,0.198591906909118,-7.617657434916314,-21.497870113168027,129.71193572893787
1944.T,KINDEN CORPORATION,US,JPX,1219631906816.0,2026-08-05,7320.0,2026-07-03,7936.0,-7.76209677419355,2026-05-01,8140.0,-10.073710073710076,2026-02-05,6942.494140625,5.437611494203076,2025-08-05,4821.86083984375,51.80861171922997,2024-08-05,2603.98681640625,181.1074139807781,2021-08-05,1594.37646484375,359.1136510985418,JPY,46.41960086300969,49.15483856201172,51.85440088622272,44.24309500338313,32.84803028485453,17.886490569987927,14.556660311880023,-5.564533988960951,-10.480884805009882,4.919424962155405,41.31623863124816,159.5232456661901,218.88908491685828
TATAPOWER.BO,TATA POWER CO.LTD.,US,BSE,1214228987904.0,2026-07-17,377.1000061035156,,,,,,,,,,,,,,,,,,,INR,3.9016185798738263,,,,,,,,,,,,
043260.KQ,SUNGHO,US,KOE,1212780249088.0,2026-08-05,19000.0,2026-07-03,22100.0,-14.027149321266965,2026-05-04,43450.0,-56.271576524741086,2026-02-05,22400.0,-15.17857142857143,2025-08-05,1071.0,1674.042950513539,2024-08-05,1361.0,1296.0323291697282,2021-08-05,1900.0,900.0,KRW,13.301316706929356,14.330828393576667,29.523078445345163,15.341309644281864,0.7740732636884786,1.002821984991897,1.6607519937679172,-7.183895155068331,-54.94603744811529,-13.297384543130386,1618.3537180380376,1226.388621908487,700.9213149731829
5101.T,YOKOHAMA RUBBER CO,US,JPX,1212133015552.0,2026-08-05,7547.0,2026-07-03,7833.0,-3.6512192008170574,2026-05-01,6097.76513671875,23.76665599261001,2026-02-05,6398.24072265625,17.954299113441905,2025-08-05,4351.10205078125,73.450310103504,2024-08-05,2556.22216796875,195.24037834305577,2021-08-05,1866.581298828125,304.3220621967096,JPY,47.85911580780521,48.516866236925125,38.84471227388781,40.774679303007815,29.641073577972975,17.55840060867422,17.041890990414004,-1.3557149917883926,23.20625641492282,17.374597730495942,61.46215379786555,172.57104376671873,180.83219071595855
475830.KQ,ORUM,US,KOE,1201751982080.0,2026-08-05,59000.0,2026-07-03,52200.0,13.026819923371647,2026-05-04,93900.0,-37.167199148029816,2026-02-05,117300.0,-49.70161977834612,2025-08-05,23400.0,152.13675213675214,,,,,,,KRW,41.30408872151747,33.849286974873394,63.80246412009001,80.33641166402958,16.91252508899197,,,22.023511904926796,-35.26254935267976,-48.586092077085794,144.22189178836157,,
9602.T,TOHO CO LTD,US,JPX,1201609113600.0,2026-08-05,1427.5,2026-07-03,1303.0,9.554873369148108,2026-05-01,1433.5,-0.4185559818625783,2026-02-05,1550.7974853515625,-7.9505858447798,2025-08-05,1839.3251953125,-22.39001544490512,2024-08-05,930.4143676757812,53.42626356533615,2021-08-05,896.7315063476562,59.18923221669081,JPY,9.052456315839663,8.07065960764885,9.131853030761704,9.882915143409832,12.53006084706476,6.390910932714121,8.18716044591298,12.165011980685314,-0.8694480151463679,-8.402974380731576,-27.754091330208873,41.645790578953125,10.568937492346798
7701.T,SHIMADZU CORP,US,JPX,1195056824320.0,2026-08-05,4111.0,2026-07-03,4143.0,-0.7723871590634812,2026-05-01,3653.0,12.537640295647412,2026-02-05,4240.29345703125,-3.049162949249551,2025-08-05,3268.9150390625,25.760380764714007,2024-08-05,3704.81982421875,10.963560849194677,2021-08-05,4145.10888671875,-0.8228707049901085,JPY,26.069805894512683,25.66135284304619,23.270777203608304,27.022522808318627,22.26887580712946,25.447987843827377,37.84485242362962,1.5917050592177961,12.028084263856776,-3.5256401504920154,17.068351902013568,2.44348611961529,-31.11399774349448
004000.KS,LOTTE Fine Chem,US,KSC,1194543022080.0,2026-08-05,47000.0,2026-07-03,44800.0,4.910714285714279,2026-05-04,66600.0,-29.429429429429437,2026-02-05,47338.3203125,-0.7146859252009974,2025-08-05,40492.46875,16.070966900480734,2024-08-05,40210.55859375,16.884722927736927,2021-08-05,59209.14453125,-20.62036975522613,KRW,32.90325711714104,29.050729051232338,45.25286592543125,32.421063837243764,29.266234771350355,29.628238197367637,51.753528857666424,13.26138169928399,-27.290224731048397,1.4872839531667514,12.427366807537133,11.053707945632674,-36.423162162270664
8359.T,HACHIJUNI NAGANO BK LTD,US,JPX,1193352888320.0,2026-08-05,2580.0,2026-07-03,2529.5,1.9964419845819317,2026-05-01,2094.5,23.179756505132488,2026-02-05,2044.004638671875,26.22280552535323,2025-08-05,1296.256103515625,99.03474267181343,2024-08-05,781.2323608398438,230.2474563683508,2021-08-05,303.346435546875,750.5127134092605,JPY,16.361006861552596,15.667485401034355,13.342634232947603,13.026023441191455,8.830503649829211,5.366196620924541,2.769553563065301,4.426501399340421,22.62201433320852,25.602467517562655,85.27829793569057,204.89018605385655,490.74527677466085
001720.KS,ShinyoungSecu,US,KSC,1189759287296.0,2026-08-05,147100.0,2026-07-03,171200.0,-14.077102803738317,2026-05-04,206500.0,-28.76513317191284,2026-02-05,178650.0,-17.66022949902043,2025-08-05,123147.0859375,19.45065437817721,2024-08-05,63687.421875,130.97182405768407,2021-08-05,47276.38671875,211.14899045713145,KRW,102.9801940836478,111.01528601720929,140.3110632672906,122.3537932120962,89.00547780146235,46.926632493537,41.32334394805639,-7.237824827398908,-26.605791670559874,-15.834081330739714,15.700962038940759,119.44935873638669,149.2058585895041
GROWW.BO,Billionbrains Garage Ventures,US,BSE,1187854155776.0,2026-08-04,191.3500061035156,2026-07-03,206.5,-7.336558787643765,2026-05-04,220.1000061035156,-13.06224407212353,2026-02-04,168.89999389648438,13.291896399232805,,,,,,,,,,INR,2.0072044065178427,2.161690192297101,2.319210245139686,1.8678895978469257,,,,-7.146527579657258,-13.45310712022364,7.4584070081819664,,,
GROWW.NS,BILLIONBRAINS GARAGE VN L,US,NSI,1187792158720.0,2026-08-05,191.83999633789065,2026-07-03,206.5,-7.09927538116677,2026-05-05,221.55999755859372,-13.41397434022059,2026-02-05,170.08999633789062,12.787348149971578,,,,,,,,,,INR,2.017304353202832,2.161690192297101,2.3258597502122025,1.8872677059750345,,,,-6.679303056875074,-13.266294194274565,6.890206769082385,,,
2327.TW,YAGEO CORP,US,TAI,1187248472064.0,2026-08-05,578.0,2026-07-03,1045.0,-44.688995215311,2026-05-05,346.0172424316406,67.04369872960594,2026-02-05,256.1619873046875,125.6384743426072,2025-08-05,136.5204315185547,323.3798513312223,2024-08-05,133.27392578125,333.6932349008042,2021-08-05,127.72149658203124,352.54715570042663,TWD,17.8422042876482,32.72691832855344,10.950606339290857,8.091770643936343,4.568329970007483,4.089549402801822,4.608438416569242,-45.48156319355827,62.93348272077171,120.4981464843971,290.5629498041486,336.28777966159777,287.1637781574361
HDFCLIFE.NS,HDFC LIFE INS CO LTD,US,NSI,1183704678400.0,2026-08-05,545.0,2026-07-03,567.7000122070312,-3.998592869283379,2026-05-05,591.9900512695312,-7.9376420547542015,2026-02-05,718.1404418945312,-24.109551808246344,2025-08-05,735.8772583007812,-25.938735862219357,2024-08-05,706.4226684570312,-22.85072034984533,2021-08-05,659.0045166015625,-17.299504590571757,INR,5.730978385545313,5.94281621576215,6.214505542272946,7.968271465241173,8.372393063604704,8.436378550096663,8.883378559214634,-3.564603422447732,-7.78062153840775,-28.077520820610545,-31.549100215346783,-32.068264226009056,-35.4865004643911
006340.KS,DaewonCbl,US,KSC,1183273582592.0,2026-08-05,15450.0,2026-07-03,13050.0,18.39080459770115,2026-05-04,17350.0,-10.951008645533143,2026-02-05,3685.0,319.2672998643148,2025-08-05,2980.0,418.4563758389261,2024-08-05,2780.0,455.7553956834532,2021-08-05,2590.0,496.52509652509656,KRW,10.81607069063466,8.462321743718348,11.788847204297781,2.5237824124633335,2.1538172976579517,2.0483799546491355,2.263867191504687,27.814458232618257,-8.251667841690935,328.56589526977695,402.1814386204435,428.0304889767061,377.7696647233852
6305.T,HITACHI CONSTRUCTION MACHINERY,US,JPX,1181748953088.0,2026-08-05,5481.0,2026-07-03,5352.0,2.410313901345296,2026-05-01,5541.0,-1.0828370330265291,2026-02-05,6027.22607421875,-9.062644531540188,2025-08-05,4285.9619140625,27.8826109493999,2024-08-05,2723.98291015625,101.21271611375876,2021-08-05,2528.390625,116.77821242514696,JPY,34.757627367507666,33.14978528022766,35.29794045584276,38.41027884317691,29.19731851021652,18.710730149763094,23.08421146160981,4.850233790922953,-1.5307212867306519,-9.509567713846712,19.04390245749974,85.76307332371928,50.56883110480652
192080.KS,DoubleUGames,US,KSC,1179942912000.0,2026-08-05,60900.0,2026-07-03,65200.0,-6.5950920245398725,2026-05-04,61300.0,-0.6525285481239762,2026-02-05,50981.57421875,19.454922554357303,2025-08-05,54112.87890625,12.54252449866624,2024-08-05,40100.046875,51.87014666052059,2021-08-05,48207.2421875,26.329566340119737,KRW,42.63422039221041,42.27918602991849,41.65166188031435,34.91625518940987,39.11048812562126,29.546810143611765,42.136986093128144,0.8397379316637643,2.3589899359104383,22.104218109682638,9.009686238819281,44.29381779280914,1.1800423931206616
CIPLA.NS,CIPLA LTD,US,NSI,1178496270336.0,2026-08-05,1458.800048828125,2026-07-03,1458.199951171875,0.041153317538356,2026-05-05,1321.3040771484375,10.406080936072136,2026-02-05,1320.907958984375,10.439189869805388,2025-08-05,1485.8603515625,-1.8211874827886,2024-08-05,1485.104248046875,-1.7712022070735969,2021-08-05,902.1453857421876,61.7034318285608,INR,15.34009458470905,15.264777398820115,13.870590380459362,14.656399478099502,16.90527429755457,17.735701559868858,12.16091661757446,0.4934050718273575,10.594388298856394,4.664823087219805,-9.258528937752464,-13.507258041488612,26.142585029652878
2413.T,M3 INC,US,JPX,1178346979328.0,2026-08-05,1735.0,2026-07-03,1860.5,-6.745498521902715,2026-05-01,1496.5,15.937186769127964,2026-02-05,1736.1722412109375,-0.0675187163526991,2025-08-05,1843.696533203125,-5.89557615614118,2024-08-05,1122.766845703125,54.52896624440919,2021-08-05,6712.3681640625,-74.15219252589486,JPY,11.002460040617734,11.523762241005898,9.533183160470799,11.064270542289137,12.559839773538556,7.712158322552341,61.28393475885332,-4.523715341272605,15.412238026006575,-0.5586495868403984,-12.399678347823794,42.66382483932807,-82.04674669811686
7769.TW,HON PRECISION INC,US,TAI,1174942908416.0,2026-08-05,6530.0,2026-07-03,6778.78564453125,-3.6700621258315858,2026-05-05,5529.67236328125,18.09017914625897,2026-02-05,3658.470703125,78.48988087897469,2025-08-05,1505.8482666015625,333.6426282003215,,,,,,,TWD,201.57369203865528,212.29546809123894,175.00071617821777,115.56556907109189,50.38961340863307,,,-5.050402700059397,15.184495492793326,74.42365720074828,300.0302411610096,,
LLOYDSME.NS,LLOYDS METALS N ENERGY L,US,NSI,1174365667328.0,2026-08-05,2087.10009765625,2026-07-03,1777.0,17.450765202940353,2026-05-05,1782.734619140625,17.072954956265196,2026-02-05,1265.34375,64.94332845570621,2025-08-05,1450.2332763671875,43.91478472238648,2024-08-05,724.1696166992188,188.20597406023447,,,,INR,21.9470193543807,18.602050710469484,18.714527629801523,14.039875640824903,16.49992969167488,8.648319616210927,,17.98171984354726,17.272633263965844,56.31918626517991,33.01280529367454,153.77206588482107,
005070.KS,CosmoAM&T,US,KSC,1173719351296.0,2026-08-05,36000.0,2026-07-03,39250.0,-8.280254777070063,2026-05-04,62700.0,-42.58373205741627,2026-02-05,51100.0,-29.549902152641884,2025-08-05,41400.0,-13.043478260869568,2024-08-05,106800.0,-66.29213483146069,2021-08-05,42077.74609375,-14.444086620534923,KRW,25.202494813129306,25.451810608501546,42.602923326194286,34.997362626018,29.922159772831947,78.69315796997398,36.77931616760816,-0.9795601547064936,-40.843273546832826,-27.9874455614176,-15.773142699371245,-67.97371529714754,-31.476445352387096
5411.T,JFE HOLDINGS INC,US,JPX,1173353398272.0,2026-08-05,1838.5,2026-07-03,1600.0,14.90625000000001,2026-05-01,1716.5,7.107486163705223,2026-02-05,2118.739013671875,-13.226688698491817,2025-08-05,1620.1712646484375,13.47565779713651,2024-08-05,1665.6070556640625,10.380176029394072,2021-08-05,1055.13720703125,74.24274186793502,JPY,11.658802757738158,9.910249710083008,10.934653454693034,13.502290325421882,11.03711544888705,11.440866254290881,9.633404809876538,17.643884854648185,6.622517174829401,-13.653147156914825,5.632697344973381,1.9048951242266243,21.024736194882053
ENRIN.NS,SIEMENS ENERGY INDIA LTD,US,NSI,1171565314048.0,2026-08-05,3289.800048828125,2026-07-03,3281.5,0.2529345978401709,2026-05-05,3297.39990234375,-0.2304801886548024,2026-02-05,2598.89990234375,26.584330772466647,2025-08-05,3254.64501953125,1.0801494198571016,,,,,,,INR,34.59407884880716,34.351507825776935,34.61495666060728,28.8366156879174,37.02950061120282,,,0.7061437426866046,-0.060314424209229056,19.96580744148193,-6.5769770647645664,,
CANBK.NS,CANARA BANK,US,NSI,1169297768448.0,2026-08-05,128.91000366210938,2026-07-03,127.19000244140624,1.352308505140165,2026-05-05,130.02090454101562,-0.8544017462636666,2026-02-05,143.55445861816406,-10.201323662824713,2025-08-05,104.02833557128906,23.91816417534556,2024-08-05,98.37391662597656,31.040836924520157,2021-08-05,26.46591186523437,387.0793960114617,INR,1.355560448932323,1.33145462874495,1.3649142078463683,1.59283731925413,1.1835752570565319,1.174820170939725,0.35676039858742564,1.8104875424929334,-0.6853001353692489,-14.896491151583236,14.530989123877603,15.384505855736696,279.96382286251344
SBIFUNDS.NS,SBI FUNDS MANAGEMENT LTD,US,NSI,1169037197312.0,2026-08-05,573.9500122070312,,,,,,,,,,,,,,,,,,,INR,6.035403879526541,,,,,,,,,,,,
7201.T,NISSAN MOTOR CO,US,JPX,1167791751168.0,2026-08-05,329.70001220703125,2026-07-03,313.1000061035156,5.301822350660523,2026-05-01,350.70001220703125,-5.98802374366697,2026-02-05,397.1000061035156,-16.97305284828291,2025-08-05,327.79998779296875,0.5796291899993866,2024-08-05,378.1000061035156,-12.800844516049414,2021-08-05,569.9938354492188,-42.15726702602128,JPY,2.090784558904346,1.939312027946471,2.234071133143317,2.5306371082223507,2.233076458247041,2.5971261263973417,5.204044857318593,7.8106322641781745,-6.4136979397503735,-17.381099324311243,-6.37201197555024,-19.496225552795078,-59.823855938443394
MUTHOOTFIN.BO,MUTHOOT FINANCE LTD.,US,BSE,1164258574336.0,2026-08-04,2875.0,2026-07-03,3053.199951171875,-5.836497904550231,2026-05-04,3488.0,-17.574541284403665,2026-02-04,3690.790283203125,-22.103403894710738,2025-08-04,2644.041748046875,8.735045584046897,2024-08-02,1838.6141357421875,56.36777418984968,2021-08-04,1482.2071533203125,93.96748919742248,INR,30.157891218550503,31.961609634722663,36.753317177295685,40.81698654207662,30.305834669480873,21.955201122814742,19.971961349431922,-5.643390419901206,-17.945117516683627,-26.114361266082387,-0.4881682109859731,37.3610337243139,51.0011495160855
GAIL.NS,GAIL (INDIA) LTD,US,NSI,1163526144000.0,2026-08-05,176.9600067138672,2026-07-03,174.14999389648438,1.6135589525504646,2026-05-05,163.6999969482422,8.100189378633571,2026-02-05,160.17999267578125,10.475724063772551,2025-08-05,166.16075134277344,6.499281740015683,2024-08-05,208.6439666748047,-15.185658356620756,2021-08-05,77.02230072021484,129.75164992367368,INR,1.860832979051608,1.8230427786664904,1.7184655994188915,1.7773092705568843,1.8904825584608034,2.4917086662961054,1.0382603420198109,2.0729190136042908,8.284563838860603,4.699447073077678,-1.5683603784916955,-25.318998797009694,79.22604800945983
ABCAPITAL.NS,ADITYA BIRLA CAPITAL LTD.,US,NSI,1162047520768.0,2026-08-04,420.0,2026-07-03,401.25,4.672897196261672,2026-05-04,345.8500061035156,21.439928462597948,2026-02-04,346.6000061035156,21.17714731792668,2025-08-04,278.45001220703125,50.83497273748527,2024-08-02,211.58999633789065,98.49709687092054,2021-08-04,115.6500015258789,263.1647163498021,INR,4.405674543231726,4.2003786424174905,3.6442474111502747,3.833099878092497,3.191575942359748,2.5266317901438247,1.5583229074036495,4.887557010719368,20.89394725922611,14.937640117641916,38.040724168835304,74.3694732417239,182.71897450138246
IRFC.NS,INDIAN RAILWAY FIN CORP L,US,NSI,1161790226432.0,2026-08-05,88.9000015258789,2026-07-03,90.56999969482422,-1.8438756481973904,2026-05-05,105.81999969482422,-15.989414305179672,2026-02-05,113.50457763671876,-21.67716635146552,2025-08-05,125.94518280029295,-29.41373417445855,2024-08-05,173.2859344482422,-48.69750865299921,2021-08-05,20.51246452331543,333.3950287876476,INR,0.9348330040729493,0.9481078937368181,1.1108615308256162,1.2594128312435944,1.432932684054492,2.069449078701993,0.2765079494185656,-1.4001454635661714,-15.84612680050579,-25.77231382104802,-34.760856914238744,-54.826962707422666,238.08539900523442
000210.KS,DL,US,KSC,1160139505664.0,2026-08-05,51200.0,2026-07-03,46100.0,11.062906724511931,2026-05-04,67400.0,-24.03560830860534,2026-02-05,45650.0,12.157721796276013,2025-08-05,45300.0,13.024282560706402,2024-08-05,46132.7109375,10.984156273333024,2021-08-05,69912.7265625,-26.765837183837128,KRW,35.84354817867279,29.893718956736848,45.7964438945055,31.26476719917264,32.74091395433061,33.99184184820069,61.10931580443321,19.90327543570851,-21.7329007875802,14.645178549806449,9.476321365585449,5.4475021940304735,-41.345198016318655
437730.KQ,SAMHYUN,US,KOE,1158586433536.0,2026-08-05,38650.0,2026-07-03,34950.0,10.586552217453503,2026-05-04,53500.0,-27.757009345794398,2026-02-05,58900.0,-34.38030560271647,2025-08-05,12089.0595703125,219.71055957829896,2024-08-05,6074.23974609375,536.293620528482,,,,KRW,27.05767845909577,22.663459382602014,36.35177668184042,40.339425805723295,8.737458260052506,4.47566580418399,,19.389004133530708,-25.56710860129027,-32.92497868113713,209.6744803097139,504.5509124877335,
1942.T,KANDENKO CO LTD,US,JPX,1157067177984.0,2026-08-05,5684.0,2026-07-03,6772.0,-16.066154754873008,2026-05-01,6734.0,-15.592515592515587,2026-02-05,5549.56201171875,2.422497270908286,2025-08-05,3656.546630859375,55.44721765695424,2024-08-05,1576.5732421875,260.52876250223767,2021-08-05,770.9248657226562,637.2962337480038,JPY,36.04494689963758,41.94513189792633,42.897731642238796,35.36622348370247,24.909543941202514,10.829303071587674,7.038545565464176,-14.066435677558186,-15.974701878767162,1.9191289006242895,44.7033594220734,232.84641367372006,412.10788598852383
017960.KS,HankukCarbon,US,KSC,1153421279232.0,2026-08-05,23250.0,2026-07-03,25950.0,-10.404624277456644,2026-05-04,48800.0,-52.35655737704919,2026-02-05,34250.0,-32.11678832116789,2025-08-05,30931.529296875,-24.83397837575093,2024-08-05,10468.896484375,122.0864446859419,2021-08-05,10952.65625,112.27727292180836,KRW,16.276611233479343,16.827375421416946,33.158256113529205,23.457136398064904,22.355994242490965,7.7137689589534375,9.57349773907481,-3.2730249022472013,-50.9123423808824,-30.61126065318833,-27.193525562181577,111.00724328263607,70.01739256745599
4716.T,ORACLE CORP JAPAN,US,JPX,1151731630080.0,2026-08-05,8845.0,2026-07-03,8746.0,1.1319460324719977,2026-05-01,7716.3369140625,14.626928534970896,2026-02-05,8879.3076171875,-0.3863771666283044,2025-08-05,15000.9716796875,-41.0371528667251,2024-08-05,10374.5361328125,-14.74317611150724,2021-08-05,6974.96826171875,26.810612867512077,JPY,56.09035104280338,54.17190247774124,49.155531660313954,56.58601109544816,102.19132994567872,71.2615138980027,63.68147417550745,3.541408880462349,14.107912473436413,-0.8759409667677631,-45.11241699993628,-21.289419807883903,-11.92045760715711
6856.T,HORIBA LTD,US,JPX,1151121227776.0,2026-08-05,27785.0,2026-07-03,27675.0,0.3974706413730766,2026-05-01,21514.66015625,29.144498673052333,2026-02-05,18664.9375,48.86200395795592,2025-08-05,10814.724609375,156.9182388233346,2024-08-05,8212.921875,238.3083441299629,2021-08-05,6750.283203125,311.6123600138304,JPY,176.1978975380771,171.41635045409203,137.05525954214136,118.94782859267434,73.67330026526088,56.413630339331576,61.63009914130271,2.789434655048062,28.55974891200748,48.130402734336776,139.16113015661873,212.33213760262464,185.89585282687688
INDIANB.NS,INDIAN BANK,US,NSI,1150307270656.0,2026-08-04,845.0,2026-07-03,798.9500122070312,5.763813391248296,2026-05-04,813.0302734375,3.93216926933504,2026-02-04,860.9102783203125,-1.848076242201968,2025-08-04,624.8392944335938,35.23477276920912,2024-08-02,568.9718017578125,48.51351110712534,2021-08-04,121.74322509765624,594.0837975354964,INR,8.863797592930496,8.363595184133601,8.5669608699518,9.52093198143973,7.161867382044022,6.794188132226282,1.6404258883509326,5.980710421587809,3.46490111819977,-6.901996462008797,23.763777239906613,30.461468249423596,440.3351444203911
491000.KQ,LivsMed,US,KOE,1148932718592.0,2026-08-05,47350.0,2026-07-03,34250.0,38.24817518248176,2026-05-04,69800.0,-32.163323782234954,2026-02-05,82000.0,-42.25609756097561,,,,,,,,,,KRW,33.148281372268684,22.20954174117651,47.42717780172825,56.16015137638897,,,,49.25243284426595,-30.106991584346897,-40.975441554445325,,,
HEROMOTOCO.NS,HERO MOTOCORP LIMITED,US,NSI,1138528878592.0,2026-08-05,5690.0,2026-07-03,4782.25634765625,18.981492968034395,2026-05-05,5034.939453125,13.010296409193732,2026-02-05,5573.7744140625,2.0852222803324327,2025-08-05,4395.22021484375,29.45881484580584,2024-08-05,4815.6103515625,18.15740030033348,2021-08-05,2368.46533203125,140.2399529791777,INR,59.83351745642722,50.061775514668625,52.85504219091672,61.8449331444117,50.006316712035186,57.5099210282724,31.926904321249822,19.519367504045814,13.20304549243132,-3.2523532417566114,19.651918778546793,4.040340147593868,87.40782649761438
JINDALSTEL.BO,JINDAL STEEL LIMITED,US,BSE,1138416549888.0,2026-08-04,1121.0,2026-07-03,1053.800048828125,6.3769166880002,2026-05-04,1260.8499755859375,-11.091722115547242,2026-02-04,1166.3499755859375,-3.8881962134182815,2025-08-04,978.5587158203124,14.55623274074882,2024-08-02,953.1099243164062,17.614975083174023,2021-08-04,410.10546875,173.34431882042537,INR,11.758955149911344,11.031424843554305,13.285670603697099,12.898834017609374,11.216176400367543,11.381246164557751,5.52595536509034,6.595071050881862,-11.491444424046648,-8.837069041603895,4.839249403442114,3.3186962121056096,112.79497160250958
8951.T,NIPPON BUILDING FUND INC,US,JPX,1137135058944.0,2026-08-05,129100.0,2026-07-03,128300.0,0.623538581449723,2026-05-01,128472.46875,0.4884558194496513,2026-02-05,143771.484375,-10.204724837320512,2025-08-05,133421.4375,-3.2389378955686943,2024-08-05,105360.78125,22.53136173475365,2021-08-05,121277.0078125,6.450515500509968,JPY,818.6844906304032,794.6781486272812,818.4106753569067,916.2262600639224,908.9087315491342,723.7112754954433,1107.2593238139598,3.0208886509073274,0.03345695281613548,-10.646035120922425,-9.926655756178492,13.12308075757731,-26.062082023347454
2768.T,SOJITZ CORPORATION,US,JPX,1137049206784.0,2026-08-05,5387.0,2026-07-03,5227.0,3.061029271092397,2026-05-01,6218.0,-13.364425860405271,2026-02-05,5697.20751953125,-5.444904691777364,2025-08-05,3506.5498046875,53.62679271798005,2024-08-05,2533.708984375,112.61320985246584,2021-08-05,1267.490966796875,325.0128909094866,JPY,34.16152866790071,32.375547021627426,39.610646770335734,36.30713810266434,23.887718456731363,17.403760099930878,11.57219506112483,5.516452417252493,-13.756700651795084,-5.90960771597191,43.008754602406455,96.28820709862802,195.20353301562974
007310.KS,OTOKI,US,KSC,1136697540608.0,2026-08-05,323500.0,2026-07-03,319000.0,1.4106583072100332,2026-05-04,364000.0,-11.126373626373631,2026-02-05,381502.03125,-15.20359696643162,2025-08-05,386380.5625,-16.274256161630806,2024-08-05,384307.625,-15.822643383669533,2021-08-05,482937.84375,-33.01415406006893,KRW,226.4724186679814,206.8567537353374,247.32797592878342,261.2830710414619,279.2594426145333,283.16835808230826,422.1263088809428,9.482728786192407,-8.43234865869248,-13.322965102456452,-18.902502795371824,-20.021989673665132,-46.349608185199365
361610.KS,SK ie technology,US,KSC,1134387134464.0,2026-08-05,13920.0,2026-07-03,15760.0,-11.675126903553302,2026-05-04,26800.0,-48.05970149253731,2026-02-05,25400.0,-45.19685039370079,2025-08-05,27050.0,-48.53974121996303,2024-08-05,32000.0,-56.49999999999999,2021-08-05,216500.0,-93.5704387990762,KRW,9.744964661076665,10.219631469808519,18.20986196398735,17.3959493287839,19.550589899881743,23.578474298119545,189.23831928987056,-4.644656807186687,-46.48523596527667,-43.981415001293826,-50.15513746142457,-58.67007959096888,-94.85042738825557
GMRAIRPORT.NS,GMR AIRPORTS LIMITED,US,NSI,1129810493440.0,2026-08-05,107.0,2026-07-03,112.8000030517578,-5.141846537979711,2026-05-05,96.97000122070312,10.343403787805116,2026-02-05,97.43000030517578,9.822436277171832,2025-08-05,92.80999755859376,15.289303754638794,2024-08-05,92.5,15.67567567567567,2021-08-05,25.946739196777344,312.3832254547411,INR,1.125164563767612,1.1808167568429437,1.017957326694841,1.081054130919128,1.0559393853086478,1.1046715383417904,0.3497619528479561,-4.713025349007127,10.53160424915427,4.080316756292368,6.555790931004046,1.8551238729825004,221.69438516851167
GVT&D.NS,GE VERNOVA T&D INDIA LTD,US,NSI,1129165225984.0,2026-08-05,4410.0,2026-07-03,4401.5,0.1931159831875417,2026-05-05,4578.89990234375,-3.688656794119849,2026-02-05,3513.5,25.515867368720645,2025-08-05,2814.443359375,56.69173036686457,2024-08-05,1709.8753662109375,157.91353493632144,2021-08-05,135.58966064453125,3152.4603860182824,INR,46.373604917898774,46.07592920772731,48.067697691210924,38.98474470991641,32.02113639759773,20.420007039621282,1.827748147208922,0.6460547085864077,-3.524389256575333,18.95320916672023,44.8218587313403,127.09886841821007,2437.198847046513
BRK-B,Berkshire Hathaway Inc. New,US,NYQ,1119083560960.0,2026-08-05,518.8499755859375,2026-07-02,507.7799987792969,2.180073424170481,2026-05-05,465.5199890136719,11.456003572533891,2026-02-05,503.8900146484375,2.968894104388542,2025-08-05,464.1900024414063,11.775344763361396,2024-08-05,413.7200012207031,25.41089965557448,2021-08-05,280.2099914550781,85.16469483891225,USD,518.8499755859375,507.7799987792969,465.5199890136719,503.8900146484375,464.1900024414063,413.7200012207031,280.2099914550781,2.180073424170481,11.456003572533891,2.968894104388542,11.775344763361373,25.410899655574482,85.16469483891225
ZYDUSLIFE.NS,ZYDUS LIFESCIENCES LTD,US,NSI,1118301454336.0,2026-08-05,1121.0999755859375,2026-07-03,1139.575927734375,-1.6213006697298415,2026-05-05,911.4309692382812,23.00437591262505,2026-02-05,904.1874389648438,23.98977549051393,2025-08-05,959.3878784179688,16.855757802009343,2024-08-05,1212.5577392578125,-7.542549167832191,2021-08-05,566.6425170898438,97.84960389906324,INR,11.788990326822727,11.92934676204004,9.567885131825733,10.032593276777447,10.915369822843331,14.48084349355861,7.638339131594648,-1.17656429993247,23.21417078481549,17.506909744969246,8.003581355082545,-18.589063323094933,54.33970819729173
COHR.MX,COHERENT CORP,US,MEX,1115731132416.0,2026-08-05,5703.0,2026-07-03,6460.0,-11.718266253869968,2026-05-05,5952.0,-4.183467741935488,,,,,,,,,,,,,MXN,330.512906614691,369.643467143178,339.72796869277954,,,,,-10.586027890851401,-2.712482611763367,,,,
003380.KQ,Harim Holdings,US,KOE,1112236490752.0,2026-08-05,10870.0,2026-07-03,9910.0,9.687184661957616,2026-05-04,13500.0,-19.48148148148148,2026-02-05,16411.43359375,-33.765688793088465,2025-08-05,9322.6474609375,16.597780250148976,2024-08-05,5081.8115234375,113.90010136871788,2021-08-05,9205.80859375,18.07762337552674,KRW,7.609753294964321,6.426176895038225,9.172878228127956,11.239860913762868,6.7380132085014,3.7444175747893382,8.046613145429546,18.418048853276336,-17.040724778951365,-32.29673077496529,12.937642885042733,103.22929115063903,-5.429114617164865
4186.T,TOKYO OHKA KOGYO CO,US,JPX,1109679276032.0,2026-08-05,9705.0,2026-07-03,10855.0,-10.594196222938734,2026-05-01,8899.1181640625,9.055749357188114,2026-02-05,7381.5546875,31.476367931467685,2025-08-05,4124.74658203125,135.28718206054563,2024-08-05,2737.294189453125,254.5472034899884,2021-08-05,2205.3720703125,340.0617986707706,JPY,61.54401999665424,67.2348503768444,56.690226144123244,47.0411380545047,28.09906904080276,18.802163819902262,20.135051411457425,-8.464108045594877,8.561958881926524,30.830210624040653,119.02512110734324,227.32413453131036,205.65613535823366
030610.KS,KYOBOSECURITIES,US,KSC,1107248414720.0,2026-08-05,9790.0,2026-07-03,10350.0,-5.410628019323671,2026-05-04,14710.0,-33.44663494221618,2026-02-05,11158.626953125,-12.265191397421106,2025-08-05,8313.8955078125,17.75466736141218,2024-08-05,4253.41796875,130.16783377339,2021-08-05,6569.97314453125,49.01126358711303,KRW,6.853678450570442,6.711496555362828,9.995039906352758,7.642319254148219,6.0089301864588265,3.134034570479116,5.742682104622077,2.118482726389881,-31.429203737202638,-10.319390977414432,14.058213989825719,118.68547702467379,19.346297178006154
MARICO.BO,MARICO LTD.,US,BSE,1106827149312.0,2026-07-17,844.4000244140625,,,,,,,,,,,,,,,,,,,INR,8.736480431653604,,,,,,,,,,,,
AMBUJACEM.NS,AMBUJA CEMENTS LTD,US,NSI,1105743577088.0,2026-08-05,445.0,2026-07-03,443.3999938964844,0.3608493742760732,2026-05-05,430.9667663574219,3.256221764195089,2026-02-05,530.4244384765625,-16.10492131959661,2025-08-05,599.7314453125,-25.80012212497456,2024-08-05,630.7078247070312,-29.44435084395758,2021-08-05,403.0923767089844,10.396530848131412,INR,4.679422718472779,4.641614615354115,4.524139134298139,5.8854308586621755,6.823403408816375,7.532161977981843,5.4336838161679,0.8145463648273843,3.4323344080515295,-20.49141633215169,-31.420986887180145,-37.874109290908045,-13.881210670573452
HDFCAMC.NS,HDFC AMC LIMITED,US,NSI,1098551721984.0,2026-08-05,2562.0,2026-07-03,2800.199951171875,-8.506533652076854,2026-05-05,2746.234130859375,-6.708609757235918,2026-02-05,2703.17578125,-5.22258974903651,2025-08-05,2776.0322265625,-7.71000511141513,2024-08-05,1935.3795166015625,32.37713730166754,2021-08-05,1317.4732666015625,94.4631488886836,INR,26.940856190398335,29.313146590407086,28.829010200433913,29.993629639408027,31.584116367019305,23.113066679777717,17.75953498653007,-8.092923059938906,-6.549493017305041,-10.17807276315339,-14.701250852373205,16.561149429684562,51.69798201829017
GODREJCP.BO,GODREJ CONSUMER PRODUCTS LTD.,US,BSE,1097941450752.0,2026-07-17,1070.9000244140625,,,,,,,,,,,,,,,,,,,INR,11.079934672009244,,,,,,,,,,,,
077970.KS,STXEngine,US,KSC,1097795305472.0,2026-08-05,28100.0,2026-07-03,28250.0,-0.5309734513274322,2026-05-04,60000.0,-53.16666666666667,2026-02-05,32150.0,-12.597200622083982,2025-08-05,25850.0,8.704061895551263,2024-08-05,13690.0,105.25931336742148,2021-08-05,12250.0,129.3877551020408,KRW,19.671947340248153,18.318819100386463,40.768347680568695,22.01888861891348,18.683280920959078,10.087166035664268,10.707479959819466,7.386547312065228,-51.74700850183256,-10.658763570153052,5.291717356666092,95.0195651652392,83.72154245507299
LUPIN.NS,LUPIN LIMITED,US,NSI,1091876880384.0,2026-08-05,2388.0,2026-07-03,2458.17626953125,-2.854810307994382,2026-05-05,2326.431640625,2.6464718885296667,2026-02-05,2202.530029296875,8.420769217041446,2025-08-05,1851.0782470703125,29.00589177034896,2024-08-05,1922.2696533203125,24.228148526156936,2021-08-05,1113.33349609375,114.49098660720747,INR,25.111149329692125,25.732762870620718,24.422069751642994,24.438614176195642,21.060515868838593,22.956503513957728,15.007731600167972,-2.4156502123535817,2.821544549895383,2.7519365404588436,19.233305993453385,9.38577520929682,67.32141804435703
0883.HK,CNOOC,US,HKG,1091287711744.0,2026-08-05,22.959999084472656,2026-07-03,21.18000030517578,8.404148978514868,2026-05-05,27.945446014404297,-17.839926145254314,2026-02-05,23.07260513305664,-0.4880508635006775,2025-08-05,17.58855438232422,30.53943255021869,2024-08-05,16.696094512939453,37.517184433034224,2021-08-05,4.867116451263428,371.7372044491066,HKD,2.927749828181618,2.7005626599685684,3.5676328277343714,2.9534067103372763,2.2407972199034702,2.139161931801368,0.6259514338869465,8.412586442844972,-17.935786288834876,-0.8687216043038126,30.656616412070537,36.864338536362574,367.72795295016454
4528.T,ONO PHARMACEUTICAL CO,US,JPX,1087365513216.0,2026-08-05,2301.0,2026-07-03,2419.0,-4.878048780487809,2026-05-01,2315.5,-0.626214640466427,2026-02-05,2425.825927734375,-5.1457083670862325,2025-08-05,1621.49658203125,41.90594204753337,2024-08-05,1926.1983642578125,19.458101652298044,2021-08-05,2121.82958984375,8.444147023580918,JPY,14.591735189314932,14.983058780431747,14.75047484668903,15.45929241112185,11.046143927097773,13.230838444017877,19.372308397739744,-2.6117737162447363,-1.0761664219218758,-5.6118818296157835,32.097999859655225,10.285793686131539,-24.677354449832023
5332.T,TOTO LTD,US,JPX,1087031017472.0,2026-08-05,6644.0,2026-07-03,8586.0,-22.61821569997671,2026-05-01,6425.0,3.408560311284048,2026-02-05,5453.060546875,21.83983549948836,2025-08-05,3701.979736328125,79.47153883100317,2024-08-05,3960.957763671875,67.73720893809529,2021-08-05,5287.48828125,25.655124826665546,JPY,42.1327634062618,53.18087750673294,40.929302910808474,34.75123938856814,25.219048523342394,27.207370345220852,48.274778579816484,-20.774599101100577,2.9403395852498626,21.241038154518055,67.06722050700809,54.85790383877613,-12.723031268594232
TATACONSUM.NS,TATA CONSUMER PRODUCT LTD,US,NSI,1084997173248.0,2026-08-05,1096.300048828125,2026-07-03,1116.699951171875,-1.8268024747688183,2026-05-05,1143.8214111328125,-4.154613809652641,2026-02-05,1146.2012939453125,-4.353619681009402,2025-08-05,1055.667236328125,3.849017105175223,2024-08-05,1180.5865478515625,-7.139374845226088,2021-08-05,737.1793823242188,48.71550603757411,INR,11.528205291571112,11.689875700662924,12.00743911761947,12.7179065975904,12.01078161773512,14.099030896873614,9.937175473401794,-1.3829951081741898,-3.991141003123133,-9.354537217978109,-4.017859465960449,-18.234058951332386,16.010885813860543
UNITDSPR.BO,UNITED SPIRITS LTD.,US,BSE,1082834550784.0,2026-08-04,1533.699951171875,2026-07-03,1381.9066162109375,10.984340995279474,2026-05-04,1312.143798828125,16.88505120716355,2026-02-04,1347.4716796875,13.820570353475947,2025-08-04,1323.3282470703125,15.89716720453145,2024-08-02,1392.549072265625,10.136151157431229,2021-08-04,625.0421752929688,145.37543413818463,INR,16.08805436150874,14.466120963359117,13.826157460020568,14.901885286178185,15.167902359632421,16.62866305693842,8.422114370958184,11.21194411589519,16.359548255027654,7.959859122192747,6.066442017224438,-3.2510653056026073,91.02156124814536
VEDL.NS,VEDANTA LIMITED,US,NSI,1081630064640.0,2026-08-05,277.0,2026-07-03,280.3999938964844,-1.2125513446835323,2026-05-05,303.8999938964844,-8.851594089089442,2026-02-05,644.4373779296875,-57.0167700560934,2025-08-05,415.9247741699219,-33.40141842889251,2024-08-05,362.5183410644531,-23.59007293626796,2021-08-05,149.51622009277344,85.26418058731291,INR,2.9128091977909207,2.935292574945265,3.1902363769734166,7.150484320511396,4.732155607420964,4.329337227035495,2.015478119446641,-0.7659671593304052,-8.696132398994571,-59.2641691495577,-38.446462047379526,-32.71928138096415,44.52199553476901
012630.KS,HDC HOLDINGS,US,KSC,1081612173312.0,2026-08-05,22200.0,2026-07-03,21350.0,3.9812646370023455,2026-05-04,28100.0,-20.99644128113879,2026-02-05,19359.96484375,14.66962971870711,2025-08-05,23031.173828125,-3.608907797439287,2024-08-05,8913.5654296875,149.05858576031466,2021-08-05,10569.7216796875,110.03391264940436,KRW,15.541538468096405,13.844488063477911,19.093176163733006,13.259250686177666,16.645953213551252,6.5677585433904255,9.238782291112102,12.257949855837236,-18.60160753339114,17.21279607676436,-6.634734168036449,136.63382819907247,68.22063750812359
3391.T,TSURUHA HOLDINGS INC,US,JPX,1078585458688.0,2026-08-05,2360.5,2026-07-03,2133.0,10.665729020159407,2026-05-01,2070.0,14.033816425120785,2026-02-05,2535.913818359375,-6.917183742184896,2025-08-05,2199.026123046875,7.342972203049314,2024-08-05,1540.8126220703125,53.1983815675338,2021-08-05,2339.1123046875,0.9143509385863836,JPY,14.969052983215079,13.21160164475441,13.1865614047274,16.160860018524318,14.980456526275589,10.583667421486439,21.356100018706456,13.302333704244361,13.517485899308479,-7.374651064009807,-0.07612280066704447,41.43540596169573,-29.90736618529024
4204.T,SEKISUI CHEMICAL CO,US,JPX,1073899962368.0,2026-08-05,2629.0,2026-07-03,2639.5,-0.3978026141314594,2026-05-01,2359.5,11.421911421911425,2026-02-05,2816.491943359375,-6.65693164155633,2025-08-05,2559.235107421875,2.726005609090154,2024-08-05,1770.36083984375,48.50079943205434,2021-08-05,1622.1314697265625,62.07071060911986,JPY,16.67173916241154,16.348815068602562,15.030768905533478,17.948927014160063,17.434313246871056,12.160408135645866,14.810063561954507,1.9752140595751477,10.91740726766115,-7.115678005381254,-4.373984071878345,37.09851656657466,12.570341731952329
SKHY,SK hynix Inc.,US,NMS,1072093790208.0,2026-08-05,151.02999877929688,,,,,,,,,,,,,,,,,,,USD,151.02999877929688,,,,,,,,,,,,
3017.TW,ASIA VITAL COMPONENTS CO LTD,US,TAI,1071642443776.0,2026-08-05,2730.0,2026-07-03,2760.0,-1.0869565217391353,2026-05-05,2705.0,0.9242144177449064,2026-02-05,1630.0,67.48466257668713,2025-08-05,968.5232543945312,181.8724266674061,2024-08-05,524.1774291992188,420.8160153272141,2021-08-05,67.98983001708984,3915.3064058459777,TWD,84.2720029503107,86.43664553761482,85.60668809339404,51.489240415394306,32.409316030460786,16.08453776669228,2.4532044563503064,-2.5043111909775817,-1.5590898010529708,63.66915159446589,160.02400936541008,423.9317670963504,3335.1805750297826
LGEINDIA.NS,LG ELECTRONICS INDIA LTD,US,NSI,1071510126592.0,2026-08-04,1542.5,2026-07-03,1547.5,-0.3231017770597755,2026-05-04,1579.199951171875,-2.323958479395916,2026-02-04,1526.199951171875,1.0680152895830686,,,,,,,,,,INR,16.180364245083183,16.19959115050733,16.640148134114042,16.87846723532516,,,,-0.11868759677645668,-2.763099735201602,-4.136056790636234,,,
2269.T,MEIJI HOLDINGS CO LTD,US,JPX,1070024097792.0,2026-08-05,3610.0,2026-07-03,3818.0,-5.447878470403356,2026-05-01,3714.0,-2.8002154011847025,2026-02-05,3741.510498046875,-3.514903890167498,2025-08-05,3015.523681640625,19.713866681887392,2024-08-05,3366.4208984375,7.23555101727047,2021-08-05,3019.366455078125,19.561505822803227,JPY,22.892726655118167,23.648333370685577,23.659366694279015,23.84388104162531,20.54269430605075,23.123563942467626,27.56682177189873,-3.19517956603258,-3.24032358544164,-3.9890921484076802,11.439747455012416,-0.9982772894515435,-16.955509617526086
2702.T,MCDONALD'S HOLDINGS COMPANY(JAP,US,JPX,1068988235776.0,2026-08-05,7990.0,2026-07-03,7650.0,4.444444444444451,2026-05-01,8130.0,-1.7220172201722006,2026-02-05,6910.0,15.629522431259035,2025-08-05,6047.6875,32.116614821781056,2024-08-05,5714.42919921875,39.82148910152488,2021-08-05,4728.59619140625,68.97192478649423,JPY,50.66838946659118,47.38338142633438,51.7906976910308,44.036016492173076,41.19874644905212,39.25176707528453,43.17209268207307,6.932827378231554,-2.1670073477963236,15.06124645855953,22.98526978059772,29.085626564046585,17.36375588675343
INDIAMART.NS,INDIAMART INTERMESH LTD,US,NSI,1067953881088.0,2026-08-05,1775.699951171875,2026-07-03,1879.199951171875,-5.507662978357208,2026-05-05,1995.280029296875,-11.00497548719408,2026-02-05,2218.7275390625,-19.96764271821414,2025-08-05,2417.001708984375,-26.53294598132391,2024-08-05,2539.263671875,-30.070280970046216,2021-08-05,3465.3525390625,-48.75846162387091,INR,18.67247346675208,19.67190365042825,20.945755378592366,24.618336898025518,27.499271263999617,30.32488980179005,46.71294000286798,-5.080495520088679,-10.853186580053809,-24.152173462823633,-32.09829712397887,-38.425255330524365,-60.027192753002346
5830.T,IYOGIN HOLDINGS INC,US,JPX,1065998942208.0,2026-08-05,3611.0,2026-07-03,3335.0,8.275862068965512,2026-05-01,3015.0,19.767827529021552,2026-02-05,3106.45166015625,16.241950464420608,2025-08-05,1745.3470458984375,106.8929505158211,2024-08-05,1058.5238037109375,241.13545555996723,,,,JPY,22.8990681306459,20.65667673945427,19.20651335036382,19.79678097522128,11.889852180618107,7.270880141902239,,10.85552830920118,19.225534134815426,15.670664636375031,92.59337948687154,214.9421759640635,
000080.KS,HITEJINRO,US,KSC,1060696096768.0,2026-08-05,15050.0,2026-07-03,15050.0,0.0,2026-05-04,17070.0,-11.83362624487405,2026-02-05,17940.0,-16.10925306577481,2025-08-05,19860.0,-24.219536757301107,2024-08-05,18771.35546875,-19.824649716666453,2021-08-05,30158.474609375,-50.09694556858791,KRW,10.53604297048878,9.759229290648364,11.598594915121794,12.286745313322172,14.353963601170108,13.831247576899614,26.36091938764139,7.959785109104733,-9.16104021572217,-14.248707026873541,-26.598371967239064,-23.824348368359416,-60.031580023615106
300720.KS,HANILCMT,US,KSC,1055326535680.0,2026-08-05,14230.0,2026-07-03,14120.0,0.7790368271954673,2026-05-04,17300.0,-17.745664739884393,2026-02-05,17660.0,-19.422423556058888,2025-08-05,20100.4140625,-29.20543847627517,2024-08-05,11624.8037109375,22.410669064556625,2021-08-05,13612.24609375,4.538221701219758,KRW,9.961986144189723,9.156167281325907,11.75487358123064,12.094978942768648,14.527724663724712,8.565472984969517,11.89819202097624,8.800831593665738,-15.252290249243295,-17.63535768579573,-31.427760542127427,16.303981831134994,-16.273110010100943
INDHOTEL.NS,THE INDIAN HOTELS CO. LTD,US,NSI,1054834425856.0,2026-08-05,741.0499877929688,2026-07-03,728.5999755859375,1.7087582520187494,2026-05-05,644.9277954101562,14.904333952870097,2026-02-05,686.094482421875,8.009903414046393,2025-08-05,747.719970703125,-0.8920428999487751,2024-08-05,604.7207641601562,22.544161158770223,2021-08-05,138.29556274414062,435.8450937171272,INR,7.7925531424772885,7.627154582721687,6.7702275576207285,7.612699087547753,8.50713271217137,7.2218142358056525,1.8642236979668496,2.168548676465676,15.100313485117734,2.362553055902694,-8.399769862197093,7.902985150766151,318.0052614380969
330590.KS,LOTTE REIT,US,KSC,1053291642880.0,2026-08-05,3620.0,2026-07-03,3565.0,1.5427769985974835,2026-05-04,4270.0,-15.222482435597184,2026-02-05,4322.3017578125,-16.24832779301212,2025-08-05,3666.802734375,-1.2763908441607907,2024-08-05,3328.71044921875,8.75082273526122,2021-08-05,4459.59765625,-18.8267579491914,KRW,2.5342508673202246,2.311737702402752,2.9013474099338055,2.9602575733314893,2.6502091128846814,2.4526848053995707,3.8980451047473252,9.625363841503255,-12.65262275578215,-14.390866181682782,-4.37543758342297,3.3255827141378536,-34.9866202360299
166090.KQ,Hana Materials,US,KOE,1051275165696.0,2026-08-05,55900.0,2026-07-03,57700.0,-3.119584055459268,2026-05-04,79400.0,-29.596977329974816,2026-02-05,61600.0,-9.253246753246758,2025-08-05,24626.775390625,126.98871091860524,2024-08-05,40280.49609375,38.77684095522733,2021-08-05,49719.0,12.431867093063008,KRW,39.133873890386894,37.415782728930935,53.95011343061924,42.18860152177513,17.79918618183399,29.67977005818716,43.45838335691951,4.5918888665330115,-27.462851508711427,-7.240646812650498,119.86327627904294,31.85369635163944,-9.950921162933835
MAXHEALTH.BO,Max Healthcare Institute Limit,US,BSE,1051135311872.0,2026-08-04,1069.0,2026-07-03,1153.1500244140625,-7.297404729000522,2026-05-04,1009.6558227539062,5.877664042408859,2026-02-04,1024.4794921875,4.345670962865089,2025-08-04,1248.1319580078125,-14.35200475867402,2024-08-02,911.8446655273438,17.23488006389435,2021-08-04,279.3796691894531,282.63342608337365,INR,11.213490682654083,12.07144357396146,10.638819006186282,11.329867707617268,14.306007381699487,10.888490757924728,3.764494013113847,-7.107293225128542,5.401649150470922,-1.027170201510319,-21.61690971166008,2.9848023197596607,197.87511000392607
9042.T,HANKYU HANSHIN HOLDINGS INC,US,JPX,1050622492672.0,2026-08-05,4457.0,2026-07-03,4449.0,0.1798156889188495,2026-05-01,4427.0,0.6776598147729906,2026-02-05,4307.4462890625,3.47198086525764,2025-08-05,4117.607421875,8.242470526013722,2024-08-05,3655.45556640625,21.92734719469629,2021-08-05,3017.917724609375,47.68460928062221,JPY,28.263956427108496,27.556688100099564,28.201404511462897,27.450474070087694,28.05043483985628,25.108910346854373,27.553594859822397,2.566594085761631,0.22180425666449288,2.9634546745669565,0.7612059794125825,12.565444046238294,2.5781084860252657
BHARATFORG.NS,BHARAT FORGE LTD,US,NSI,1050408583168.0,2026-08-05,2197.10009765625,2026-07-03,2136.699951171875,2.826795893885259,2026-05-05,1860.953857421875,18.063115261764985,2026-02-05,1566.6500244140625,40.24192151517567,2025-08-05,1155.668212890625,90.11512760749338,2024-08-05,1535.8839111328125,43.05118256208233,2021-08-05,753.4776000976562,191.59461374452133,INR,23.103730588160488,22.36747374493916,19.53564597253171,17.383079906522426,13.148535873735455,18.34213235487016,10.156875391497351,3.291640583183475,18.264482375682476,32.90930440635884,75.71333272407004,25.959894635838452,127.46887893791991
2318.HK,PING AN,US,HKG,1050243235840.0,2026-08-05,58.0,2026-07-03,52.04999923706055,11.431317675607078,2026-05-05,61.378456115722656,-5.504302860523125,2026-02-05,68.77287292480469,-15.664421837638798,2025-08-05,51.29384994506836,13.073984624108736,2024-08-05,29.628034591674805,95.76053828524098,2021-08-05,51.28695297241211,13.08919060018816,HKD,7.3958840072155,6.636651669766422,7.835831098964604,8.803265310265488,6.534881369816503,3.7960472530558604,6.595926371237795,11.439990754792762,-5.614555574165414,-15.987037235022783,13.175489938896522,94.83118923932601,12.128055878034072
093370.KS,FOOSUNG,US,KSC,1047884529664.0,2026-08-05,10230.0,2026-07-03,14490.0,-29.399585921325052,2026-05-04,14130.0,-27.60084925690022,2026-02-05,8160.0,25.36764705882353,2025-08-05,4830.0,111.80124223602483,2024-08-05,5470.0,87.0201096892139,2021-08-05,13119.1650390625,-22.022476510204505,KRW,7.161708942730911,9.39609517750796,9.600945878773928,5.588619941845536,3.490918640163727,4.03044545033481,11.467199734312317,-23.7799446745244,-25.40621483385047,28.148076220153406,105.15255956796005,77.69025858260869,-37.546139348200725
6532.T,BAYCURRENT INC,US,JPX,1047460642816.0,2026-08-05,6972.0,2026-07-03,6671.0,4.512067156348376,2026-05-01,5088.0,37.02830188679245,2026-02-05,5012.515625,39.09183574864168,2025-08-05,8448.1123046875,-17.472687997630754,2024-08-05,3734.03173828125,86.71507069752882,2021-08-05,4219.51513671875,65.23225475194488,JPY,44.21276737935841,41.31954738497734,32.412185713648796,31.94373671921494,57.55119404134848,25.648641173605483,38.52418163490029,7.002061197390952,36.40785527382802,38.40825125747842,-23.17662888524413,72.37859534195093,14.766272774772338
LLY,Eli Lilly and Company,US,NYQ,1043212533760.0,2026-08-05,1169.8599853515625,2026-07-02,1213.9100341796875,-3.628773763114357,2026-05-05,987.170654296875,18.50635756436767,2026-02-05,1017.3876953125,14.986645773441287,2025-08-05,760.5696411132812,53.813657831409614,2024-08-05,764.5814819335938,53.006581115859206,2021-08-05,252.0150146484375,364.2024948329069,USD,1169.8599853515625,1213.9100341796875,987.170654296875,1017.3876953125,760.5696411132812,764.5814819335938,252.0150146484375,-3.628773763114357,18.50635756436767,14.986645773441287,53.813657831409614,53.006581115859206,364.2024948329069
1878.T,DAITO TRUST CONSTRUCTION CO,US,JPX,1041346461696.0,2026-08-05,3156.0,2026-07-03,3073.0,2.7009437032216037,2026-05-01,3515.0,-10.213371266002849,2026-02-05,3234.42919921875,-2.4248234970700167,2025-08-05,3034.335693359375,4.009586246732244,2024-08-05,3114.72900390625,1.3250268656435749,2021-08-05,2029.9700927734373,55.47027078059703,JPY,20.01369676552713,19.033873349428177,22.39167310995981,20.612355652614042,20.67084763755099,21.394720820178463,18.533631005820435,5.147787831258155,-10.619913629298916,-2.9043690938400424,-3.179119132154362,-6.454975815103037,7.985838065093032
4021.T,NISSAN CHEMICAL CORPORATION,US,JPX,1040281567232.0,2026-08-05,7743.0,2026-07-03,8627.0,-10.246899269734556,2026-05-01,6750.0,14.71111111111112,2026-02-05,5597.84521484375,38.32108075207161,2025-08-05,4809.97900390625,60.977833660226025,2024-08-05,3763.063232421875,105.7632179360609,2021-08-05,4557.83251953125,69.88338134013597,JPY,49.10204501124099,53.43482765555382,42.99965675454587,35.67392246041845,32.76708748710939,25.848055219370735,41.61302001642298,-8.108536762282414,14.19171388164624,37.641284234223306,49.85172249611072,89.96417561984909,17.996831260654456
ASHOKLEY.NS,ASHOK LEYLAND LTD,US,NSI,1039672213504.0,2026-08-05,177.0,2026-07-03,164.35000610351562,7.696984135502127,2026-05-05,157.56214904785156,12.336624671351217,2026-02-05,198.12026977539065,-10.660327587548068,2025-08-05,119.11637115478516,48.59418422846198,2024-08-05,116.012451171875,52.56983040360952,2021-08-05,60.38362121582031,193.12584511514288,INR,1.8612535307183862,1.7204542193604766,1.6540326081670855,2.1982832329737794,1.3552383476572345,1.3854665178685082,0.8139710009918986,8.183845276060131,12.528224747692995,-15.33149583274892,37.337726159821784,34.341285531884225,128.6633711090785
JSWENERGY.NS,JSW ENERGY LIMITED,US,NSI,1037123125248.0,2026-08-05,566.0,2026-07-03,550.2000122070312,2.8716807419886914,2026-05-05,560.0452880859375,1.0632554260770366,2026-02-05,472.3435363769531,19.82803963857027,2025-08-05,535.87744140625,5.6211656371842,2024-08-05,679.4450073242188,-16.69671659977109,2021-08-05,239.92051696777344,135.91146232651133,INR,5.951805075630546,5.759622131669175,5.87916053533354,5.240982547611964,6.096908856419759,8.11420066442696,3.234127722429264,3.33672834029608,1.2356277713529762,13.562772277165202,-2.3799565354569174,-26.649520738086487,84.0312314926122
ATCO-A.ST,Atlas Copco AB ser. A,US,STO,1025486028800.0,2026-08-04,208.6000061035156,2026-07-03,197.3999938964844,5.673765224584804,2026-05-04,170.5500030517578,22.31017435995621,2026-02-04,186.3539123535156,11.93755122661384,2025-08-04,142.21365356445312,46.680716566342426,2024-08-02,168.2300567626953,23.99687078377797,2021-08-04,135.87725830078125,53.52091197023825,SEK,21.805371885244536,20.384349055632814,18.51494066839109,20.942760526497747,14.741137616123751,15.681546547213543,15.797275254757551,6.9711464699386605,17.77176214488716,4.118899978135038,47.92190706770132,39.051156846000865,38.03248682824319
OFSS.NS,ORACLE FIN SERV SOFT LTD.,US,NSI,1023920963584.0,2026-08-04,11600.0,2026-07-03,11248.0,3.1294452347083945,2026-05-04,9459.0107421875,22.6343886920819,2026-02-04,7308.13134765625,58.72730590317279,2025-08-04,8203.6435546875,41.40058527252624,2024-08-02,9637.1005859375,20.36815322781596,2021-08-04,3424.088134765625,238.7763265268289,INR,121.6805350035429,117.74668902158737,99.67030446991521,80.82168749131188,94.0296292368921,115.07824153633192,46.13778562017842,3.3409397874740288,22.083037320580612,50.554311324696414,29.40658810531829,5.737221371362833,163.73293249324425
6448.T,BROTHER INDUSTRIES,US,JPX,1023189778432.0,2026-08-05,4080.0,2026-07-03,3779.0,7.965070124371532,2026-05-01,2980.0,36.91275167785235,2026-02-05,3210.970458984375,27.064389165713408,2025-08-05,2476.284423828125,64.76297959717677,2024-08-05,2342.146484375,74.19918127318775,2021-08-05,2030.5400390625,100.93176797851942,JPY,25.873220153152943,23.406771034002304,18.9835521671921,20.462857899814253,16.86922714062723,16.08793897970645,18.53883461657915,10.537331764247625,36.29282826144495,26.439915088242884,53.37525505742242,60.82370890261195,39.562279335588336
8729.T,SONY FINANCIAL GROUP INC,US,JPX,1023038062592.0,2026-08-05,153.5,2026-07-03,146.8000030517578,4.564030523814044,2026-05-01,141.5,8.480565371024728,2026-02-05,150.66773986816406,1.879805281684188,,,,,,,,,,JPY,0.9734164935071021,0.9092654298024172,0.9014002119656652,0.9601746856256028,,,,7.055262589123723,7.989379255235862,1.3791040401019972,,,
INDUSTOWER.BO,INDUS TOWERS LIMITED,US,BSE,1021256663040.0,2026-08-04,389.5,2026-07-03,383.3999938964844,1.5910292646385882,2026-05-04,400.2000122070313,-2.673666137095454,2026-02-04,445.0499877929688,-12.481741223821777,2025-08-04,346.04998779296875,12.555992989378773,2024-08-02,421.1000061035156,-7.504157123129474,2021-08-04,195.98899841308597,98.73564493607492,INR,4.085738653782755,4.01352061274963,4.2169374951269,4.921872544470774,3.9664024689384973,5.028426110239366,2.6408486104331534,1.799368883361696,-3.1112351438872032,-16.988125619533378,3.0086756394187786,-18.747167320148538,54.713096299473605
MANKIND.BO,Mankind Pharma Limited,US,BSE,1012666138624.0,2026-08-04,2461.0,2026-07-03,2531.14990234375,-2.7714637635168797,2026-05-04,2260.60009765625,8.864898420181477,2026-02-04,2089.699951171875,17.768103436089234,2025-08-04,2627.365966796875,-6.3320439139165074,2024-08-02,1996.6142578125,23.258661024302363,,,,INR,25.81515488307923,26.496667889250602,23.820112500053256,23.110295692535374,30.11469794861773,23.841907196725515,,-2.572070605330168,8.375453235250308,11.704130602783792,-14.277224605986294,8.276383554687783,
9962.T,MISUMI GROUP INC,US,JPX,1011969687552.0,2026-08-05,3814.0,2026-07-03,4187.0,-8.908526391210891,2026-05-01,3428.0,11.260210035005835,2026-02-05,2987.9599609375,27.64561941463641,2025-08-05,2134.559326171875,78.67856626126381,2024-08-05,2104.97509765625,81.18979194797295,2021-08-05,3893.857421875,-2.0508563417441783,JPY,24.186387662775815,25.93388471007347,21.83745531179011,19.041657614731776,14.54128846098854,14.4588355812989,35.5509260472445,-6.738277226237832,10.756438043939621,27.018288807292514,66.3290548678902,67.27756206079664,-31.966926457460133
009450.KS,KYUNGDONGNAVIEN,US,KSC,1011705249792.0,2026-08-05,68600.0,2026-07-03,63200.0,8.544303797468356,2026-05-04,76900.0,-10.793237971391424,2026-02-05,60100.0,14.143094841930123,2025-08-05,91642.328125,-25.143761181591,2024-08-05,50616.8515625,35.52798698926385,2021-08-05,70895.1328125,-3.2373630197859327,KRW,48.02475400501862,40.98227848298848,52.25143227726221,41.16128167952411,66.23517836015799,37.295879175566824,61.96801745621087,17.18419712792063,-8.089114667355968,16.674583602455662,-27.493583932270894,28.766917596838603,-22.500741549534208
001067.KS,JWPHARMA(2PB),US,KSC,1009194172416.0,2026-08-05,43700.0,2026-07-03,43200.0,1.157407407407418,2026-05-04,55200.0,-20.833333333333336,2026-02-05,58512.85546875,-25.315557325109715,2025-08-05,62960.625,-30.591540347637917,2024-08-05,56298.8203125,-22.37848012190531,2021-08-05,51641.859375,-15.378724684039325,KRW,30.59302842593752,28.013203013688326,37.5068798661232,40.07427829987523,45.50526281756902,41.48250899227287,45.13911627311245,9.209319658978622,-18.433555296692063,-23.659190573538623,-32.77035109414656,-26.250776124375175,-32.225016899233026
MU,"Micron Technology, Inc.",US,NMS,1008762683392.0,2026-08-05,893.1900024414062,2026-07-02,975.4099731445312,-8.429273122773584,2026-05-05,640.1015625,39.538794273979946,2026-02-05,382.6703796386719,133.4097567950729,2025-08-05,108.88523864746094,720.3040315990842,2024-08-05,89.8548812866211,894.036149902963,2021-08-05,79.46390533447266,1024.0197655550246,USD,893.1900024414062,975.4099731445312,640.1015625,382.6703796386719,108.88523864746094,89.8548812866211,79.46390533447266,-8.429273122773584,39.538794273979946,133.4097567950729,720.3040315990842,894.036149902963,1024.0197655550246
3092.T,ZOZO INC,US,JPX,1004366462976.0,2026-08-05,1122.5,2026-07-03,1150.0,-2.3913043478260843,2026-05-01,1025.0,9.512195121951228,2026-02-05,1151.38427734375,-2.5086565721034626,2025-08-05,1444.865478515625,-22.311106695330945,2024-08-05,1257.183349609375,-10.713103196222171,2021-08-05,1163.71240234375,-3.5414594070448224,JPY,7.118306279880926,7.122991979122162,6.52957750717178,7.3375364726393855,9.842877381206222,8.63545006674326,10.624696560169014,-0.06578273926138856,9.01633791868639,-2.9877901605796064,-27.680636421698523,-17.568786515310187,-33.00226279810394
032350.KS,LOTTE TOUR,US,KSC,1002182541312.0,2026-08-05,12280.0,2026-07-03,15200.0,-19.21052631578948,2026-05-04,20850.0,-41.1031175059952,2026-02-05,26350.0,-53.3965844402277,2025-08-05,18350.0,-33.079019073569484,2024-08-05,8470.0,44.98229043683588,2021-08-05,19550.0,-37.186700767263424,KRW,8.596851008478552,9.856497356668115,14.167000818997622,18.04658522887621,13.26259980269242,6.240927415783517,17.088263935875148,-12.779857819749596,-39.317777147648826,-52.36300441635466,-35.179745024551536,37.749575275251956,-49.691489780712594
005300.KS,LotteChilsung,US,KSC,1001397747712.0,2026-08-05,100300.0,2026-07-03,100200.0,0.0998003992015883,2026-05-04,126400.0,-20.64873417721519,2026-02-05,131592.453125,-23.779823524739086,2025-08-05,128096.2734375,-21.69951762965392,2024-08-05,125910.4453125,-20.34020708046648,2021-08-05,127235.359375,-21.16971218324112,KRW,70.2169508265797,64.97506810119376,85.88531911373138,90.12502545719963,92.58254009906386,92.774256208299,111.21388250516247,8.06752940562081,-18.243360388989473,-22.089396956757877,-24.157459115458323,-24.314186180132868,-36.863142222087
6724.T,SEIKO EPSON CORP,US,JPX,999093698560.0,2026-08-05,3037.0,2026-07-03,2807.0,8.193801211257568,2026-05-01,2095.0,44.96420047732697,2026-02-05,2048.88134765625,48.22722669978305,2025-08-05,1867.92041015625,62.587227137046895,2024-08-05,2025.5771484375,49.93257612244968,2021-08-05,1729.161865234375,75.63422262891262,JPY,19.259061177726835,17.386294335126877,13.345819392707199,13.057101709970539,12.724860430542549,13.913460059030513,15.787251286941455,10.771512356237189,44.30782113124443,47.49874516961461,51.34988146118069,38.42035766816154,21.991224613350614
LAURUSLABS.BO,Laurus Labs Limited,US,BSE,995633266688.0,2026-08-04,1835.5,2026-07-03,1541.75,19.053024160856168,2026-05-04,1165.3397216796875,57.50771777987303,2026-02-04,979.674560546875,87.35813645864043,2025-08-04,860.0330810546875,113.42202299347188,2024-08-02,445.3627624511719,312.1359383298774,2021-08-04,636.6701049804688,188.2968723741643,INR,19.253846724051982,16.139398808591068,12.279271906592612,10.834363452033585,9.85764327812933,5.318151771024418,8.578794604063546,19.297174277663174,56.7995795720982,77.7109177598992,95.31896398370945,262.04018901745593,124.43533867720701
006120.KS,SK Discovery,US,KSC,994323726336.0,2026-08-05,54800.0,2026-07-03,48950.0,11.950970377936663,2026-05-04,55600.0,-1.4388489208633115,2026-02-05,52600.0,4.1825095057034245,2025-08-05,53376.94140625,2.6660549597983696,2024-08-05,32212.09375,70.12244042658668,2021-08-05,39905.91015625,37.32301753157059,KRW,38.36379765998572,31.74181221111212,37.778668850660324,36.02468246826902,38.578583790891344,23.734750767906007,34.880957818481875,20.862027047577914,1.5488338449362038,6.493090379844491,-0.5567496517493553,61.635561439562395,9.984931777470972
LENSKART.NS,LENSKART SOLUTIONS LTD,US,NSI,991509217280.0,2026-08-04,567.5,2026-07-03,533.0,6.472795497185735,2026-05-04,515.5999755859375,10.065947802864494,2026-02-04,452.6499938964844,25.372806285684035,,,,,,,,,,INR,5.952905484009534,5.579568389803171,5.432915550262578,5.005922117338315,,,,6.691146485248711,9.571102825660983,18.91726128521427,,,
2875.T,TOYO SUISAN KAISHA,US,JPX,990364041216.0,2026-08-05,10175.0,2026-07-03,10535.0,-3.4171808258187,2026-05-01,10655.0,-4.504927264195214,2026-02-05,11620.5400390625,-12.439525479911516,2025-08-05,9462.3056640625,7.531931024425553,2024-08-05,7882.95458984375,29.075968712407384,2021-08-05,3926.912109375,159.10944061387292,JPY,64.52451349468902,65.2528004348278,67.87575447699055,74.0553245742567,64.46019769988789,54.147122422637494,35.852715410210294,-1.1161006658498507,-4.9373167313191075,-12.869852551940353,0.09977598129713439,19.165175558273084,79.97106427345653
6370.T,KURITA WATER INDUSTRIES,US,JPX,988012740608.0,2026-08-05,9186.0,2026-07-03,9398.0,-2.2557991061928018,2026-05-01,8044.0,14.196916956737947,2026-02-05,7602.11669921875,20.834766992514364,2025-08-05,5758.4580078125,59.52187178472699,2024-08-05,4802.546875,91.27351047458544,2021-08-05,4800.98291015625,91.33581959992934,JPY,58.25279419776052,58.21032923460007,51.24285021238029,48.44673463707977,39.228424319441274,32.9881506505335,43.83298356899331,0.07295090702770235,13.67984793259338,20.24090918436321,48.49639058505577,76.58702609574274,32.89716887756538
8334.T,GUNMA BANK,US,JPX,983531323392.0,2026-08-05,2568.0,2026-07-03,2419.0,6.159570070276965,2026-05-01,2157.0,19.054242002781653,2026-02-05,2079.426025390625,23.49561699448266,2025-08-05,1330.7410888671875,92.97517913015272,2024-08-05,732.6834106445312,250.492444989435,2021-08-05,295.0245666503906,770.4359874691811,JPY,16.284909155219793,14.983058780431747,13.740779202897102,13.25175669296027,9.065426199613455,5.032719379649677,2.6935748834013395,8.688815774308356,18.51517963250795,22.888682101074377,79.63754595359424,223.58071107778258,504.58349443234545
8377.T,HOKUHOKU FINANCIAL GROUP INC,US,JPX,979476873216.0,2026-08-05,7903.0,2026-07-03,7270.0,8.707015130674002,2026-05-01,5939.0,33.06954032665432,2026-02-05,5793.84375,36.40340231819334,2025-08-05,3251.05810546875,143.09008770732245,2024-08-05,1454.2095947265625,443.4567361306686,2021-08-05,688.8091430664062,1047.3424938609,JPY,50.11668109567836,45.02969712018967,37.83332762448117,36.922981031559175,22.14722876774681,9.988801033470622,6.288828853427333,11.296953568021827,32.4670184793602,35.733030474549544,126.28872271669351,401.7286952432694,696.9159642238538
6869.T,SYSMEX CORP,US,JPX,978604982272.0,2026-08-05,1626.5,2026-07-03,1528.5,6.411514556754994,2026-05-01,1331.5,22.15546376267368,2026-02-05,1471.7802734375,10.512420186277916,2025-08-05,2415.545654296875,-32.66531737428714,2024-08-05,2102.610107421875,-22.643765752922185,2021-08-05,4153.6943359375,-60.84208734553178,JPY,10.314409945858642,9.467385426163673,8.482080439804122,9.379354615622105,16.4554555683452,14.442590731187238,37.92323759216288,8.946762823811593,21.602359457190378,9.969292862422785,-37.31920758426086,-28.583381348709334,-72.80187399403317
LSEN.MX,LONDON STOCK EXCHANGE GROUP,US,MEX,974618558464.0,2026-08-04,2004.0,2026-07-03,1965.550048828125,1.9561929341254336,2026-05-04,2275.0,-11.912087912087909,2026-02-04,2082.901611328125,-3.788062330885367,2025-08-04,2783.14990234375,-27.99525464609762,2024-08-02,1930.5810546875,3.8029454984154665,2021-08-04,2095.7216796875,-4.376615491288749,MXN,115.65898360311985,112.46946360561469,130.3979036398232,120.82917832105522,147.50627952774266,102.0186814016779,105.51094239687518,2.835898647733859,-11.303034500780207,-4.2789289721044454,-21.590467895051912,13.370396494085268,9.617998830939477
ALAB.MX,ASTERA LABS INC,US,MEX,974215839744.0,2026-08-05,5683.60986328125,2026-07-03,6912.0,-17.771848042805992,2026-05-05,3724.0,52.62110266598417,2026-02-05,2480.0,129.17781706779232,2025-08-05,2539.360107421875,123.82055411005192,2024-08-05,1071.72998046875,430.3210665801632,,,,MXN,329.38916639961644,395.50706577301025,212.5582922399044,143.15086126327515,134.5612898278905,54.880494744315,,-16.717248589267996,54.964157327652316,130.09932562949942,144.78746214525654,500.19350760998276,
SHREECEM.NS,SHREE CEMENT LIMITED,US,NSI,970572103680.0,2026-08-04,26900.0,2026-07-03,26695.609375,0.7656338618417413,2026-05-04,24675.859375,9.013427217263835,2026-02-04,27279.09375,-1.389686011838276,2025-08-04,30479.177734375,-11.743025896457617,2024-08-02,27046.25,-0.5407403983916481,2021-08-04,28529.3671875,-5.711192879924443,INR,282.1729647926986,279.4558690718259,260.01137793340604,301.6834653383412,349.35035423022964,322.9638273874298,384.4182086937799,0.9722807861925364,8.52331426241224,-6.467209107320926,-19.229231808152004,-12.630164475292194,-26.597398767478218
5838.T,RAKUTEN BANK LTD,US,JPX,969929523200.0,2026-08-05,5552.0,2026-07-03,5395.0,2.910101946246524,2026-05-01,6238.0,-10.997114459762749,2026-02-05,7632.0,-27.253668763102723,2025-08-05,6730.0,-17.503714710252606,2024-08-05,2708.0,105.02215657311667,,,,JPY,35.20787212997675,33.41612324118614,39.73805316071957,48.63717480003834,45.84687347058207,18.600945349782705,,5.361929257497566,-11.400108134187192,-27.611189846600638,-23.20551116191576,89.28001490197404,
9684.T,SQUARE ENIX HOLDINGS CO.LTD.,US,JPX,968261632000.0,2026-08-05,2665.0,2026-07-03,2507.0,6.302353410450734,2026-05-01,2446.0,8.953393295175793,2026-02-05,2529.32763671875,5.363969511567723,2025-08-05,3511.729736328125,-24.111472120672595,2024-08-05,1460.679931640625,82.44927874148935,2021-08-05,1785.5635986328125,49.25259464521805,JPY,16.90003228140995,15.528122514486313,15.581801543943584,16.11888763019624,23.923005777758704,10.033245045041213,16.302199225640948,8.835000919420688,8.460066275062662,4.846144902396077,-29.356568156991525,68.44034213798602,3.667192674401254
7747.T,ASAHI INTECC CO LTD,US,JPX,966841794560.0,2026-08-05,3638.0,2026-07-03,3864.0,-5.848861283643892,2026-05-01,3205.828125,13.480818626232494,2026-02-05,2515.478759765625,44.62455649353063,2025-08-05,2346.594970703125,55.03314570344977,2024-08-05,1873.6307373046875,94.168462737404,2021-08-05,2892.271240234375,25.78350015696298,JPY,23.070287969894707,23.933253049850464,20.422149479862128,16.03063157029669,15.985741858622646,12.86975736716306,26.406442206256315,-3.605715771935769,12.96699200367648,43.91378074362249,44.31790638137125,79.25969629200706,-12.63386491184032
RECLTD.NS,REC LIMITED,US,NSI,963759964160.0,2026-08-05,366.0,2026-07-03,361.0105285644531,1.3820847428986038,2026-05-05,352.3597412109375,3.87111726844438,2026-02-05,369.6383666992188,-0.9843043977573184,2025-08-05,374.3910827636719,-2.241261384146964,2024-08-05,525.9054565429688,-30.405742049931327,2021-08-05,80.568359375,354.27262369397107,INR,3.8486937414854765,3.779142464473466,3.698949940008788,4.101396715741999,4.259608880486439,6.280570699477437,1.0860612001779373,1.8403983884132558,4.048278671117478,-6.1613882238359725,-9.646780972858638,-38.720636616578496,254.37171872588002
NYKAA.NS,FSN E COMMERCE VENTURES,US,NSI,960404717568.0,2026-08-05,335.3500061035156,2026-07-03,310.29998779296875,8.072838961005747,2026-05-05,270.0,24.203705964265044,2026-02-05,258.2900085449219,29.834680014419312,2025-08-05,211.38999938964844,58.64043099095508,2024-08-05,189.6999969482422,76.77913099545945,,,,INR,3.526391993709609,3.2482926890168073,2.834366038441658,2.865908650703261,2.405075227752036,2.2654722967810557,,8.561399212365206,24.415546400225317,23.04621059168348,46.622939399930544,55.658137983861366,
MAZDOCK.NS,MAZAGON DOCK SHIPBUIL LTD,US,NSI,960246120448.0,2026-08-05,2380.5,2026-07-03,2543.60009765625,-6.412175318224566,2026-05-05,2633.39990234375,-9.60355098816047,2026-02-05,2390.951171875,-0.4371135637539658,2025-08-05,2830.18603515625,-15.888921419662916,2024-08-05,2361.586181640625,0.8008946913059756,2021-08-05,114.6470184326172,1976.3732302372248,INR,25.032282654661685,26.626999439367864,27.644515736439644,26.529278795907885,32.20024761217428,28.20299502918556,1.5454414040654572,-5.989096850125741,-9.449371827246878,-5.642807528854155,-22.26058955771051,-11.24246687716215,1519.7497096176828
3088.T,MATSUKIYOCOCOKARA & CO,US,JPX,957536403456.0,2026-08-05,2417.0,2026-07-03,2405.0,0.498960498960499,2026-05-01,2318.5,4.248436489109331,2026-02-05,2571.350830078125,-6.002713759344747,2025-08-05,3161.552978515625,-23.55022938332031,2024-08-05,1996.07421875,21.08768187555652,2021-08-05,1462.323974609375,65.28485082422615,JPY,15.327346350532025,14.896344095468521,14.769585805246606,16.386692845221887,21.537491734999662,13.710807775878493,13.351020812009438,2.8933425027058535,3.776412911236049,-6.464675360036121,-28.83411615836302,11.790250443868944,14.80280471696107
JPM,JP Morgan Chase & Co.,US,NYQ,954931740672.0,2026-08-05,359.239990234375,2026-07-02,332.9700012207031,7.889596335214377,2026-05-05,308.0124206542969,16.631657084236306,2026-02-05,307.1968688964844,16.94129289951438,2025-08-05,285.9005432128906,25.652083832129517,2024-08-05,187.04122924804688,92.06460077203874,2021-08-05,135.14051818847656,165.82700366247926,USD,359.239990234375,332.9700012207031,308.0124206542969,307.1968688964844,285.9005432128906,187.04122924804688,135.14051818847656,7.889596335214377,16.631657084236306,16.94129289951438,25.652083832129513,92.06460077203874,165.82700366247926
241710.KQ,COSMECCA KOREA,US,KOE,952656003072.0,2026-08-05,86600.0,2026-07-03,82200.0,5.352798053527974,2026-05-04,79400.0,9.068010075566749,2026-02-05,99200.0,-12.701612903225811,2025-08-05,65425.4453125,32.36440285023854,2024-08-05,67486.0703125,28.32277772137468,2021-08-05,15879.0751953125,445.3718112347267,KRW,60.626001411583275,53.30290017882362,53.95011343061924,67.94008556753397,47.286730141287535,49.72558044826155,13.879581994634691,13.73865438501789,12.374187108150082,-10.765491528091076,28.20933321132475,21.92115379057944,336.7999082034238
031330.KQ,SAMT,US,KOE,947162578944.0,2026-08-05,10070.0,2026-07-03,11080.0,-9.115523465703967,2026-05-04,7390.0,36.26522327469552,2026-02-05,4570.0,120.35010940919038,2025-08-05,2806.857666015625,258.7641839457613,2024-08-05,2680.77392578125,275.63779262234243,2021-08-05,4043.880615234375,149.01823169713836,KRW,7.049697854672559,7.184867809992284,5.021301489323378,3.129901119391434,2.028677380244389,1.9752674721281949,3.5346751548999578,-1.8813144360392942,40.395829042770906,125.23707892865556,247.5021668464259,256.89839245300107,99.4440095831688
9005.T,TOKYU CORP,US,JPX,943080210432.0,2026-08-05,1668.0,2026-07-03,1670.0,-0.1197604790419193,2026-05-01,1664.0,0.2403846153846256,2026-02-05,1792.6820068359375,-6.955054290749518,2025-08-05,1719.8189697265625,-3.0130479218287265,2024-08-05,1535.3697509765625,8.638326301470943,2021-08-05,1387.0513916015625,20.25509725880015,JPY,10.577581180259585,10.34382313489914,10.600211679935455,11.424395718994106,11.715946908968874,10.54628095628675,12.663781978645261,2.259880532680092,-0.21349101658701963,-7.412335492954025,-9.716378347855425,0.2967892103630687,-16.473758012445284
AGL.JO,Anglo American plc,US,JNB,942909423616.0,2026-08-04,86200.0,2026-07-03,81651.0,5.571272856425513,2026-05-04,80400.0,7.213930348258701,2026-02-04,79966.15625,7.795602592815642,2025-08-04,49323.0390625,74.76619778187457,2024-08-02,51279.76171875,68.09750496262879,2021-08-04,67140.3125,28.387844486127456,ZAR,5216.970174759626,5020.567845538259,4850.032094120979,5019.266631182283,2738.328123464802,2804.9010612948623,4693.945142340381,3.9119544892896707,7.56568355668068,3.9388930316852644,90.51661961381761,85.99480198247171,11.142546760963379
AUROPHARMA.BO,AUROBINDO PHARMA LTD.,US,BSE,938493345792.0,2026-07-17,1534.050048828125,,,,,,,,,,,,,,,,,,,INR,15.87185912513928,,,,,,,,,,,,
458870.KQ,SEERS,US,KOE,936269578240.0,2026-08-05,28350.0,2026-07-03,36250.0,-21.793103448275865,2026-05-04,48800.0,-41.90573770491803,2026-02-05,55866.66796875,-49.25417779371043,2025-08-05,11566.6669921875,145.10085765543786,2024-08-05,3060.0,826.4705882352941,,,,KRW,19.84696466533933,23.506449288106523,33.158256113529205,38.261957683164155,8.359895115443862,2.2546916047576815,,-15.568002542258785,-40.144727161205005,-48.128726633158415,137.4068620630723,780.251854553401,
2899.HK,ZIJIN MINING,US,HKG,935993147392.0,2026-08-05,35.20000076293945,2026-07-03,30.27512550354004,16.267068021975838,2026-05-05,34.50176239013672,2.0237759593473514,2026-02-05,38.54478454589844,-8.677655932869666,2025-08-05,21.22206115722656,65.86513676572412,2024-08-05,14.395340919494627,144.523564671334,2021-08-05,9.80051040649414,259.16497511818136,HKD,4.488536598217195,3.8602394845453603,4.404639670245274,4.933921621328409,2.703709162677114,1.8443813471719464,1.2604267029971084,16.276117484090037,1.9047398709744812,-9.026998345208792,66.01403213697769,143.36271916323722,256.1124647346901
3288.T,OPEN HOUSE GROUP CO LTD,US,JPX,932306944000.0,2026-08-05,8336.0,2026-07-03,8549.0,-2.4915194759621007,2026-05-01,9022.0,-7.603635557526045,2026-02-05,9214.66015625,-9.5354591634509,2025-08-05,6765.0087890625,23.22230849836353,2024-08-05,4278.1015625,94.85278407295876,2021-08-05,4818.3125,73.00662835795728,JPY,52.86253999918699,52.95170298218727,57.47302270215005,58.72314422726413,46.08536433573909,29.3857951864411,43.99120275891619,-0.16838548711128887,-8.021994470095228,-9.980058638202415,14.705700521482523,79.89147363137647,20.166162059464842
9401.T,TBS HOLDINGS INC,US,JPX,931443834880.0,2026-08-05,5871.0,2026-07-03,6380.0,-7.978056426332292,2026-05-01,5570.0,5.403949730700175,2026-02-05,5992.22705078125,-2.023071718643321,2025-08-05,5164.72802734375,13.674911223147014,2024-08-05,3105.42578125,89.05620077762082,2021-08-05,1531.437255859375,283.36536332371344,JPY,37.23080282332376,39.517120718955994,35.48267972189933,38.18723722620098,35.18374923916758,21.330818037236895,13.982025208009645,-5.785638867498544,4.92669413676079,-2.504591775550058,5.8181792117746545,74.5399672826916,166.27618152194418
003470.KS,Yuanta Securities,US,KSC,930876358656.0,2026-08-05,4590.0,2026-07-03,4660.0,-1.5021459227467782,2026-05-04,6030.0,-23.88059701492537,2026-02-05,4239.85986328125,8.258295038265118,2025-08-05,3436.81982421875,33.553698906616034,2024-08-05,2401.924560546875,91.0967594650408,2021-08-05,3399.72265625,35.01101307666412,KRW,3.2133180886739865,3.021794584346935,4.097218941897154,2.90379477727501,2.483987243736948,1.769803641152393,2.9716295682237615,6.3380715988821335,-21.57319063876755,10.659269512477065,29.36129590745491,81.56353699112411,8.133198129223418
3289.T,TOKYU FUDOSAN HOLDINGS CORPORAT,US,JPX,927979929600.0,2026-08-05,1285.0,2026-07-03,1333.5,-3.637045369328829,2026-05-01,1334.5,-3.709254402397899,2026-02-05,1465.480224609375,-12.315432278008542,2025-08-05,1074.286865234375,19.614233552008866,2024-08-05,769.1298828125,67.07191187281691,2021-08-05,528.1552124023438,143.29969104254508,JPY,8.14879605313763,8.259573742747307,8.501191398361698,9.339205693176837,7.318379492051804,5.28306606982278,4.822058145246899,-1.3412034695731156,-4.145246574403439,-12.746369221837694,11.3470005482458,54.24369003605855,68.98999986488954
451800.KS,Hanwha REIT,US,KSC,926735990784.0,2026-08-05,5130.0,2026-07-03,4650.0,10.322580645161295,2026-05-04,5670.0,-9.523809523809524,2026-02-05,4540.04931640625,12.99436729600847,2025-08-05,3786.317138671875,35.48785830970957,2024-08-05,4303.16455078125,19.214590552170165,,,,KRW,3.591355510870926,3.015310046612285,3.8526088558137417,3.1093884983615396,2.736589042849076,3.1706892112867138,,19.104020991334902,-6.781206053362354,15.500379343506099,31.23473983992675,13.267345726814384,
2885.TW,YUANTA FINANCIAL HOLDING CO. LT,US,TAI,925181804544.0,2026-08-05,69.4000015258789,2026-07-03,65.27694702148438,6.316248986089268,2026-05-05,53.81462860107422,28.96121989494429,2026-02-05,41.52663040161133,67.1216779562881,2025-08-05,30.556129455566406,127.12301185527384,2024-08-05,25.9052734375,167.89912753986505,2021-08-05,19.172760009765625,261.9718887136233,TWD,2.1422993162419175,2.044318960678879,1.7031024493582265,1.3117635928771705,1.0224878460065554,0.7949108941957093,0.6917902322254577,4.792811564517363,25.788047398392955,63.31443621964554,109.51831599846544,169.50181861697789,209.67469854991134
3064.T,MONOTARO CO.LTD,US,JPX,921581715456.0,2026-08-05,1903.5,2026-07-03,1922.5,-0.9882964889466828,2026-05-01,1787.25244140625,6.50426072448298,2026-02-05,2192.11865234375,-13.166196639728756,2025-08-05,2523.91748046875,-24.58152793305762,2024-08-05,2105.073974609375,-9.575624279274075,2021-08-05,2345.98876953125,-18.86150416737345,JPY,12.07099866704084,11.907784417271614,11.385369113213756,13.969923752157683,17.193718481016504,14.459514755893224,21.418882156478958,1.3706517018606146,6.0220230631903515,-13.592952394056912,-29.794135687586333,-16.51864622828303,-43.64319025216026
PAYTM.BO,One 97 Communications Limited,US,BSE,916948582400.0,2026-08-04,1408.0,2026-07-03,1223.5,15.079689415610954,2026-05-04,1114.75,26.306346714509974,2026-02-04,1206.8499755859375,16.667359529621905,2025-08-04,1078.300048828125,30.57590060671762,2024-08-02,526.75,167.29947793070718,,,,INR,14.76949942111969,12.807883536443114,11.746204221155494,13.346729408056603,12.359405076723078,6.290010484866798,,15.315691145184607,25.738486604200972,10.660064871055575,19.500083777783384,134.80882037722805,
1088.HK,CHINA SHENHUA,US,HKG,913992712192.0,2026-08-05,42.13999938964844,2026-07-03,40.0,5.349998474121098,2026-05-05,46.426979064941406,-9.233811377855105,2026-02-05,41.03120040893555,2.7023313226571366,2025-08-05,33.549049377441406,25.60713394753784,2024-08-05,27.08248710632324,55.59870562925351,2021-08-05,9.670024871826172,335.77963808991063,HKD,5.373492199137445,5.1002126932144165,5.927062839478253,5.252195056522851,4.274178249175748,3.4699028201744677,1.2436451839303686,5.358198223509647,-9.339712692999525,2.3094561665974567,25.719890137330935,54.860019937597684,332.075986669708
6113.T,AMADA CO LTD,US,JPX,913899847680.0,2026-08-05,2948.5,2026-07-03,3075.0,-4.113821138211382,2026-05-01,2630.0,12.110266159695817,2026-02-05,2204.072021484375,33.77512037988104,2025-08-05,1674.96875,76.0331349465475,2024-08-05,1218.712646484375,141.9356202223345,2021-08-05,947.581787109375,211.16047607821616,JPY,18.697840593522415,19.04626116156578,16.75394033547491,14.046100128512762,11.410413127552602,8.371199163347455,8.651423610939446,-1.8293383939649965,11.602645223293994,33.11766556160944,63.86646464511385,123.35916549912267,116.12443725307355
6806.T,HIROSE ELECTRIC CO,US,JPX,911948513280.0,2026-08-05,27545.0,2026-07-03,29265.0,-5.877327866051596,2026-05-01,21620.0,27.40518038852915,2026-02-05,19489.6171875,41.331662571938345,2025-08-05,18180.341796875,51.50980277353576,2024-08-05,14877.4677734375,85.14575477138213,2021-08-05,15179.7275390625,81.45911992898114,JPY,174.67594341142103,181.26466110348701,137.72630800493062,124.20334354484658,123.85019762455613,102.1916414316338,138.5909427825618,-3.634860569046261,26.82830603806472,40.63707016739861,41.03808210378466,70.92977562972136,26.037055455690016
008355.KS,NamsunAlum(1P),US,KSC,910884339712.0,2026-08-05,7040.0,2026-07-03,6950.0,1.2949640287769792,2026-05-04,13760.0,-48.837209302325576,2026-02-05,14800.0,-52.43243243243243,2025-08-05,12870.0,-45.299145299145295,2024-08-05,16400.0,-57.07317073170732,2021-08-05,47200.0,-85.08474576271186,KRW,4.928487874567509,4.506753725581802,9.349541068077087,10.136222443543375,9.301888798945583,12.083968077786267,41.25657584518194,9.357825491812566,-47.28631235820491,-51.37746924933673,-47.01626754421986,-59.214656619066574,-88.05405496311185
499790.KS,GS P&L,US,KSC,908114067456.0,2026-08-05,44500.0,2026-07-03,37500.0,18.666666666666675,2026-05-04,55200.0,-19.38405797101449,2026-02-05,60800.0,-26.809210526315784,2025-08-05,39965.7578125,11.345317681132116,,,,,,,KRW,31.15308386622928,24.317016504937783,37.5068798661232,41.64069760590792,28.885550500191584,,,28.11227832947094,-16.94034807100221,-25.185970319072347,7.850061109351736,,
IDBI.BO,IDBI BANK LTD.,US,BSE,907502813184.0,2026-07-17,87.0199966430664,,,,,,,,,,,,,,,,,,,INR,0.9003416341233006,,,,,,,,,,,,
4182.T,MITSUBISHI GAS CHEMICAL CO INC,US,JPX,906855579648.0,2026-08-05,4691.0,2026-07-03,4973.0,-5.670621355318717,2026-05-01,4368.0,7.394688644688641,2026-02-05,3182.517822265625,47.39901744400888,2025-08-05,2497.095947265625,87.8582200710689,2024-08-05,2034.0960693359373,130.61840936212272,2021-08-05,1930.02392578125,143.0539817324358,JPY,29.74786170059815,30.80229488015175,27.82555565983057,20.281535066269726,17.01100177387673,13.971975562010924,17.621122301345622,-3.4232292874809445,6.908419239737418,46.67460625340878,74.87424959464191,112.91091992374396,68.81933620270304
9143.T,SG HOLDINGS CO LTD,US,JPX,905840951296.0,2026-08-05,1509.5,2026-07-03,1578.0,-4.340937896070973,2026-05-01,1457.0,3.6032944406314327,2026-02-05,1495.982177734375,0.9036085099688452,2025-08-05,1651.78662109375,-8.61410422367589,2024-08-05,1334.4471435546875,13.118006006518046,2021-08-05,2668.25537109375,-43.4274538954179,JPY,9.572457309113815,9.773983776569366,9.281555539462715,9.533588400970757,11.252489185391596,9.16616631810723,24.36117687309661,-2.06186619563109,3.1341919833832055,0.4077049113962339,-14.930313183138722,4.432507298105448,-60.7060965938587
280360.KS,LOTTE WELLFOOD,US,KSC,905345761280.0,2026-08-05,101800.0,2026-07-03,102000.0,-0.1960784313725483,2026-05-04,121200.0,-16.006600660066006,2026-02-05,117758.0078125,-13.551526651086954,2025-08-05,113677.28125,-10.448245348056297,2024-08-05,140247.671875,-27.41412485568221,2021-08-05,124099.0546875,-17.96875467234812,KRW,71.26705477712676,66.14228489343077,82.35206231474876,80.65009200648774,82.16110560636844,103.33831645861846,108.47250131419969,7.748099255949614,-13.460509944796783,-11.634254835823599,-13.259377108962934,-31.035208217597155,-34.299427123289284
ASML.NE,ASML CDR (CAD HEDGED),US,NEO,905165275136.0,2026-07-17,49.7400016784668,,,,,,,,,,,,,,,,,,,CAD,35.43492342121999,,,,,,,,,,,,
4324.T,DENTSU GROUP INC,US,JPX,902841303040.0,2026-08-05,3463.0,2026-07-03,3243.0,6.783842121492456,2026-05-01,2967.0,16.717222783956863,2026-02-05,2794.5,23.921989622472715,2025-08-05,3037.0,14.02700032927231,2024-08-05,3493.122314453125,-0.8623320840639104,2021-08-05,3462.74951171875,0.0072337973163305,JPY,21.960529752541333,20.086837381124496,18.900738013442606,17.808776857797056,20.688997731078416,23.993861621583846,31.614909965544484,9.32796107154996,16.18874213759558,23.312959266635723,6.145933398952708,-8.474383578229084,-30.537427509757197
2059.TW,KING SLIDE WORKS CO,US,TAI,902462570496.0,2026-08-05,9470.0,2026-07-03,8000.0,18.375000000000007,2026-05-05,4140.0,128.743961352657,2026-02-05,3020.0,213.57615894039736,2025-08-05,2695.15478515625,251.37128495018823,2024-08-05,937.8148193359376,909.794237065444,2021-08-05,333.1853332519531,2742.2619650063743,TWD,292.3281567543745,250.54100155830383,131.0209570080042,95.39724297821522,90.18691372334979,28.777122095502595,12.021970699423719,16.678769118094362,123.11557130247182,206.43250017312363,224.13589143442377,915.8352728400896,2331.6159476947273
BRK.SW,BERKSHIRE HATH-B,US,EBS,901349179392.0,2026-08-04,416.5499877929688,2026-07-03,408.0,2.095585243374698,2026-05-04,374.1000061035156,11.347228280372423,2026-02-04,386.989990234375,7.638439831658483,,,,,,,,,,CHF,514.0244094119045,507.2040309906006,478.92158083272807,498.85271577123785,,,,1.344701146791616,7.329556650619318,3.041317238738661,,,
2887.TW,TS FINANCIAL HOLDING CO LTD,US,TAI,896603324416.0,2026-08-05,35.70000076293945,2026-07-03,32.84033203125,8.707794820613458,2026-05-05,22.791093826293945,56.64013774429984,2026-02-05,22.21410369873047,60.708715720003134,2025-08-05,15.14074993133545,135.78753314625698,2024-08-05,15.89271640777588,124.6312074471574,2021-08-05,11.457158088684082,211.59560238764055,TWD,1.102018523670523,1.0284812098270777,0.7212828319759055,0.701710015924192,0.5066490115093707,0.48767265249616015,0.41339640462705773,7.15008822142793,52.78590794288254,57.04756931808961,117.51123531998458,125.97505068816632,166.5767073288168
1773.T,YTL CORP,US,JPX,895966642176.0,2026-08-05,77.0,2026-07-03,80.0,-3.749999999999998,2026-05-01,77.0,0.0,2026-02-05,83.0,-7.2289156626506035,2025-08-05,86.95420837402344,-11.447644179803884,2024-08-05,91.89246368408205,-16.206403753936748,2021-08-05,15.914615631103516,383.83198051928593,JPY,0.48829361563548446,0.4955124855041504,0.4905146029777825,0.5289420215412974,0.5923593743028945,0.6311989272690185,0.1453004725322593,-1.4568492378796871,-0.45278720119952265,-7.684850938363064,-17.568010768779953,-22.640296974495243,236.05783045686556
4732.T,USS CO LTD,US,JPX,895367905280.0,2026-08-05,1944.5,2026-07-03,1927.0,0.9081473793461248,2026-05-01,1696.5,14.618331859711176,2026-02-05,1699.628662109375,14.40734340092382,2025-08-05,1644.8994140625,18.213915293310222,2024-08-05,1084.3602294921875,79.32232731466196,2021-08-05,811.0529174804688,139.7500777187977,JPY,12.330999163677916,11.935656994581223,10.807247064309195,10.831385788020043,11.205571368255278,7.448347624912117,7.404914758246548,3.312278237186095,14.099354722822,13.845073982283097,10.043466401105693,65.55348628513306,66.5245254841778
101490.KQ,S&S TECH,US,KOE,894333943808.0,2026-08-05,44150.0,2026-07-03,49750.0,-11.256281407035171,2026-05-04,100000.0,-55.85,2026-02-05,86800.0,-49.13594470046083,2025-08-05,50095.94140625,-11.869108034185338,2024-08-05,23859.361328125,85.0426731580478,2021-08-05,32528.158203125,35.72855777539377,KRW,30.908059611101635,32.260575229884125,67.94724613428116,59.447574871592224,36.20721649102029,17.58022930764821,28.432212415493723,-4.192472109206557,-54.51168168019732,-48.00787134233217,-14.635637294109294,75.81147020451664,8.707894972882002
WMT,Walmart Inc.,US,NMS,894010589184.0,2026-08-05,112.33999633789062,2026-07-02,111.83999633789062,0.4470672535515918,2026-05-05,130.54086303710938,-13.94265847165781,2026-02-05,126.438720703125,-11.15063825925432,2025-08-05,98.486572265625,14.066307470730122,2024-08-05,66.34823608398438,69.31873847511083,2021-08-05,45.49810409545898,146.91137921305804,USD,112.33999633789062,111.83999633789062,130.54086303710938,126.438720703125,98.486572265625,66.34823608398438,45.49810409545898,0.4470672535515918,-13.94265847165781,-11.15063825925432,14.066307470730122,69.31873847511083,146.91137921305807
UMCN.MX,UNITED MICRO ELECTRONICS,US,MEX,893618028544.0,2026-08-04,327.6000061035156,2026-07-03,474.587890625,-30.97168879043908,2026-05-04,177.84556579589844,84.20476475611454,2026-02-04,182.8412322998047,79.17184323410709,2025-08-04,138.78948974609375,136.04093271243977,2024-08-02,134.5616455078125,143.45719381418797,2021-08-04,208.83189392089844,56.872592568453314,MXN,18.907127611930377,27.156085658636584,10.1937094291971,10.606624788151976,7.355809779688798,7.110709808643151,10.513824494769665,-30.37609378022694,85.47838491232709,78.25772090147278,157.03665780126087,165.89648742167125,79.83111303918137
476830.KQ,Rznomics,US,KOE,893565665280.0,2026-08-05,32000.0,2026-07-03,41700.0,-23.26139088729017,2026-05-04,87250.0,-63.32378223495703,2026-02-05,69700.0,-54.08895265423242,,,,,,,,,,KRW,22.402217611670494,27.040522353490815,59.28397225216031,47.73612866993062,,,,-17.1531625062026,-62.21201656936179,-53.07072811335487,,,
RICO.L,RICOH CO LTD RICOH ORD SHS,US,LSE,892121907200.0,2026-08-04,1579.5,2026-07-03,1422.5,11.036906854130056,2026-05-01,1316.5,19.97721230535512,2026-02-04,1312.62548828125,20.33135224794356,2025-08-04,1317.1324462890625,19.91960295641806,2024-08-02,1266.9210205078125,24.672333510331868,2021-08-04,1056.401123046875,49.51706937270208,GBP,2120.794657230377,1897.430659532547,1790.7910914421082,1797.969418525463,1750.4584961273504,1612.6589154774992,1470.2867901992577,11.771918861733699,18.427809216010793,17.95499052312397,21.15652338643532,31.50918876124662,44.24360412997799
185750.KS,CHONGKUNDANG,US,KSC,890702200832.0,2026-08-05,67500.0,2026-07-03,69000.0,-2.1739130434782594,2026-05-04,86100.0,-21.602787456445995,2026-02-05,88500.0,-23.72881355932204,2025-08-05,82713.453125,-18.3929609395086,2024-08-05,99127.5390625,-31.90590562584108,2021-08-05,102796.609375,-34.33635563429789,KRW,47.25467777461745,44.74331036908552,58.50257892161608,60.611870692810044,59.78176714417623,73.03987912565617,89.85245998532264,5.612833258906802,-19.22633387165544,-22.037255681958456,-20.954699012739265,-35.30290802737836,-47.408587608690425
XOM.NE,EXXON MOBIL CDR (CAD HEDGED),US,NEO,884446593024.0,2026-08-05,27.3799991607666,,,,,,,,,,,,,,,,,,,CAD,19.46606872020311,,,,,,,,,,,,
FEDERALBNK.NS,FEDERAL BANK LTD,US,NSI,879662596096.0,2026-08-05,356.45001220703125,2026-07-03,327.3999938964844,8.872944059898714,2026-05-05,292.6000061035156,21.82160108394764,2026-02-05,287.6000061035156,23.939500918763716,2025-08-05,194.8603973388672,82.92583668869136,2024-08-05,190.5582275390625,87.0556925357435,2021-08-05,82.82261657714844,330.3776274382754,INR,3.7482703036437783,3.4272995436521114,3.071613037583802,3.1911236136376715,2.2170108134858992,2.2757216255055255,1.1164485793112249,9.365121312088242,22.02937862876926,17.459263803666826,69.06865229719901,64.70688952613625,235.73156642433224
195870.KS,HAESUNG DS,US,KSC,878900019200.0,2026-08-05,52200.0,2026-07-03,60700.0,-14.003294892915983,2026-05-04,79500.0,-34.33962264150944,2026-02-05,61700.0,-15.397082658022686,2025-08-05,23115.455078125,125.82293891068046,2024-08-05,26693.732421875,95.5515218891724,2021-08-05,41578.1640625,25.54666897156241,KRW,36.54361747903749,39.36114404932596,54.01806067675352,42.25708951125853,16.706868117617773,19.668671369689378,36.34264150737181,-7.158141965481601,-32.349260559878054,-13.5207419590476,118.73409918464262,85.79606518492875,0.5530032032066812
MEESHO.NS,MEESHO LIMITED,US,NSI,877322305536.0,2026-08-04,191.8800048828125,2026-07-03,186.67999267578125,2.785521968635618,2026-05-04,217.0399932861328,-11.592328225955503,2026-02-04,148.08999633789062,29.56986266986468,,,,,,,,,,INR,2.0127639353985387,1.9542097300984551,2.2869666609527997,1.6377488081750187,,,,2.9963112146173643,-11.989799861796946,22.898207915132485,,,
065350.KQ,SSDELTATECH,US,KOE,871241154560.0,2026-08-05,31850.0,2026-07-03,29600.0,7.60135135135136,2026-05-04,58000.0,-45.08620689655173,2026-02-05,69300.0,-54.04040404040404,2025-08-05,65562.6484375,-51.42051036824392,2024-08-05,41123.171875,-22.54974860204652,2021-08-05,15599.41015625,104.17438660165683,KRW,22.29720721661579,19.194231694564223,39.40940275788307,47.46217671199702,47.385894726494826,30.300676597245,13.635132378208255,16.166187693411672,-43.421605870046655,-53.021102778499994,-52.94547597906012,-26.41350055317545,63.52761820084205
079160.KS,CJ CGV,US,KSC,870963281920.0,2026-08-05,5140.0,2026-07-03,4425.0,16.158192090395485,2026-05-04,4965.0,3.5246727089627283,2026-02-05,5940.0,-13.468013468013474,2025-08-05,4975.0,3.316582914572863,2024-08-05,5380.0,-4.460966542750933,2021-08-05,21106.431640625,-75.64723356596816,KRW,3.598356203874573,2.8694079475826584,3.3735807705670595,4.06818657531403,3.5957184751168825,3.9641309913713485,18.448709699207484,25.40413456741204,6.6628146350778295,-11.54888948039926,0.07335748824452981,-9.22711152312955,-80.49535028442043
DIXON.BO,Dixon Technologies (India) Lim,US,BSE,870683115520.0,2026-08-04,13918.599609375,2026-07-03,12455.099609375,11.750207111137168,2026-05-04,11407.9501953125,22.00789248794337,2026-02-04,11681.400390625,19.15180666648051,2025-08-04,16991.388671875,-18.084390404100603,2024-08-02,11643.1533203125,19.54321330710973,2021-08-04,4225.58837890625,229.38843922553775,INR,146.00195232490114,130.38288944149826,120.20642542176392,129.18630589949134,194.7541926201102,139.03285517167023,56.937579604223174,11.979380845376198,21.459357777780497,13.01658585894745,-25.032703860864114,5.012554151050019,156.42458520325283
034230.KS,PARADISE,US,KSC,870571442176.0,2026-08-05,9780.0,2026-07-03,12820.0,-23.712948517940717,2026-05-04,15850.0,-38.296529968454266,2026-02-05,20750.0,-52.86746987951807,2025-08-05,18149.951171875,-46.115557516457685,2024-08-05,10212.9052734375,-4.23880631267023,2021-08-05,16215.107421875,-39.68587598250329,KRW,6.846677757566795,8.313177375821397,10.769638512283564,14.211257817805745,13.118013015312613,7.525147640589864,14.17330104212624,-17.640663153896707,-36.42611356214365,-51.82215504535868,-47.807051650469546,-9.01603417537582,-51.69313248045091
347700.KQ,Sphere,US,KOE,867969728512.0,2026-08-05,19250.0,2026-07-03,24900.0,-22.69076305220884,2026-05-04,41450.0,-53.55850422195416,2026-02-05,28750.0,-33.04347826086956,2025-08-05,13610.0,41.44011756061718,2024-08-05,2445.0,687.321063394683,2021-08-05,14030.25,37.20354234600238,KRW,13.476334032020532,16.146498959278688,28.16413352265954,19.69029697647784,9.836729335947894,1.8015428018406965,12.263560873980168,-16.53711392167606,-52.15072382334041,-31.558502910751162,37.00015088116599,648.0440663553101,9.889241554739026
204270.KQ,JNTC,US,KOE,867963371520.0,2026-08-05,15190.0,2026-07-03,16590.0,-8.43881856540084,2026-05-04,19100.0,-20.47120418848167,2026-02-05,21850.0,-30.48054919908467,2025-08-05,16790.0,-9.529481834425258,2024-08-05,18130.0,-16.216216216216218,2021-08-05,9920.0,53.125,KRW,10.634052672539838,10.757848101784475,12.977924011647701,14.964625702123158,12.135098130092956,13.358679344528355,8.670873567461967,-1.1507452798492523,-18.060448936241546,-28.938732687239245,-12.369454630373234,-20.395928382729767,22.64107635526864
PERSISTENT.BO,PERSISTENT SYSTEMS LTD.,US,BSE,866391490560.0,2026-07-17,5185.14990234375,,,,,,,,,,,,,,,,,,,INR,53.64751225398277,,,,,,,,,,,,
9501.T,TOKYO ELEC POWER CO HLDGS INC,US,JPX,865779712000.0,2026-08-05,526.0,2026-07-03,465.0,13.118279569892463,2026-05-01,612.7000122070312,-14.150483185845818,2026-02-05,592.0999755859375,-11.163651125052908,2025-08-05,618.5,-14.955537590945834,2024-08-05,575.2000122070312,-8.553548533187916,2021-08-05,286.0,83.91608391608392,JPY,3.335616127587855,2.880166321992874,3.903094847171616,3.773332024590104,4.213416232028976,3.9509837489871984,2.6111805718392134,15.813316130987932,-14.539198810271936,-11.600248643632105,-20.833453333387276,-15.57504815242755,27.74360239814351
8952.T,JAPAN REAL ESTATE INVESTMENT CO,US,JPX,863832571904.0,2026-08-05,118900.0,2026-07-03,119200.0,-0.2516778523489971,2026-05-01,118700.0,0.1684919966301601,2026-02-05,125931.1875,-5.583356783640269,2025-08-05,118387.28125,0.4330860077082832,2024-08-05,92274.6171875,28.85450368046265,2021-08-05,114168.265625,4.144526807950277,JPY,754.0014402475208,738.3136034011841,756.1569269280881,802.5336974860984,806.4913378892961,633.8238964094562,1042.3564934285969,2.124820235475511,-0.28505811476514653,-6.047379367446226,-6.50842670910129,18.960715195318034,-27.663765228016867
9508.T,KYUSHU ELECTRIC POWER CO INC,US,JPX,862347329536.0,2026-08-05,1792.5,2026-07-03,1703.5,5.224537716466093,2026-05-01,1708.5,4.916593503072875,2026-02-05,1709.0115966796875,4.88518647167262,2025-08-05,1322.0595703125,35.5839056160155,2024-08-05,1229.0506591796875,45.84427310721095,2021-08-05,733.6461791992188,144.3275860792364,JPY,11.367094883462414,10.551318988204002,10.883690898539498,10.891181310665957,9.006284968898854,8.442209801889135,6.698191082968776,7.731506327980608,4.44154459575643,4.369714902555022,26.212916010497977,34.645965336217664,69.70395055412905
4704.T,TREND MICRO INC,US,JPX,860746743808.0,2026-08-05,6467.0,2026-07-03,6267.0,3.191319610659016,2026-05-01,5304.0,21.92684766214179,2026-02-05,5713.0,13.197969543147202,2025-08-05,8948.4482421875,-27.7304866165365,2024-08-05,5993.16845703125,7.906194300493019,2021-08-05,4630.22900390625,39.66911775949256,JPY,41.01032223785296,38.81720933318138,33.788174729794264,36.40778035018593,60.95963957171216,41.16639547314617,42.274000063519,5.6498469167305165,21.374778501101567,12.641643745918518,-32.72545158406173,-0.37912776549751115,-2.9892553904700137
JNJ.NE,JOHNSON & JOHNSON CDR (CAD HEDG,US,NEO,857914933248.0,2026-08-05,33.04999923706055,,,,,,,,,,,,,,,,,,,CAD,23.497208768112614,,,,,,,,,,,,
6845.T,AZBIL CORP,US,JPX,857409257472.0,2026-08-05,1714.0,2026-07-03,1729.0,-0.8675534991324452,2026-05-01,1417.0,20.95977417078334,2026-02-05,1367.4090576171875,25.3465442876891,2025-08-05,1420.4327392578125,20.66745243393775,2024-08-05,794.7279663085938,115.67128283673009,2021-08-05,1033.94775390625,65.77239938135324,JPY,10.86928905453533,10.70926359295845,9.026742758695036,8.714218207348381,9.676433888592157,5.458896406665474,9.439945060478294,1.494271386522783,20.4120837947382,24.7305127770344,12.327425368445555,99.11147317731852,15.141443990401937
CRWV.MX,COREWEAVE INC,US,MEX,856119902208.0,2026-08-05,1569.219970703125,2026-07-03,1429.4000244140625,9.781722673915391,2026-05-05,2225.0,-29.47325974367978,2026-02-05,1300.0,20.709228515625,2025-08-05,2110.0,-25.62938527473341,,,,,,,MXN,90.94291664648608,81.79077104627822,126.99844259768724,75.0387579202652,111.80939666926861,,,11.189704514497677,-28.39052606764625,21.194592190772067,-18.662545943705812,,
6481.T,THK CO LTD,US,JPX,852321304576.0,2026-08-05,7456.0,2026-07-03,7784.0,-4.2137718396711215,2026-05-01,5713.4462890625,30.49917025164561,2026-02-05,4841.66943359375,53.99646965294267,2025-08-05,4152.0966796875,79.57192655160337,2024-08-05,1929.37109375,286.4471704874685,2021-08-05,2687.544189453125,177.42799650550802,JPY,47.282041534781456,48.21336483955383,36.39647841706983,30.854968889635984,28.28538649498614,13.252631563624163,24.537283823284497,-1.9316704151881248,29.908286711074595,53.23963444559894,67.16066985035773,256.77473796646734,92.69468403798413
AXON.MX,AXON ENTERPRISE INC,US,MEX,848739893248.0,2026-08-05,10530.0,2026-07-03,10348.8095703125,1.7508335471480674,2026-05-05,6570.0,60.273972602739725,2026-02-05,7004.5,50.33192947390963,2025-08-05,16000.0,-34.18750000000001,,,,,,,MXN,610.2579180523753,592.162515537897,375.0021428614855,404.3145998865366,847.8437662124634,,,3.0558169488389852,62.73451490056851,50.936404033797665,-28.022361858181167,,
090710.KQ,Hyulim ROBOT,US,KOE,848537124864.0,2026-08-05,7640.0,2026-07-03,7390.0,3.382949932341006,2026-05-04,12510.0,-38.928856914468426,2026-02-05,13360.0,-42.81437125748503,2025-08-05,2465.0,209.9391480730223,2024-08-05,1969.0,288.01422041645503,2021-08-05,1060.0,620.7547169811321,KRW,5.3485294547863305,4.792073385906406,8.500200491398573,9.149995394982398,1.7815971942036413,1.4508129966561683,0.9265247965231538,11.612010586408683,-37.077608225846504,-41.54609675848236,200.20980456118633,268.65739879044463,477.2678156976526
030190.KS,NICE INFO,US,KSC,846312243200.0,2026-08-05,14360.0,2026-07-03,14120.0,1.6997167138810276,2026-05-04,15030.0,-4.457751164337987,2026-02-05,15875.408203125,-9.54563299245873,2025-08-05,15138.3701171875,-5.141703572855372,2024-08-05,8811.8544921875,62.96229145330792,2021-08-05,20624.443359375,-30.37387846168197,KRW,10.052995153237134,9.156167281325907,10.212471093982458,10.872747900603258,10.941370274076064,6.492815145712882,18.027413383913427,9.794795620874218,-1.5615803391531013,-7.539517653312289,-8.119413735076686,54.83261001008155,-44.23495518104767
100090.KS,SKoceanplant,US,KSC,843454742528.0,2026-08-05,13820.0,2026-07-03,15320.0,-9.7911227154047,2026-05-04,23500.0,-41.191489361702125,2026-02-05,17490.0,-20.983419096626644,2025-08-05,22150.0,-37.60722347629797,2024-08-05,10880.0,27.022058823529417,2021-08-05,17150.0,-19.41690962099125,KRW,9.674957731040195,9.934311809483916,15.967602841556072,11.978549360646866,16.009078235947527,8.016681261360645,14.990471943747252,-2.610689934214927,-39.408827818156375,-19.230973302782907,-39.56580392420348,20.68532370960319,-35.45928528904147
ICICIGI.NS,ICICI LOMBARD GIC LIMITED,US,NSI,840920268800.0,2026-08-05,1684.0,2026-07-03,1772.800048828125,-5.009027887088823,2026-05-05,1770.1788330078125,-4.868368743364826,2026-02-05,1867.1107177734373,-9.807169763976308,2025-08-05,1886.8814697265625,-10.7522106174461,2024-08-05,1912.9591064453125,-11.96884479515966,2021-08-05,1394.8583984375,20.72910066616025,INR,17.708197433501482,18.55808464143138,18.5827213564653,20.71690185784723,21.467864580380592,22.845313285425732,18.80268629070997,-4.5796062705334535,-4.706113309176607,-14.52294578113329,-17.51300010675052,-22.486519610135947,-5.820917502353129
HINDPETRO.NS,HINDUSTAN PETROLEUM CORP,US,NSI,840383528960.0,2026-08-05,394.9500122070313,2026-07-03,399.25,-1.0770163539057576,2026-05-05,373.8999938964844,5.629852541900449,2026-02-05,458.8500061035156,-13.926118131524811,2025-08-05,388.126708984375,1.7580091925420538,2024-08-05,364.3167114257813,8.408425916385841,2021-08-05,152.3842010498047,159.18041994258135,INR,4.153119235466705,4.179442175664008,3.925072016569402,5.091262373157576,4.415885026266551,4.350814076263135,2.054138492630898,-0.6298194613284847,5.810013623562038,-18.42653292898436,-5.950467216353317,-4.543858628089847,102.18301980931561
8341.T,77TH BANK,US,JPX,840188100608.0,2026-08-05,3600.0,2026-07-03,3519.0,2.3017902813299296,2026-05-01,3004.0,19.84021304926764,2026-02-05,2953.2802734375,21.89835256677972,2025-08-05,1690.2210693359375,112.9898902168097,2024-08-05,1137.4346923828125,216.50168788665644,2021-08-05,322.8766784667969,1014.9767821865794,JPY,22.82931189984083,21.796355456113815,19.13643983565271,18.820651060362252,11.514316716665178,7.812910100428212,2.947864719973694,4.739124601848399,19.297591902690314,21.299267632250675,98.26892434528018,192.19985391345534,674.4355344788194
036540.KQ,SFASemicon,US,KOE,839500759040.0,2026-08-05,5240.0,2026-07-03,5400.0,-2.9629629629629672,2026-05-04,8620.0,-39.21113689095128,2026-02-05,6950.0,-24.604316546762597,2025-08-05,3140.0,66.87898089171975,2024-08-05,3700.0,41.62162162162162,2021-08-05,7640.0,-31.413612565445025,KRW,3.6683631339110434,3.5016503767110407,5.857052616775036,4.759915269096382,2.2694584948476404,2.7262610907200724,6.677971174940467,4.760976661427563,-37.36844495122722,-22.932175752627582,61.64045926547417,34.556559765966455,-45.06770038665604
9023.T,TOKYO METRO CO LTD,US,JPX,839252770816.0,2026-08-05,1436.0,2026-07-03,1445.0,-0.622837370242213,2026-05-01,1544.0,-6.994818652849744,2026-02-05,1668.3531494140625,-13.927096280284934,2025-08-05,1657.6446533203125,-13.3710595257163,,,,,,,JPY,9.106358857825398,8.950194269418716,9.835773337632418,10.632073343323668,11.292395940559175,,,1.744817863230863,-7.415934210442043,-14.350112496696898,-19.358487731395723,,
WALMEX.MX,WAL-MART DE MEXICO SAB DE CV,US,MEX,839191035904.0,2026-08-05,48.52999877929688,2026-07-03,50.18000030517578,-3.288165635400997,2026-05-05,55.5,-12.558560758023653,2026-02-05,56.470001220703125,-14.060567150289472,2025-08-05,52.80949401855469,-8.103647495191312,2024-08-05,55.4210205078125,-12.433949547255674,2021-08-05,57.972286224365234,-16.287588535881913,MXN,2.812518140373982,2.8713172281812547,3.167826320976019,3.25956827027494,2.7983875187791227,2.8379657937471165,2.9043650330306576,-2.0478088324819788,-11.21615090604352,-13.71501048092022,0.5049558540421328,-0.8966864022534438,-3.1623742750006456
9024.T,SEIBU HOLDINGS INC,US,JPX,839040892928.0,2026-08-05,3251.0,2026-07-03,3402.0,-4.438565549676666,2026-05-01,3836.0,-15.250260688216889,2026-02-05,4381.87939453125,-25.80809038109606,2025-08-05,4436.22802734375,-26.71702220982136,2024-08-05,2192.106201171875,48.30485850831736,2021-08-05,1136.68994140625,186.00587386020524,JPY,20.616136940661818,21.071668446063995,24.436545675620437,27.924821025223082,30.22097846304291,15.057329264740702,10.377981437779908,-2.161819822517508,-15.633996660870608,-26.172715943137824,-31.782033576863856,36.91762050351126,98.65266732517965
085660.KQ,CHA Biotech,US,KOE,838586925056.0,2026-08-05,9110.0,2026-07-03,10460.0,-12.90630975143403,2026-05-04,16900.0,-46.09467455621302,2026-02-05,21550.0,-57.7262180974478,2025-08-05,11190.0,-18.58802502234138,2024-08-05,14060.0,-35.20625889046942,2021-08-05,26950.0,-66.19666048237477,KRW,6.377631326322444,6.782826470443979,11.483084596693516,14.759161733672954,8.087656228453852,10.359792144736275,23.556455911602825,-5.97383916405888,-44.46064319548039,-56.78866156895679,-21.143639811435467,-38.43861694114331,-72.92618486305864
038500.KQ,SAMPYO Cement,US,KOE,838431211520.0,2026-08-05,7870.0,2026-07-03,8420.0,-6.532066508313539,2026-05-04,16290.0,-51.68815224063843,2026-02-05,18440.0,-57.321041214750544,2025-08-05,3387.4921875,132.32525905271922,2024-08-05,2767.806884765625,184.3406468607879,2021-08-05,4951.642578125,58.93715824254973,KRW,5.509545393870212,5.4599807725753635,11.0686063952744,12.629185260739177,2.4483353252076085,2.039395734206394,4.328131728445896,0.9077801435456445,-50.22367588911245,-56.37449859099033,125.0323040779974,170.15577709905253,27.296157777723785
388720.KQ,YUIL,US,KOE,832941064192.0,2026-08-05,73300.0,2026-07-03,70000.0,4.714285714285715,2026-05-04,104000.0,-29.519230769230763,2026-02-05,122500.0,-40.16326530612245,2025-08-05,69200.0,5.924855491329484,2024-08-05,23400.0,213.24786324786325,,,,KRW,51.315079716732726,45.39176414255053,70.6651359796524,83.89778711716644,50.014817784540355,17.241759330499917,,13.04931783567682,-27.38274821758131,-38.83619404041102,2.599753412666206,197.62090244444255,
2628.HK,CHINA LIFE,US,HKG,827025260544.0,2026-08-05,29.26000022888184,2026-07-03,28.399999618530277,3.0281712038842112,2026-05-05,28.37135124206543,3.1322053688399354,2026-02-05,33.32075119018555,-12.186852985774776,2025-08-05,22.02541923522949,32.8465075574166,2024-08-05,9.786995887756348,198.9681467577447,2021-08-05,10.487377166748049,179.0020780568041,HKD,3.731095995584639,3.6211509635428176,3.6220056751358527,4.265219709307075,2.806057684826555,1.2539440893533254,1.3487634497701608,3.036190237544112,3.011876022107418,-12.522771395736843,32.9657624559939,197.54883230151128,176.63086482810942
MU.SW,MICRON TECH,US,EBS,826151075840.0,2026-08-04,722.2999877929688,2026-07-03,826.8499755859375,-12.644372120695856,2026-05-04,451.93798828125,59.82280899641195,2026-02-04,301.2508850097656,139.76692641734613,,,,,,,,,,CHF,891.3211751863928,1027.896178043302,578.5695061606821,388.32999795316573,,,,-13.286848008024766,54.05602364028712,129.5267375388007,,,
8953.T,JAPAN METROPOLITAN FUND INV COR,US,JPX,825734463488.0,2026-08-05,114900.0,2026-07-03,114400.0,0.4370629370629375,2026-05-01,115700.0,-0.691443388072599,2026-02-05,121264.8984375,-5.248755839086005,2025-08-05,105428.90625,8.983393726518907,2024-08-05,78815.7890625,45.78297237991951,2021-08-05,88998.1640625,29.10378681442252,JPY,728.6355381365865,708.5828542709351,737.0459683705121,772.7963918256792,718.2148179770593,541.3767300781255,812.5534158369192,2.829970234925283,-1.1410998221073831,-5.714422861727597,1.450919682899121,34.58937144037164,-10.327675210607335
086450.KQ,DongKook Pharm,US,KOE,825526321152.0,2026-08-05,18320.0,2026-07-03,20100.0,-8.855721393034822,2026-05-04,23750.0,-22.86315789473684,2026-02-05,18030.0,1.6084303937881297,2025-08-05,18020.701171875,1.660861168887906,2024-08-05,15480.609375,18.34159467640466,2021-08-05,24554.98046875,-25.39191785016882,KRW,12.825269582681358,13.033920846646652,16.137470956891775,12.348384503857233,13.024596610707817,11.406535945864562,21.463017247583593,-1.6008326766766778,-20.524909901051668,3.8619228181237863,-1.530389262594034,12.43790089778447,-40.244796736929956
466100.KQ,CLOBOT,US,KOE,824644009984.0,2026-08-05,28400.0,2026-07-03,27796.81640625,2.169973657898372,2026-05-04,50800.0,-44.09448818897638,2026-02-05,68600.0,-58.60058309037901,2025-08-05,18460.0,53.846153846153854,,,,,,,KRW,19.881968130357563,18.024950488946843,34.51720103621483,46.98276078561321,13.342103125760332,,,10.302484007095991,-42.39982520744437,-57.68241840644301,49.016747531881656,,
4005.T,SUMITOMO CHEMICAL COMPANY,US,JPX,824119132160.0,2026-08-05,489.3999938964844,2026-07-03,554.0,-11.660650921212202,2026-05-01,512.9000244140625,-4.581795554489309,2026-02-05,529.0138549804688,-7.488246425123767,2025-08-05,375.6841735839844,30.26899409353978,2024-08-05,339.4017944335937,44.19487519599392,2021-08-05,473.1274719238281,3.4393525927566726,JPY,3.1035180845675114,3.4314239621162415,3.2673370369189456,3.371297082852095,2.559278569272678,2.3313124925692246,4.319654764653507,-9.55597096624874,-5.0138369718329745,-7.9429071868695855,21.265348830295604,33.12321254484751,-28.153561947526274
083450.KQ,GST,US,KOE,819221692416.0,2026-08-05,47600.0,2026-07-03,49450.0,-3.741152679474213,2026-05-04,50100.0,-4.990019960079839,2026-02-05,27600.0,72.46376811594205,2025-08-05,18478.048828125,157.60295604127407,2024-08-05,12730.5390625,273.9040410332192,2021-08-05,28995.7421875,64.16203348821419,KRW,33.32329869735986,32.06603909784462,34.04157031327486,18.902685097418725,13.355148051336869,9.380209002698848,25.3445982361427,3.9208447157408566,-2.109983791302672,76.28870462382275,149.5165053151481,255.25113233374833,31.480871730052208
192400.KS,CUCKOO,US,KSC,818915442688.0,2026-08-05,26250.0,2026-07-03,25700.0,2.140077821011665,2026-05-04,29050.0,-9.638554216867467,2026-02-05,27500.0,-4.545454545454541,2025-08-05,29596.01953125,-11.305640367337189,2024-08-05,18162.357421875,44.52969617470544,2021-08-05,20344.109375,29.029978733094588,KRW,18.376819134573452,16.665261978050694,19.738675002008677,18.834197107935324,21.390744566519743,13.382521177029389,17.782379055770434,10.270208525836555,-6.899429000663105,-2.4284442322692223,-14.089857520264214,37.31955953200055,3.3428602378719363
1911.T,SUMITOMO FORESTRY CO,US,JPX,818889293824.0,2026-08-05,1321.0,2026-07-03,1361.5,-2.9746603011384543,2026-05-01,1355.4000244140625,-2.5379979190227275,2026-02-05,1732.9091796875,-23.769807703470104,2025-08-05,1567.7762451171875,-15.74052712469448,2024-08-05,1352.900634765625,-2.357943661631245,2021-08-05,568.1885986328125,132.49322552029702,JPY,8.377089172136039,8.43300311267376,8.634331231838189,11.043475718691298,10.680184121853188,9.292921259587047,5.187563041575345,-0.6630371149002556,-2.9792933904781993,-24.144450664588756,-21.56418769040401,-9.855158156066256,61.4840938798906
4042.T,TOSOH CORP,US,JPX,818373132288.0,2026-08-05,2652.0,2026-07-03,2826.5,-6.173713072704756,2026-05-01,2443.5,8.532842234499682,2026-02-05,2502.03759765625,5.993611066605276,2025-08-05,2214.45849609375,19.75839712860108,2024-08-05,1511.63037109375,75.43971401428831,2021-08-05,1518.1856689453125,74.68219166120514,JPY,16.817593099549413,17.507075503468513,15.565875745145604,15.944973793694317,15.08558669781064,10.38321784408663,13.86103819298853,-3.938307136348962,8.041419415763817,5.47269200404823,11.481200144440763,61.9689902694976,21.329967246294924
285130.KS,SKCHEM,US,KSC,815894626304.0,2026-08-05,41500.0,2026-07-03,41500.0,0.0,2026-05-04,59130.07421875,-29.815748503084997,2026-02-05,63892.35546875,-35.04700257873915,2025-08-05,64784.62890625,-35.94159494213549,2024-08-05,42330.70703125,-1.9624218197837884,2021-08-05,157143.796875,-73.59106701932933,KRW,29.052875965135172,26.910831598797813,40.17725706879719,43.7585896941348,46.823575288802886,31.19042149242364,137.3562494570615,7.959785109104733,-27.688254289269366,-33.60646179822088,-37.95246137028177,-6.85321141879307,-78.84852267008259
4385.T,MERCARI INC,US,JPX,815858253824.0,2026-08-05,4410.0,2026-07-03,4392.0,0.4098360655737654,2026-05-01,3855.0,14.396887159533067,2026-02-05,3141.0,40.40114613180516,2025-08-05,2315.0,90.49676025917928,2024-08-05,1805.0,144.32132963988923,2021-08-05,6130.0,-28.058727569331158,JPY,27.96590707730502,27.203635454177856,24.557581746485084,20.016950477845967,15.770506996195763,12.398340604268014,55.96691225655377,2.8020946847752803,13.878912695904045,39.71112686848413,77.33042497651526,125.56169385827336,-50.03135611786376
293490.KQ,Kakao Games,US,KOE,814957002752.0,2026-08-05,7770.0,2026-07-03,7850.0,-1.0191082802547768,2026-05-04,11820.0,-34.263959390862944,2026-02-05,15790.0,-50.79164027865738,2025-08-05,16880.0,-53.96919431279621,2024-08-05,17400.0,-55.34482758620689,2021-08-05,84200.0,-90.77197149643706,KRW,5.439538463833742,5.090362121700309,8.031364493072033,10.814253539429046,12.200146303512156,12.820795399602503,73.59753572382033,6.859557999712584,-32.271303730194745,-49.70028727363341,-55.41415382643553,-57.57253513301998,-92.60907527631636
5444.T,YAMATO KOGYO CO,US,JPX,813529038848.0,2026-08-05,13405.0,2026-07-03,12480.0,7.411858974358965,2026-05-01,12120.0,10.602310231023091,2026-02-05,12106.6123046875,10.724616124114128,2025-08-05,8523.4189453125,57.27256968135013,2024-08-05,5702.7470703125,135.0621522350882,2021-08-05,3203.013427734375,318.51213872312474,JPY,85.00747944926843,77.29994773864746,77.2082725726068,77.1529636922669,58.064206526375074,39.171523854695806,29.243518999440994,9.970940390128424,10.101517126066039,10.18044593637406,46.402550787729524,117.0134605041103,190.68826994074618
HAVELLS.NS,HAVELLS INDIA LIMITED,US,NSI,809554542592.0,2026-08-04,1295.0,2026-07-03,1181.0999755859375,9.643554886838212,2026-05-04,1250.367431640625,3.5695562144330677,2026-02-04,1337.5328369140625,-3.1799471190698925,2025-08-04,1496.540283203125,-13.467080403058551,2024-08-02,1793.4791259765625,-27.793974223432183,2021-08-04,1194.512939453125,8.412387779815944,INR,13.584163174964488,12.364030185697175,13.175215253224906,14.791970178410224,17.153247460057855,21.416236367882902,16.09543322248328,9.868408366381809,3.103918333626332,-8.165288253545866,-20.807047140223144,-36.57072633296049,-15.602376231854798
001527.KS,TONGYANG(2PB),US,KSC,809338142720.0,2026-08-05,6840.0,2026-07-03,9590.0,-28.675703858185607,2026-05-04,14980.0,-54.339118825100144,2026-02-05,18300.0,-62.62295081967213,2025-08-05,16860.0,-59.4306049822064,2024-08-05,20000.0,-65.8,2021-08-05,36820.4921875,-81.42338791896411,KRW,4.788474014494568,6.218671687529422,10.178497470915318,12.533302075462416,12.185691153863445,14.736546436324716,32.18405569047718,-22.99844315471571,-52.95500118580904,-61.793995024907304,-60.70412458322978,-67.50613154048588,-85.12159542431002
2897.T,NISSIN FOODS HOLDINGS CO. LTD.,US,JPX,808643264512.0,2026-08-05,2775.0,2026-07-03,2852.5,-2.716914986853636,2026-05-01,2815.5,-1.4384656366542403,2026-02-05,3160.3828125,-12.19418138131012,2025-08-05,2669.0,3.971524915698765,2024-08-05,3665.02490234375,-24.28427980870164,2021-08-05,2545.58349609375,9.012334667407076,JPY,17.59759458946064,17.668117061257362,17.93563460628502,20.140473176965315,18.182066165376455,25.174641031790543,23.241182409071826,-0.3991510331984527,-1.884739649557332,-12.625714228069718,-3.2145498239842807,-30.097932410482464,-24.28270524398234
2267.T,YAKULT HONSHA CO,US,JPX,807477837824.0,2026-08-05,2744.0,2026-07-03,2846.5,-3.600913402424033,2026-05-01,3087.0,-11.111111111111116,2026-02-05,2570.879638671875,6.733896006798656,2025-08-05,2320.55810546875,18.247416151026098,2024-08-05,2718.21240234375,0.9486969316310656,2021-08-05,2898.31787109375,-5.324394285141487,JPY,17.4010088481009,17.63095362484455,19.665176355745643,16.38369003877665,15.808370556100954,18.671093185043446,26.46164795809227,-1.3042106606169335,-11.513588623288463,6.209338719888358,10.074651820362956,-6.802410144682646,-34.24064564815029
NAUKRI.NS,INFO EDGE (I) LTD,US,NSI,804490117120.0,2026-08-04,1260.0,2026-07-03,1031.4664306640625,22.156181000365336,2026-05-04,973.6448364257812,29.41063854715436,2026-02-04,1181.747314453125,6.621778157633296,2025-08-04,1361.28759765625,-7.440573015624208,2024-08-02,1428.1700439453125,-11.77521154839123,2021-08-04,1047.0538330078125,20.33765220843222,INR,13.217023629695177,10.797631316465868,10.259368546786959,13.069115427578936,15.60298996892152,17.054019080377202,14.108499366476508,22.40669497151522,28.82882186579114,1.1317384327643065,-15.291725137161393,-22.499068592558167,-6.318714085918908
1299.HK,AIA,US,HKG,801226620928.0,2026-08-05,77.75,2026-07-03,73.25,6.1433447098976135,2026-05-05,84.43619537353516,-7.918636485166419,2026-02-05,86.89359283447266,-10.522746886402413,2025-08-05,71.75582122802734,8.353578384845207,2024-08-05,49.86559677124024,55.9191206648548,2021-08-05,81.84068298339844,-4.99834902920867,HKD,9.914310026913881,9.3397644944489,10.779478785500373,11.122806405374831,9.1417544173637,6.38895438911925,10.525388775205329,6.151606208127225,-8.026072278654539,-10.865031129886182,8.45084624109791,55.178913842279286,-5.80575940084006
001820.KS,SamwhaCapacitor,US,KSC,799375491072.0,2026-08-05,80800.0,2026-07-03,119300.0,-32.27158424140821,2026-05-04,68400.0,18.12865497076024,2026-02-05,31950.0,152.89514866979655,2025-08-05,26455.373046875,205.41999864010373,2024-08-05,33304.89453125,142.60698355968464,2021-08-05,57066.1796875,41.589993306839055,KRW,56.565599469468,77.3605351743754,46.47591635584831,21.881912639946677,19.120818820252794,24.539956240833135,49.88040615407044,-26.880547889223283,21.709487202719878,158.50390868577128,195.83251638550988,130.50407634935368,13.40244362635772
417200.KQ,LS Materials,US,KOE,798977884160.0,2026-08-05,12000.0,2026-07-03,14390.0,-16.60875608061153,2026-05-04,30350.0,-60.46128500823723,2026-02-05,15002.7177734375,-20.014492165905096,2025-08-05,10607.7802734375,13.124515126399247,2024-08-05,14862.87890625,-19.261940599180484,,,,KRW,8.400831604376435,9.331249800161459,20.62198920175433,10.275059770896235,7.666852564659223,10.951375258971211,,-9.970992264818845,-59.26274850506774,-18.24055731362739,9.573407516671551,-23.289711057115014,
LTF.BO,L&T Finance Limited,US,BSE,798927355904.0,2026-08-04,319.0,2026-07-03,326.95001220703125,-2.431568102220205,2026-05-04,282.59051513671875,12.884185035603956,2026-02-04,284.0257568359375,12.31375758088895,2025-08-04,201.8715667724609,58.02126327159292,2024-08-02,172.48158264160156,84.94728255297157,2021-08-04,83.72508239746094,281.0088815268506,INR,3.3462147125974298,3.4225890303116557,2.977677418037615,3.1410821544469627,2.313838777921901,2.059631634099844,1.128151423284038,-2.231477896932066,12.376669558876952,6.530633331574998,44.61745323512658,62.46665943543264,196.61042334695026
2360.TW,CHROMA ATE INC,US,TAI,798469324800.0,2026-08-05,1885.0,2026-07-03,2265.0,-16.777041942604853,2026-05-05,2216.2548828125,-14.946605888223774,2026-02-05,965.8309936523438,95.16872127614867,2025-08-05,489.8567810058594,284.80635016001804,2024-08-05,260.11212158203125,624.6874880475456,2021-08-05,163.11538696289062,1055.623657030495,TWD,58.18781156092882,70.93442106619477,70.13909075356423,30.509143701107178,16.391886465553057,7.9816165483358645,5.885518379676569,-17.969568671563607,-17.039398521184978,90.72253266425561,254.97934714963014,629.0228891421845,888.6607739066557
281740.KQ,LAKE,US,KOE,796653780992.0,2026-08-05,12250.0,2026-07-03,13790.0,-11.16751269035533,2026-05-04,22850.0,-46.389496717724285,2026-02-05,25550.0,-52.05479452054795,2025-08-05,12474.6796875,-1.801085824473203,2024-08-05,13412.0205078125,-8.66402274836684,2021-08-05,4495.5107421875,172.4940658030592,KRW,8.575848929467611,8.942177536082454,15.525945741683245,17.498681313009,9.016168085127447,9.882343150915915,3.9294360147857788,-4.096637593434882,-44.76440229696526,-50.99145600707586,-4.883661789603955,-13.220490338136203,118.2463055053752
6465.T,HOSHIZAKI CORPORATION,US,JPX,794269843456.0,2026-08-05,5604.0,2026-07-03,5648.0,-0.7790368271954673,2026-05-01,5128.224609375,9.277584873237156,2026-02-05,5109.421875,9.679727708920094,2025-08-05,4984.77783203125,12.422262111457494,2024-08-05,3860.53857421875,45.161093258447,2021-08-05,4237.4052734375,32.25074399017493,JPY,35.537628857418895,34.98318147659302,32.66842932790223,32.561300427347305,33.95787199763731,26.517602304199045,38.68751861891269,1.5848969631216958,8.782789955151182,9.140692757995183,4.652107940955474,34.015241837274004,-8.141875917454033
INDUSINDBK.NS,INDUSIND BANK LIMITED,US,NSI,793936265216.0,2026-08-05,1019.0,2026-07-03,974.3499755859376,4.582544828126234,2026-05-05,909.2273559570312,12.073178762579651,2026-02-05,912.92138671875,11.619687612152577,2025-08-05,817.8253784179688,24.59872570489201,2024-08-05,1387.203125,-26.54284137371735,2021-08-05,961.9249877929688,5.933416111580958,INR,10.715352247469127,10.19972293505589,9.54475236646931,10.129502547731136,9.304752182880748,16.56652767660853,12.966745442352249,5.05532665638444,12.26432950855938,5.783597930672446,15.159996062911363,-35.31926269257436,-17.362824040098566
NHPC.NS,NHPC LTD,US,NSI,789539717120.0,2026-08-05,78.5999984741211,2026-07-03,80.52999877929688,-2.3966227920420136,2026-05-05,83.16999816894531,-5.494769502749131,2026-02-05,78.58048248291016,0.0248356724141807,2025-08-05,83.21602630615234,-5.547041882351911,2024-08-05,93.69181823730467,-16.107937754990196,2021-08-05,21.913179397583008,258.6882444032314,INR,0.826522738273546,0.8430068210503805,0.8730896971381981,0.8719055212119855,0.9467846350289051,1.1189047025107326,0.2953895809828069,-1.9553913877346063,-5.333582450610585,-5.205011533285797,-12.702138618006565,-26.13108726606518,179.80768161272886
5406.T,KOBE STEEL,US,JPX,788137902080.0,2026-08-05,1972.0,2026-07-03,1905.5,3.4898976646549507,2026-05-01,1941.0,1.597114889232354,2026-02-05,2256.11962890625,-12.593287397795883,2025-08-05,1593.3126220703125,23.767299190640333,2024-08-05,1337.651611328125,47.42254136277266,2021-08-05,583.395751953125,238.02097348121373,JPY,12.505389740690589,11.802488014101982,12.364790186751634,14.377788883767153,10.85414594103105,9.188177444373423,5.326404381795555,5.9555385758389034,1.1370961562259474,-13.02285878735182,15.213023748072851,36.10304999440919,134.7810801491374
AUBANK.NS,AU SMALL FINANCE BANK LTD,US,NSI,787068813312.0,2026-08-04,1059.0,2026-07-03,1057.3731689453125,0.153855904657596,2026-05-04,1014.0152587890624,4.436298253012327,2026-02-04,979.998291015625,8.061412933945157,2025-08-04,751.5202026367188,40.91437545983252,2024-08-02,636.19677734375,66.45793215450395,2021-08-04,617.8571166992188,71.3988511870675,INR,11.108593669719994,11.068829098824153,10.684754710118112,10.837943634371868,8.613875718379688,7.596932890233802,8.325299487690131,0.3592482144300524,3.9667635907497223,2.4972452752916707,28.961619982712893,46.22471766205267,33.43176045672913
COFORGE.NS,COFORGE LIMITED,US,NSI,786661572608.0,2026-08-04,1749.9000244140625,2026-07-03,1457.2528076171875,20.08211720486537,2026-05-04,1146.2926025390625,52.65735995661114,2026-02-04,1606.4620361328125,8.92881282314919,2025-08-04,1730.469482421875,1.1228480010519126,2024-08-02,1193.4114990234375,46.63006229167364,2021-08-04,886.25390625,97.44906195318252,INR,18.355928549432406,15.25486247904837,12.078570985982196,17.766097306477945,19.83452873752799,14.250727748681584,11.941804977635911,20.328377752622572,51.97102844976782,3.319982057845605,-7.454677686886468,28.80695549832968,53.71150830053399
AMD,"Advanced Micro Devices, Inc.",US,NMS,786030985216.0,2026-08-05,482.0499877929688,2026-07-02,517.8200073242188,-6.9078094753595725,2026-05-05,355.260009765625,35.689347109738215,2026-02-05,192.5,150.4155780742695,2025-08-05,174.30999755859375,176.5475271324751,2024-08-05,134.82000732421875,257.5507800067998,2021-08-05,112.3499984741211,329.06096514456567,USD,482.0499877929688,517.8200073242188,355.260009765625,192.5,174.30999755859375,134.82000732421875,112.3499984741211,-6.907809475359561,35.689347109738215,150.41557807426952,176.54752713247515,257.55078000679987,329.0609651445657
090360.KQ,Robostar,US,KOE,785849974784.0,2026-08-05,76800.0,2026-07-03,78800.0,-2.538071065989844,2026-05-04,71600.0,7.262569832402232,2026-02-05,81300.0,-5.535055350553508,2025-08-05,26900.0,185.50185873605943,2024-08-05,20200.0,280.1980198019802,2021-08-05,25900.0,196.5250965250965,KRW,53.765322268009186,51.098157349042594,48.65022823214531,55.68073545000516,19.44217627751641,14.883911900687963,22.63867191504687,5.219689040345732,10.514018580665386,-3.4399926051907004,176.53962962050304,261.23112409395577,137.4932702314303
298050.KS,HS HYOSUNG ADVANCED,US,KSC,783691087872.0,2026-08-05,175400.0,2026-07-03,159500.0,9.968652037617565,2026-05-04,267000.0,-34.30711610486892,2026-02-05,251500.0,-30.25844930417495,2025-08-05,186501.328125,-5.952412369717541,2024-08-05,256516.96875,-31.622457237538992,2021-08-05,521509.0625,-66.36683566740511,KRW,122.7921552839689,103.4283768676687,181.4191471785307,172.24729355075397,134.79523038651223,189.00871108448155,455.84063963942754,18.72192042719103,-32.31576865305635,-28.71170701571154,-8.904673457751944,-35.033599996835974,-73.06248179602895
003570.KS,SNT DYNAMICS,US,KSC,783674834944.0,2026-08-05,31350.0,2026-07-03,35750.0,-12.307692307692308,2026-05-04,59300.0,-47.13322091062394,2026-02-05,49597.5859375,-36.79127843136266,2025-08-05,57406.8671875,-45.3898086833307,2024-08-05,17967.83984375,74.47840292780047,2021-08-05,8341.4228515625,275.83516095371635,KRW,21.947172566433437,23.18222240137402,40.29271695762873,33.96838944089586,41.49124280294973,13.239195310893365,7.291070858733519,-5.327573058169699,-45.53067099070836,-35.38942255528199,-47.10408490132488,65.77421853105412,201.0143913242084
SRF.BO,SRF LTD.,US,BSE,783104671744.0,2026-08-04,2619.0,2026-07-03,2788.252685546875,-6.070206133906353,2026-05-04,2546.5615234375,2.8445602392012104,2026-02-04,2910.669921875,-10.020714464493851,2025-08-04,3039.55615234375,-13.836104064715704,2024-08-02,2505.778076171875,4.51843381122945,2021-08-04,1771.5391845703125,47.83754278826407,INR,27.472527687437832,29.188079825630666,26.83330945596208,32.18952200299282,34.83919506550092,29.921918124101467,23.870558203679366,-5.87757793058511,2.3821818643906534,-14.653819075401064,-21.144769172229914,-8.185940575416195,15.08959050318004
365550.KS,ESRKSREIT,US,KSC,782563016704.0,2026-08-05,3210.0,2026-07-03,3380.0,-5.029585798816571,2026-05-04,4237.41748046875,-24.246312410904945,2026-02-05,4242.24951171875,-24.33259780848047,2025-08-05,4194.59765625,-23.47299400177125,2024-08-05,4162.91162109375,-22.890508082498883,2021-08-05,5018.14990234375,-36.032201857884814,KRW,2.2472224541706964,2.1917737543117255,2.879208485191157,2.9054313994455754,3.0316768418613265,3.0673470207281923,4.3862644501808745,2.5298550888243065,-21.94999196032522,-22.65443078093259,-25.8752640406425,-26.73726060388163,-48.76682699607798
115180.KQ,Qurient,US,KOE,780661882880.0,2026-08-05,21600.0,2026-07-03,21200.0,1.8867924528301885,2026-05-04,34950.0,-38.19742489270386,2026-02-05,33700.0,-35.90504451038575,2025-08-05,10540.0,104.93358633776091,2024-08-05,3610.0,498.33795013850414,2021-08-05,20119.115234375,7.3605859322024125,KRW,15.121496887877584,13.74721999745816,23.747562523931265,23.080452455906197,7.617863864870742,2.659946631756611,17.585716178070925,9.99676218663501,-36.32400431564666,-34.483533558251146,98.50048722463171,468.4887323431541,-14.012618338889027
041830.KQ,InBody,US,KOE,778105389056.0,2026-08-05,56700.0,2026-07-03,54000.0,5.000000000000004,2026-05-04,29650.0,91.2310286677909,2026-02-05,33636.8515625,68.56512237670877,2025-08-05,26390.484375,114.85016794050412,2024-08-05,20920.64453125,171.02415470663414,2021-08-05,27976.326171875,102.67135738859564,KRW,39.69392933067866,35.01650376711041,20.146358478814363,23.037203360672265,19.073920047129832,15.414902480630417,24.45354708854893,13.35777436455996,97.02781211016497,72.30359392686421,108.10577601562107,157.5036032862098,62.32381006707395
214320.KS,INNOCEAN,US,KSC,777599975424.0,2026-08-05,19320.0,2026-07-03,18850.0,2.4933687002652416,2026-05-04,19600.0,-1.4285714285714235,2026-02-05,18625.130859375,3.7308148107600303,2025-08-05,18395.37890625,5.026376996430626,2024-08-05,16661.458984375,15.956231792894982,2021-08-05,24221.9140625,-20.23751735660341,KRW,13.52533888304606,12.223353629815392,13.317660242319107,12.755977664238458,13.29539774672935,12.276618201008091,21.171890564301066,10.651620599888778,1.55942287870523,6.031377908135704,1.7294791829246092,10.171536343253162,-36.11652751572512
BHARTIHEXA.BO,Bharti Hexacom Limited,US,BSE,776900050944.0,2026-08-04,1622.75,2026-07-03,1437.745361328125,12.867691570986947,2026-05-04,1481.46337890625,9.536963458257098,2026-02-04,1591.796630859375,1.9445555129686376,2025-08-04,1841.740478515625,-11.890409157544456,2024-08-02,1124.9022216796875,44.256982404829245,,,,INR,17.022162773879245,15.050653978710216,15.610290553752748,17.603910456576386,21.109909662816563,13.432646927034057,,13.099157006451767,9.04449673928125,-3.3046503169403163,-19.364113604605137,26.722327076289474,
NAM-INDIA.NS,NIPPON L I A M LTD,US,NSI,776744468480.0,2026-08-05,1215.0,2026-07-03,1218.199951171875,-0.2626786488373112,2026-05-05,1041.4296875,16.666541638222697,2026-02-05,915.0099487304688,32.78544147916125,2025-08-05,798.9953002929688,52.06597580167169,2024-08-05,575.4044189453125,111.1558340526884,2021-08-05,344.0554504394531,253.14075055288677,INR,12.776401354931295,12.752401388402177,10.932566435832996,10.152676606885166,9.09051425977259,6.871706861026837,4.637866258301642,0.18819958530278402,16.86552677196522,25.84269005738662,40.54651903984705,85.92762487284158,175.48015926638502
099320.KQ,SI,US,KOE,776445624320.0,2026-08-05,73800.0,2026-07-03,85700.0,-13.88564760793466,2026-05-04,168000.0,-56.07142857142857,2026-02-05,182200.0,-59.49506037321625,2025-08-05,51618.96484375,42.97070896983644,2024-08-05,35970.0625,105.17061931710572,2021-08-05,53852.94921875,37.0398484588566,KRW,51.66511436691508,55.57248838595115,114.15137350559235,124.78511683875695,37.307993076398134,26.503724817437615,47.07178567648498,-7.03113020942906,-54.739822412750925,-58.596733588289254,38.482695279579595,94.93529578500231,9.758135631393161
WAAREEENER.NS,WAAREE ENERGIES LIMITED,US,NSI,775795638272.0,2026-08-05,2697.0,2026-07-03,2859.199951171875,-5.672913889964059,2026-05-05,3181.699951171875,-15.23399310464054,2026-02-05,3071.60009765625,-12.195601176796568,2025-08-05,3054.38671875,-11.700768489991988,,,,,,,INR,28.360456340946257,29.93077235963483,33.40037883745572,34.081555616360674,34.751075521315215,,,-5.246493474409397,-15.089417162111985,-16.786496895312,-18.389701856707006,,
119850.KQ,GNCENERGY,US,KOE,775257587712.0,2026-08-05,50000.0,2026-07-03,27800.0,79.85611510791367,2026-05-04,37050.0,34.952766531713905,2026-02-05,39000.0,28.20512820512821,2025-08-05,34431.4921875,45.21589633037162,2024-08-05,4967.3759765625,906.5676573690878,2021-08-05,5252.0732421875,852.0050024887865,KRW,35.00346501823515,18.02701490232721,25.17445469275117,26.71031589852646,24.885618609936955,3.6600983372648557,4.590732162304221,94.17227537608765,39.043587817273284,31.04848760012682,40.65740364701276,856.3531302383745,662.4810984543673
3231.T,NOMURA REAL ESTATE HOLDINGS INC,US,JPX,775109541888.0,2026-08-05,897.7999877929688,2026-07-03,944.2000122070312,-4.914215612601424,2026-05-01,998.7999877929688,-10.112134685061214,2026-02-05,1057.588134765625,-15.108731057016566,2025-08-05,835.5203247070312,7.453997376757449,2024-08-05,609.0437622070312,47.41140842483189,2021-08-05,459.12445068359375,95.54610660709264,JPY,5.693376651388604,5.84828618577194,6.3626750580062605,6.739792842903853,5.691826836395677,4.183452635317224,4.191807152731997,-2.6488022210713447,-10.519135434638727,-15.525939979253101,0.02722877974812299,36.09277187279272,35.82153099953476
JSWINFRA.BO,JSW Infrastructure Limited,US,BSE,774421610496.0,2026-08-04,329.70001220703125,2026-07-03,326.25,1.0574750059865856,2026-05-04,273.1260986328125,20.713477715022787,2026-02-04,265.49908447265625,24.181223774045456,2025-08-04,304.2821044921875,8.353402102717599,2024-08-02,323.98992919921875,1.762426079701207,,,,INR,3.458454644485016,3.415261139161885,2.8779501526516924,2.936192990204006,3.4876617052033225,3.868818323026744,,1.2647204287790093,20.170762558151225,17.787034299973705,-0.8374396139032569,-10.60695138097575,
213420.KQ,DUK SAN NEOLUX,US,KOE,770047410176.0,2026-08-05,31700.0,2026-07-03,32250.0,-1.705426356589146,2026-05-04,53000.0,-40.18867924528302,2026-02-05,38150.0,-16.906946264744427,2025-08-05,39300.0,-19.338422391857502,2024-08-05,29750.0,6.554621848739495,2021-08-05,63500.0,-50.07874015748032,KRW,22.192196821561083,20.912634194246493,36.012040451169014,26.12816798791755,28.404369059717283,21.920612824033014,55.50407979171723,6.118610479337061,-38.375619532992374,-15.064091627765785,-21.870481351286987,1.2389434533979449,-60.01699892181118
232140.KQ,YCC,US,KOE,767008505856.0,2026-08-05,9590.0,2026-07-03,12050.0,-20.414937759336105,2026-05-04,22350.0,-57.091722595078295,2026-02-05,18830.0,-49.07063197026022,2025-08-05,11030.0,-13.055303717135091,2024-08-05,13730.0,-30.15294974508376,2021-08-05,6590.0,45.52352048558421,KRW,6.713664590497501,7.813867970253341,15.186209511011839,12.896288419724442,7.9720150312641636,10.116639128536917,5.760187178384513,-14.080137826032002,-55.791044594575865,-47.94111009312435,-15.78459694107124,-33.63740165882104,16.552889386841052
328130.KQ,Lunit,US,KOE,766885036032.0,2026-08-05,10760.0,2026-07-03,11080.0,-2.8880866425992746,2026-05-04,20800.0,-48.26923076923077,2026-02-05,19590.681640625,-45.07592845729729,2025-08-05,21063.490234375,-48.91634823919164,2024-08-05,14961.857421875,-28.08379536976251,,,,KRW,7.532745671924204,7.184867809992284,14.133027195930481,13.417263981757856,15.223795173102758,11.024305333556526,,4.841812975989801,-46.701116699943725,-43.85781123360364,-50.51992235659489,-31.671470954314707,
5904.TWO,POYA INTERNATIONAL CO LTD,US,TWO,766395547648.0,2026-08-05,72.0,2026-07-03,69.38426208496094,3.769929716678533,2026-05-05,54.85302734375,31.259847426094225,2026-02-05,41.717166900634766,72.59081895828466,2025-08-05,44.84475326538086,60.55389930215623,2024-08-05,46.37537384033203,55.25481314262222,2021-08-05,43.23344421386719,66.53773787679378,TWD,2.222558319568634,2.172950314393745,1.7359652505710983,1.317782353371726,1.5006224933590744,1.4230419137253563,1.559946215223249,2.2829792676934524,28.03011574324177,68.65898332011469,48.109090021271086,56.18361610658662,42.47659937753407
4183.T,MITSUI CHEMICALS INC,US,JPX,765207445504.0,2026-08-05,2139.5,2026-07-03,2182.0,-1.9477543538038544,2026-05-01,1899.5,12.63490392208475,2026-02-05,2227.003662109375,-3.929210517170556,2025-08-05,1613.14404296875,32.629197580060534,2024-08-05,1627.1572265625,31.486986326445244,2021-08-05,1479.5848388671875,44.60137356084714,JPY,13.567586891585961,13.515103042125702,12.100421926705167,14.192238783325365,10.989243807995763,11.176758732198323,13.50861253719529,0.3883348080785609,12.12490749304218,-4.401362612876236,23.4624249733562,21.391068883862307,0.4365685537895736
003240.KS,TaekwangInd,US,KSC,765042556928.0,2026-08-05,904000.0,2026-07-03,868000.0,4.147465437788012,2026-05-04,1190000.0,-24.033613445378155,2026-02-05,906649.9375,-0.2922779112859097,2025-08-05,988528.0,-8.55089587750676,2024-08-05,543641.875,66.28593961787803,2021-08-05,1091576.0,-17.18396153817966,KRW,632.8626475296915,562.8578753676265,808.5722289979458,620.9463138462634,714.4660085970536,400.5701867834068,954.1247464995831,12.437379883215073,-21.730845454092474,1.9190602178819516,-11.421587603250838,57.99045171374373,-33.670869574289156
3626.T,TISI INC,US,JPX,764614541312.0,2026-08-05,3606.0,2026-07-03,3273.0,10.174152153987158,2026-05-01,3399.0,6.090026478375998,2026-02-05,3582.010498046875,0.6697217098108776,2025-08-05,4875.7236328125,-26.041747408888227,2024-08-05,2836.68115234375,27.120384926611017,2021-08-05,2656.384033203125,35.748444311036145,JPY,22.867360753007233,20.272654563188553,21.65271604573354,22.827420168904382,33.21496054548015,19.48484161355418,24.252791534419202,12.79904504726379,5.609664416732718,0.17496757762078818,-31.153430931535475,17.359746650955987,-5.712459035677552
NTPCGREEN.NS,NTPC GREEN ENERGY LIMITED,US,NSI,763931066368.0,2026-08-05,90.66000366210938,2026-07-03,95.44000244140624,-5.00838082252929,2026-05-05,109.22000122070312,-16.99322225888753,2026-02-05,86.38999938964844,4.942706682056741,2025-08-05,105.06999969482422,-13.714662676852264,,,,,,,INR,0.9533404062770785,0.9990882190334104,1.1465535636241384,0.9585575840885951,1.1954267192183465,,,-4.5789562808168816,-16.85164683770489,-0.5442738024421523,-20.251037478864532,,
2344.TW,WINBOND ELECTRONIC CORP,US,TAI,760500060160.0,2026-08-05,169.0,2026-07-03,184.5,-8.40108401084011,2026-05-05,98.8000030517578,71.05262629543331,2026-02-05,101.96614837646484,65.74128050423396,2025-08-05,17.508333206176758,865.2546476575998,2024-08-05,21.885417938232425,672.2036676520024,2021-08-05,32.79521560668945,415.3190697899482,TWD,5.216838277876377,5.778101848438382,3.126780423245179,3.2209567656365437,0.5858745275045791,0.6715604521642932,1.183314755354985,-9.713632353394653,66.84376808468046,61.965485955394264,790.4360973153255,676.823331550219,340.86649424999075
SWIGGY.NS,SWIGGY LIMITED,US,NSI,759538515968.0,2026-08-05,289.8999938964844,2026-07-03,248.2700042724609,16.768030332950378,2026-05-05,273.70001220703125,5.918882340859821,2026-02-05,321.45001220703125,-9.814906552321723,2025-08-05,385.5499877929688,-24.808714025390177,,,,,,,INR,3.0484598146614132,2.5989483451687074,2.873207478965469,3.5667131529502285,4.386568557539705,,,17.295898563290855,6.099536388477111,-14.530278047735312,-30.50468094425034,,
2886.TW,MEGA FINANCIAL HOLDING CO,US,TAI,759468982272.0,2026-08-05,51.20000076293945,2026-07-03,45.5,12.527474204262546,2026-05-05,39.09999847412109,30.946298621538105,2026-02-05,39.70000076293945,28.96725385137881,2025-08-05,41.25558090209961,24.104423312904437,2024-08-05,36.809608459472656,39.094119458810894,2021-08-05,25.52744674682617,100.5684362824306,TWD,1.5804859396887707,1.424951946362853,1.2374201012296735,1.2540631188799551,1.3805194180001905,1.1295136044831935,0.9210796100360595,10.915034273465407,27.724282005616296,26.029217819622552,14.484875698325927,39.926242005019375,71.59059026688213
5929.T,SANWA HOLDINGS CORP,US,JPX,758657777664.0,2026-08-05,3612.0,2026-07-03,3808.0,-5.147058823529416,2026-05-01,3540.0,2.033898305084736,2026-02-05,3608.367919921875,0.1006571435820724,2025-08-05,4345.857421875,-16.886366731248646,2024-08-05,2544.152099609375,41.9726438743415,2021-08-05,1225.118896484375,194.8285272853978,JPY,22.905409606173635,23.58639430999756,22.55093109793961,22.9953906268463,29.605345518854847,17.47549267591171,11.185337974451386,-2.887192908223679,1.5719018726743972,-0.39130024852727097,-22.630831680090356,31.071610002426688,104.78066606920824
252990.KQ,SEMCNS,US,KOE,756482572288.0,2026-08-05,13300.0,2026-07-03,12200.0,9.016393442622949,2026-05-04,14130.0,-5.874026893135175,2026-02-05,11610.0,14.556416881998269,2025-08-05,4660.0,185.4077253218884,2024-08-05,6500.0,104.6153846153846,2021-08-05,7780.0,70.95115681233932,KRW,9.310921694850549,7.911136036273092,9.600945878773928,7.951455579022877,3.368049868149683,4.789377591805533,6.800342374481261,17.693864094351873,-3.020787613901388,17.097072382748955,176.44845116161306,94.407760014187,36.91842531032563
2501.T,SAPPORO BREWERIES LTD,US,JPX,756292648960.0,2026-08-05,1910.5,2026-07-03,1898.5,0.632077956281285,2026-05-01,1741.971923828125,9.67455754404587,2026-02-05,1678.0963134765625,13.849245997207383,2025-08-05,1369.0098876953125,39.55341135017441,2024-08-05,1074.47216796875,77.80823523905043,2021-08-05,452.6990661621094,322.0242856246271,JPY,12.115388995734975,11.759130671620369,11.09691774824671,10.69416453483484,9.32612527505836,7.380427650018191,4.133143379203688,3.029631475857353,9.177965184514235,13.289719419134439,29.908066194823448,64.15565019061074,193.12772106321626
NMDC.NS,NMDC LTD.,US,NSI,754337972224.0,2026-08-05,85.80000305175781,2026-07-03,85.4000015258789,0.4683858533160556,2026-05-05,88.83000183105469,-3.411008349475908,2026-02-05,82.1041259765625,4.501451091812769,2025-08-05,68.83654022216797,24.643107824479205,2024-08-05,68.69190979003906,24.90554319134621,2021-08-05,34.235435485839844,150.61753073725512,INR,0.9022347944391669,0.8939871463469728,0.9325064458690804,0.9110028150923881,0.7831830177894403,0.82034592064214,0.46149354958694744,0.9225689794194247,-3.2462672578848273,-0.9624581294331191,15.20101610294795,9.982236973023163,95.50322973023088
100790.KQ,Mirae Asset Venture,US,KOE,753780981760.0,2026-08-05,14650.0,2026-07-03,18110.0,-19.10546659304252,2026-05-04,52600.0,-72.14828897338404,2026-02-05,22900.0,-36.02620087336245,2025-08-05,6470.0,126.42967542503864,2024-08-05,4467.18408203125,227.94708547892603,,,,KRW,10.256015250342898,11.743497837451287,35.74025146663189,15.68374959169887,4.676240911358036,3.2915432832232057,,-12.666435568835766,-71.30402045458968,-34.607376951674716,119.32178954750276,211.58682623489048,
POLICYBZR.BO,PB Fintech Limited,US,BSE,753128505344.0,2026-08-04,1609.0,2026-07-03,1591.4000244140625,1.1059429003350552,2026-05-04,1670.5,-3.681532475306792,2026-02-04,1439.8499755859375,11.747753396684812,2025-08-04,1781.949951171875,-9.70565705608829,2024-08-02,1499.800048828125,7.280967303421471,,,,INR,16.877929381094873,16.659146851318383,17.602183585055172,15.923510296308564,20.424594524423128,17.909365035277915,,1.3132877195279447,-4.114570220567493,5.993773150682524,-17.364678349365793,-5.759197225313784,
137310.KS,SD Biosensor,US,KSC,752404856832.0,2026-08-05,6400.0,2026-07-03,6540.0,-2.14067278287462,2026-05-04,8210.0,-22.046285018270407,2026-02-05,8564.009765625,-25.26865130760475,2025-08-05,9783.259765625,-34.5821315867806,2024-08-05,8560.31640625,-25.236408372390585,2021-08-05,53469.80859375,-88.03062855783612,KRW,4.480443522334099,4.240887678461149,5.578468907624483,5.8653181076387,7.070924198216176,6.307475011516772,46.736890120241696,5.648719372824207,-19.683275168740945,-23.611244264842323,-36.635673120857284,-28.966131230749383,-90.41347528513964
8060.T,CANON MARKETING JAPAN INC,US,JPX,750854012928.0,2026-08-05,3605.0,2026-07-03,3504.0,2.8824200913242004,2026-05-01,3583.96240234375,0.586992699546518,2026-02-05,3427.837158203125,5.168356418942133,2025-08-05,2731.42822265625,31.98223442585,2024-08-05,1893.8126220703125,90.35674163260252,2021-08-05,1057.238525390625,240.9826556091528,JPY,22.8610192774795,21.703446865081787,22.830985647700572,21.844905011739,18.60734682289717,13.008384448249103,9.652589850699087,5.333587883960056,0.13154767053147332,4.6514931751566735,22.860177192741936,75.74064918227825,136.83819193689035
5991.T,NHK SPRING CO LTD,US,JPX,750389952512.0,2026-08-05,3763.0,2026-07-03,4095.0,-8.107448107448112,2026-05-01,2747.5,36.960873521383085,2026-02-05,2856.904541015625,31.71598651533032,2025-08-05,1687.3641357421875,123.01054765187618,2024-08-05,1131.485595703125,232.57162214792544,2021-08-05,722.8558959960938,420.5740204712026,JPY,23.862972410861403,25.364045351743698,17.502452878979966,18.206468232232737,11.49485438784103,7.772046429003012,6.599675775749745,-5.9181132980394295,36.340732215427195,31.068651571941828,107.5969960620211,207.0358962577957,261.57795051909943
8050.T,SEIKO GROUP CORPORATION,US,JPX,750389755904.0,2026-08-05,9420.0,2026-07-03,8060.0,16.873449131513652,2026-05-01,5800.0,62.41379310344828,2026-02-05,3949.83837890625,138.49077092132796,2025-08-05,2099.113037109375,348.7609687266769,2024-08-05,1543.8890380859375,510.1474761216392,2021-08-05,1026.1263427734375,818.0156095144591,JPY,59.736699471250176,49.92288291454315,36.947853211313486,25.171512010844253,14.299817208440231,10.604798974728624,9.368535561197291,19.657952393306477,61.67840423529321,137.3186777397986,317.7444970135113,463.2987444043354,537.6311332869176
356860.KQ,TLB,US,KOE,749969866752.0,2026-08-05,28050.0,2026-07-03,37200.0,-24.596774193548388,2026-05-04,41947.1953125,-33.130213376527514,2026-02-05,26154.234375,7.248408031443287,2025-08-05,11828.0361328125,137.14841318573315,2024-08-05,6512.4169921875,330.71566261266224,2021-08-05,10587.0009765625,164.94755277813883,KRW,19.636943875229917,24.12248037289828,28.501964045412024,17.912509288214096,8.548801617508332,4.798526770904061,9.253885778867925,-18.594839454021837,-31.103190489109867,9.626985026327105,129.7040538993509,309.2285989587225,112.20214236999371
ICICIPRULI.NS,ICICI PRU LIFE INS CO LTD,US,NSI,748869582848.0,2026-08-04,513.5499877929688,2026-07-03,485.25,5.832042821837979,2026-05-04,533.6978759765625,-3.775148654419336,2026-02-04,658.0662231445312,-21.96074350405041,2025-08-04,609.3851928710938,-15.726539830513651,2024-08-02,725.1192016601562,-29.17716333849676,2021-08-04,664.493896484375,-22.71562003654244,INR,5.386985971182014,5.079710246063769,5.623614481827872,7.277650072974154,6.984733474357256,8.658770538624822,8.953705551744406,6.049079774901545,-4.207765511140538,-25.979046571821275,-22.874852834986214,-37.78578671011219,-39.83512256405959
8572.T,ACOM CO,US,JPX,748214812672.0,2026-08-05,474.5,2026-07-03,470.2999877929688,0.8930496100459484,2026-05-01,492.7000122070313,-3.693933784475667,2026-02-05,494.6619262695313,-4.075900165104973,2025-08-05,424.97845458984375,11.652719067358518,2024-08-05,305.529052734375,55.30437965011703,2021-08-05,368.9951477050781,28.59247687973592,JPY,3.0090301379095763,2.9129939485483196,3.1386565048685786,3.1523792681990135,2.895086691724231,2.0986444655402465,3.368926436330213,3.296820764393149,-4.129995326278301,-4.5473313359066125,3.9357524771558294,43.379699959562835,-10.682818554289163
4751.T,CYBER AGENT,US,JPX,745689186304.0,2026-08-05,1461.0,2026-07-03,1459.0,0.1370801919122755,2026-05-01,1243.5,17.49095295536791,2026-02-05,1275.5,14.543316346530766,2025-08-05,1534.99853515625,-4.820756076403521,2024-08-05,790.5758666992188,84.80199833317828,2021-08-05,1890.02294921875,-22.699351317193727,JPY,9.264895746018738,9.036908954381943,7.921492322115228,8.128500584047288,10.456892068177922,5.43037610462676,17.255913305350532,2.5228404179755026,16.958968957818655,13.980378671580574,-11.399145313803416,70.61241371707038,-46.30886478117634
VOLV-A.ST,"Volvo, AB ser. A",US,STO,745056829440.0,2026-08-04,371.2000122070313,2026-07-03,337.79998779296875,9.887514985504598,2026-05-04,313.20001220703125,18.518517796755663,2026-02-04,334.5738830566406,10.9470974888348,2025-08-04,261.1636047363281,42.1331324407918,2024-08-02,236.58697509765625,56.89790701868125,2021-08-04,154.89784240722656,139.64182227351242,SEK,38.80227264214455,34.882639691322765,34.001052709408214,37.599965693145805,27.07087921059815,22.053429297071034,18.008634288589747,11.236629410809229,14.120797887554293,3.1976277819261822,43.33584195874067,75.94666171622555,115.46482659559385
0300.HK,MIDEA GROUP,US,HKG,744090501120.0,2026-08-05,97.5500030517578,2026-07-03,87.0999984741211,11.99770925454333,2026-05-05,82.4051284790039,18.37855829156638,2026-02-05,84.735107421875,15.12347835482244,2025-08-05,73.30775451660156,33.06914622472341,2024-07-05,2.2439658641815186,4247.2142160834055,,,,HKD,12.439112197833081,11.105712944916718,10.520184268443131,10.84650967750349,9.339472076411766,0.2873526678071059,,12.006426417915694,18.240440285310044,14.68308762617685,33.18860098366716,4228.866090842494,
071320.KS,KDHC,US,KSC,741039603712.0,2026-08-05,64300.0,2026-07-03,67600.0,-4.8816568047337245,2026-05-04,76300.0,-15.727391874180864,2026-02-05,102398.2890625,-37.20598206406189,2025-08-05,79291.125,-18.906434988783428,2024-08-05,37486.60546875,71.5279343006997,2021-08-05,35629.7578125,80.46712621055654,KRW,45.0144560134504,43.83547508623451,51.843748800456524,70.13052944430774,57.30825388448284,27.62115511152092,31.14325859188284,2.6895589129502184,-13.172837506970536,-35.813323569448585,-21.452054525711507,62.97093959938933,44.53996803399032
3769.T,GMO PAYMENT GATEWAY INC,US,JPX,740900601856.0,2026-08-05,9793.0,2026-07-03,9720.0,0.7510288065843529,2026-05-01,7823.0,25.182155183433476,2026-02-05,8661.0,13.070084285879236,2025-08-05,8353.87890625,17.22698054281484,2024-08-05,7184.4580078125,36.308124974088905,2021-08-05,12923.3603515625,-24.2224952830014,JPY,62.102069843094796,60.20476698875427,49.83500959863886,55.194781308062375,56.909246538396474,49.34922849746272,117.99030584922093,3.151416323386691,24.615346406577167,12.514386996988547,9.124744431811704,25.842027796417867,-47.36680323343288
003850.KS,Boryung,US,KSC,740049092608.0,2026-08-05,8690.0,2026-07-03,8450.0,2.8402366863905293,2026-05-04,10010.0,-13.186813186813184,2026-02-05,9430.0,-7.847295864262993,2025-08-05,8172.4169921875,6.333291709261646,2024-08-05,9046.0849609375,-3.9363433184093854,2021-08-05,17533.3828125,-50.43740222334805,KRW,6.0836022201692685,5.479434385779314,6.801519338041544,6.458417408284731,5.906675530686982,6.665402554689706,15.32557919123974,11.026098532321903,-10.555246294116916,-5.803514459047776,2.9953683516742657,-8.72866011837633,-60.30425901523697
122870.KQ,YG Entertainment,US,KOE,739093118976.0,2026-08-05,40100.0,2026-07-03,42300.0,-5.200945626477537,2026-05-04,53500.0,-25.04672897196262,2026-02-05,69800.0,-42.55014326647565,2025-08-05,85898.6015625,-53.317051418091886,2024-08-05,33161.97265625,20.921636404649767,2021-08-05,52996.5859375,-24.33474856797232,KRW,28.072778944624588,27.42959461756982,36.35177668184042,47.80461665941402,62.08385701004727,24.43464749844793,46.32325566241889,2.3448553871181943,-22.774671537173084,-41.27600866537584,-54.782482441318905,14.889232375493645,-39.39808732528387
543A.T,ARCHION CORPORATION,US,JPX,738764128256.0,2026-08-05,267.0,2026-07-03,313.0,-14.696485623003197,2026-05-01,303.0,-11.88118811881188,2026-02-05,463.0,-42.33261339092873,2025-08-05,361.8999938964844,-26.22271221248734,2024-08-05,412.2000122070313,-35.225620549982715,2021-08-05,928.888916015625,-71.25598170066777,JPY,1.6931739659048617,1.9386925995349884,1.93020681431517,2.9506042888388038,2.4653764084957714,2.8313552068843255,8.480757660478275,-12.664134256715908,-12.280178820858978,-42.61602708605828,-31.321888208627037,-40.19916816554922,-80.03510967191846
3861.T,OJI HOLDINGS CORP,US,JPX,737475100672.0,2026-08-05,852.2999877929688,2026-07-03,814.2000122070312,4.679436872355347,2026-05-01,824.7000122070312,3.3466685070217883,2026-02-05,934.6809692382812,-8.813807508293326,2025-08-05,714.0879516601562,19.35504384459765,2024-08-05,489.8356628417969,73.99712851618925,2021-08-05,514.4963989257812,65.65713376662863,JPY,5.404839514876727,5.0430783968276955,5.253602585240316,5.956530618856334,4.8645913769138645,3.364625699739605,4.697353150895935,7.173418487338878,2.878728019155896,-9.261953631752384,11.105724943861572,60.637170288957186,15.06138332064413
7261.T,MAZDA MOTOR CORP,US,JPX,736657735680.0,2026-08-05,1146.5,2026-07-03,1140.0,0.5701754385964986,2026-05-01,1008.5,13.68368864650471,2026-02-05,1206.87451171875,-5.002550897588243,2025-08-05,897.4996337890625,27.743784714396845,2024-08-05,947.3029174804688,21.027812629283726,2021-08-05,825.2843017578125,38.92182337141455,JPY,7.270501692546532,7.061052918434143,6.424467235105112,7.691164385243155,6.114049353673238,6.5069164688862315,7.534847325153464,2.9662541342182047,13.168943454461823,-5.469427925682346,18.91467130827973,11.734978116155226,-3.5083077493086257
IDFCFIRSTB.NS,IDFC FIRST BANK LIMITED,US,NSI,735021891584.0,2026-08-05,85.30000305175781,2026-07-03,80.45999908447266,6.015416383740901,2026-05-05,68.75,24.07273171164772,2026-02-05,85.4800033569336,-0.2105759219781067,2025-08-05,69.33000183105469,23.03476243895,2024-08-05,71.77507781982422,18.84348389824806,2021-08-05,47.64405822753906,79.03597263772335,INR,0.8969770161038042,0.8422740479086599,0.7217135746032,0.9484605403935831,0.788797343418878,0.8571663311332642,0.6422417368474385,6.494675733031308,24.28434875940424,-5.428114517912864,13.714507736048386,4.644452718751335,39.66345764241057
DABUR.NS,DABUR INDIA LTD,US,NSI,734416273408.0,2026-08-05,414.0,2026-07-03,438.6591796875,-5.621489491013765,2026-05-05,454.6517028808594,-8.941284641248137,2026-02-05,497.8413696289063,-16.84098083118365,2025-08-05,515.2601928710938,-19.652244491634296,2024-08-05,613.2399291992188,-32.48971890323422,2021-08-05,554.7494506835938,-25.371715196861267,INR,4.353440461680293,4.591986665818695,4.772775355426575,5.52389887605466,5.862337524476516,7.3235534698498554,7.478020638390035,-5.194836603382679,-8.785975926344491,-21.18899061400531,-25.738829545317955,-40.55562672406424,-41.783519032684055
2371.T,KAKAKU.COM. INC,US,JPX,734368235520.0,2026-08-05,3700.0,2026-07-03,3564.0,3.815937149270488,2026-05-01,2581.5,43.32752275808638,2026-02-05,1866.4281005859373,98.23962138367077,2025-08-05,2540.900146484375,45.6176861227456,2024-08-05,1532.6922607421875,141.40527715644106,2021-08-05,2770.52734375,33.54858266772882,JPY,23.463459452614188,22.0750812292099,16.444979838794097,11.89436448898084,17.309409735104396,10.527889579062162,25.294920187934622,6.289345932585633,42.67855407924144,97.26534758835727,35.55320378735421,122.86954357194486,-7.2404289940951045
7729.T,TOKYO SEIMITSU CO,US,JPX,734267572224.0,2026-08-05,18755.0,2026-07-03,19370.0,-3.175012906556529,2026-05-01,17355.0,8.06683952751368,2026-02-05,13415.7041015625,39.798849602054375,2025-08-05,8358.2734375,124.38844744961722,2024-08-05,6783.4208984375,176.48291740705707,2021-08-05,4122.30029296875,354.9644292529995,JPY,118.934373522643,119.97596055269241,110.55689525557682,85.49553792626921,56.93918346531791,46.59455000605976,37.63660991708775,-0.8681631097189335,7.5775267093922904,39.11179040151922,108.87966121798502,155.25383013072394,216.007137158877
033100.KQ,CheryongElec,US,KOE,734052089856.0,2026-08-05,47400.0,2026-07-03,52100.0,-9.021113243761992,2026-05-04,91500.0,-48.19672131147541,2026-02-05,63100.0,-24.8811410459588,2025-08-05,39140.6015625,21.10186892327481,2024-08-05,59251.35546875,-20.00183012690836,2021-08-05,6236.01220703125,660.1011419855046,KRW,33.18328483728692,33.78444159752689,62.17173021286726,43.215921364026144,28.28916264632562,43.65801756402084,5.450773529467483,-1.7793893633097024,-46.62640926403042,-23.215139721840117,17.300343075361326,-23.992689799470625,508.7812061516484
ASTERDM.NS,ASTER DM QUALITY CARE LTD,US,NSI,734035378176.0,2026-08-04,834.7000122070312,2026-07-03,793.2000122070312,5.231971679441694,2026-05-04,744.8499755859375,12.062836754530748,2026-02-04,537.9934692382812,55.15058452082,2025-08-04,582.4239501953125,43.31485027824138,2024-08-02,364.9549255371094,128.71317902576362,2021-08-04,123.78508758544922,574.3138680827248,INR,8.755753797656496,8.303402842217338,7.848539966230192,5.9497480237664035,6.675705463124245,4.357988245148931,1.6679389108024196,5.447778025886585,11.559013973678688,47.16175815650408,31.158479744532986,100.912744714328,424.9445133121955
3283.T,NIPPON PROLOGIS REIT INC,US,JPX,732369059840.0,2026-08-05,87300.0,2026-07-03,87900.0,-0.6825938566552892,2026-05-01,87416.5390625,-0.1333146607607971,2026-02-05,90056.6328125,-3.0609992028453603,2025-08-05,78380.4375,11.379832499659104,2024-08-05,72766.28125,19.973150338777263,2021-08-05,106435.09375,-17.978180951242884,JPY,553.6108135711402,544.4443434476852,556.871285090052,573.9124989523625,533.9521546257602,499.8233459520561,971.7526187478506,1.683637681936112,-0.5854982302390677,-3.5374182333163473,3.681726681889419,10.761295576666296,-43.02965560468528
6323.T,RORZE CORP,US,JPX,730494533632.0,2026-08-05,4498.0,2026-07-03,4940.0,-8.947368421052627,2026-05-01,3704.0,21.43628509719222,2026-02-05,3171.26416015625,41.83618181395463,2025-08-05,1970.2236328125,128.29895678284458,2024-08-05,1604.0245361328125,180.4196506148437,2021-08-05,824.4734497070312,445.5603211477969,JPY,28.523956923745573,30.597895979881287,23.595663499087095,20.209817779692912,13.421782110297954,11.017862901151034,7.527444244308583,-6.778044665225902,20.886437140659986,41.13910988552709,112.51989258460968,158.88829058460766,278.932822322958
6134.T,FUJI CORPORATION,US,JPX,729590595584.0,2026-08-05,8485.0,2026-07-03,8748.0,-3.006401463191588,2026-05-01,6024.0,40.85325365205843,2026-02-05,3839.2666015625,121.0057513731082,2025-08-05,2783.08447265625,204.87755881522668,2024-08-05,1879.1260986328125,351.53968146008907,2021-08-05,2272.986328125,273.2974499234814,JPY,53.807419852819294,54.184290289878845,38.37480478361249,24.466860692366936,18.95924541988302,12.907504381838748,20.752369720476054,-0.6955345083295206,40.21548814704883,119.91959054071,183.80570355606113,316.8692743465419,159.28325573213124
032190.KQ,DAOU DATA,US,KOE,729231982592.0,2026-08-05,19250.0,2026-07-03,18680.0,3.051391862955022,2026-05-04,23850.0,-19.287211740041933,2026-02-05,23700.0,-18.77637130801688,2025-08-05,15447.3603515625,24.616760157685214,2024-08-05,9556.4404296875,101.43483488055902,2021-08-05,12798.12109375,50.41270401325391,KRW,13.476334032020532,12.113116488326341,16.205418203026056,16.23165350756608,11.164695277970111,7.041446407903038,11.186581643646605,11.254061207187682,-16.840566141612555,-16.974977159666494,20.704897863282355,91.38587800505351,20.468740686967468
003090.KS,Daewoong,US,KSC,728499093504.0,2026-08-05,17070.0,2026-07-03,17770.0,-3.939223410241977,2026-05-04,22400.0,-23.79464285714285,2026-02-05,24600.0,-30.609756097560982,2025-08-05,22002.666015625,-22.418492432335743,2024-08-05,18592.01171875,-8.186374566529853,2021-08-05,37883.0703125,-54.94029428135465,KRW,11.95018295722548,11.523023554473184,15.22018313407898,16.84804541291669,15.902591496323453,13.699102201902633,33.11283397449188,3.707007980439947,-21.48463095382708,-29.070805162575265,-24.85386447870297,-12.766670537243318,-63.91072124351791
ATGL.BO,ADANI TOTAL GAS LIMITED,US,BSE,726314582016.0,2026-08-04,667.0999755859375,2026-07-03,721.75,-7.571877300181851,2026-05-04,643.1253662109375,3.7278282951658026,2026-02-04,548.7083740234375,21.576416028497317,2025-08-04,605.6884765625,10.13912289894796,2024-08-02,907.844482421875,-26.51825411701556,2021-08-04,901.1285400390624,-25.97060841541876,INR,6.997679476736835,7.555447439663112,6.776660140227932,6.068245714194859,6.942361952292231,10.840723897602402,12.142232839865981,-7.38232867584011,3.2614788396555072,15.316350166372494,0.7968112988741449,-35.450071943216976,-42.36908837918422
SAIL.NS,STEEL AUTHORITY OF INDIA,US,NSI,724907196416.0,2026-08-05,175.5,2026-07-03,169.8800048828125,3.308214595981629,2026-05-05,187.30999755859372,-6.305054568643287,2026-02-05,158.5,10.725552050473189,2025-08-05,123.61075592041016,41.9779360567943,2024-08-05,133.88818359375,31.07952867036465,2021-08-05,123.37516784667967,42.24904659752657,INR,1.8454801957122982,1.7783435371552514,1.9663151694098813,1.7586685745045543,1.406372902248279,1.598945575527523,1.6630968273793199,3.7752356141740107,-6.14524952954757,4.9362126819261665,31.222678761944735,15.418574838198506,10.96649126679985
BAJAJHFL.NS,BAJAJ HOUSING FINANCE LTD,US,NSI,724427079680.0,2026-08-05,86.9800033569336,2026-07-03,91.3499984741211,-4.783793311639184,2026-05-05,86.48999786376953,0.5665458495395903,2026-02-05,91.30999755859376,-4.742081171211943,2025-08-05,114.2300033569336,-23.855378796455195,,,,,,,INR,0.914643154519716,0.9562731029920712,0.9079418985554071,1.0131484116365075,1.2996440329865777,,,-4.353353486791567,0.7380710125803214,-9.722687810138197,-29.6235637370743,,
UNOMINDA.BO,UNO Minda Limited,US,BSE,724143898624.0,2026-08-04,1225.0999755859375,2026-07-03,1127.0999755859375,8.694880855538422,2026-05-04,1107.9822998046875,10.570356205319808,2026-02-04,1201.1072998046875,1.9975464128102027,2025-08-04,1058.582763671875,15.730202458281962,2024-08-02,1013.7944946289062,20.843029043512253,2021-08-04,377.5181884765625,224.51415931235204,INR,12.850932798458985,11.798745583353138,11.674892457440137,13.283220321358954,12.133406835765754,12.10589084141634,5.086858913122569,8.917788824859297,10.073243460751403,-3.2543879604621573,5.913639692507244,6.15437531035492,152.63002214013514
OIL.NS,OIL INDIA LTD,US,NSI,722213863424.0,2026-08-05,444.0,2026-07-03,422.1000061035156,5.188342473303265,2026-05-05,476.5,-6.820566631689406,2026-02-05,490.9908752441406,-9.57062088389623,2025-08-05,421.4798889160156,5.343104540978882,2024-08-05,545.1410522460938,-18.55318945975023,2021-08-05,85.37523651123047,420.0571244585602,INR,4.6689071618020535,4.418641372215575,5.002131175249815,5.4478878401284305,4.795358544654164,6.510289781599511,1.1508578870185318,5.663862905013084,-6.661640844137196,-14.29876497435404,-2.6369536641442037,-28.284188286086533,305.6892874842741
6965.T,HAMAMATSU PHOTONICS,US,JPX,721425399808.0,2026-08-05,2550.0,2026-07-03,2669.0,-4.458598726114649,2026-05-01,2006.0,27.118644067796605,2026-02-05,1772.4735107421875,43.86674805268254,2025-08-05,1819.5557861328125,40.14409557728564,2024-08-05,1836.692138671875,38.83655002976836,2021-08-05,2892.8662109375,-11.852128164143004,JPY,16.17076259572059,16.531535297632217,12.778860955499113,11.295611107233412,12.39538542340216,12.616030316030674,26.411874289965453,-2.182330288241896,26.543067117119246,43.15969664859707,30.45792481120124,28.176313710764166,-38.77464954516962
YESBANK.NS,YES BANK LIMITED,US,NSI,720973201408.0,2026-08-05,22.96999931335449,2026-07-03,24.38999938964844,-5.822058679085574,2026-05-05,20.479999542236328,12.158202279169906,2026-02-05,21.3799991607666,7.436857881199654,2025-08-05,18.86000061035156,21.792145121920623,2024-08-05,23.540000915527344,-2.4214170773326997,2021-08-05,12.399999618530272,85.24193564513223,INR,0.2415423295061014,0.25532020566942043,0.21499190803635315,0.2372260734824856,0.21457836413412676,0.28112398944781347,0.16715195111799372,-5.396312495987143,12.34949804029779,1.8194694875875328,12.566022432308355,-14.079787363383234,44.50464256656807
036530.KS,SNT Holdings,US,KSC,719479963648.0,2026-08-05,48500.0,2026-07-03,50700.0,-4.339250493096647,2026-05-04,61100.0,-20.62193126022913,2026-02-05,56312.69921875,-13.87377860968999,2025-08-05,54446.22265625,-10.921276750072984,2024-08-05,18587.63671875,160.92612382012152,2021-08-05,15686.62890625,209.18051475467885,KRW,33.95336106768809,32.87660631467588,41.51576738804579,38.56743551875684,39.351414815156886,13.695878582369687,13.711368542922173,3.275139601411814,-18.21574499556341,-11.963653763872228,-13.717559515521248,147.90933172695676,147.629264441403
004490.KS,SGBC,US,KSC,718254571520.0,2026-08-05,53200.0,2026-07-03,54000.0,-1.4814814814814836,2026-05-04,67100.0,-20.715350223546945,2026-02-05,64300.0,-17.26283048211509,2025-08-05,62050.0,-14.262691377921032,2024-08-05,72890.953125,-27.01426210085657,2021-08-05,82278.546875,-35.34159021935206,KRW,37.243686779402196,35.01650376711041,45.59260215610266,44.03777723782696,44.84710178512614,53.70804577572653,71.91803198262278,6.360380885266137,-18.31199576658281,-15.42786871765378,-16.954083325504154,-30.655293370896462,-48.21370141440854
137400.KQ,P&T,US,KOE,717781663744.0,2026-08-05,31050.0,2026-07-03,35200.0,-11.78977272727273,2026-05-04,58000.0,-46.4655172413793,2026-02-05,51100.0,-39.236790606653614,2025-08-05,35568.296875,-12.703157789305877,2024-08-05,48822.62890625,-36.40244145881061,2021-08-05,27622.4765625,12.408458125558418,KRW,21.737151776324026,22.825572825968266,39.40940275788307,34.997362626018,25.707252703895392,35.973846901020124,24.144254223147072,-4.768428192110741,-44.84272722966871,-37.88917179672268,-15.443505275730152,-39.57512568468841,-9.96966990396978
3086.T,J FRONT RETAILING CO LTD,US,JPX,717069090816.0,2026-08-05,2919.5,2026-07-03,3173.0,-7.989284588717305,2026-05-01,2240.5,30.305735326935945,2026-02-05,2597.0693359375,12.415173503487065,2025-08-05,2074.117431640625,40.75866464757871,2024-08-05,1205.7864990234375,142.12412415999793,2021-08-05,812.5567016601562,259.2980027160064,JPY,18.51393780321814,19.653263956308365,14.272700882749632,16.550591622092725,14.129539294436313,8.28241092017754,7.418644310813818,-5.797134540212179,29.715727634946674,11.862694856808776,31.030017450804227,123.53319560750893,149.5595829581858
KERN.MX,KERING,US,MEX,714272735232.0,2026-08-04,5825.169921875,2026-07-03,6285.0,-7.316309914478913,2026-05-04,6282.25,-7.275738439651402,2026-02-04,6282.25,-7.275738439651402,2025-08-04,3719.49169921875,56.61198875906972,2024-08-02,6329.521484375,-7.9682415763188015,2021-08-04,17690.0234375,-67.07087504742036,MXN,336.1942277841954,359.6299057267606,360.0844967653975,364.43349094316363,197.13217093482854,334.47413884627167,890.6197144421167,-6.516609872920631,-6.634628592956915,-7.748811198960959,70.54254827607029,0.51426664670009,-62.251652154950655
189300.KQ,Intellian Tech,US,KOE,712421408768.0,2026-08-05,70200.0,2026-07-03,73700.0,-4.7489823609226605,2026-05-04,142000.0,-50.563380281690144,2026-02-05,95600.0,-26.56903765690377,2025-08-05,48130.52734375,45.8533780414019,2024-08-05,44623.14453125,57.3174654933569,2021-08-05,57770.8203125,21.514632508707287,KRW,49.144864885602146,47.791043104371056,96.48508951067924,65.47451794613153,34.786698771264355,32.879552075979745,50.49631842925919,2.8327939573833394,-49.06480873382757,-24.94047084693992,41.27487407973991,49.46938684576872,-2.6763407426430685
074600.KQ,WONIK QnC,US,KOE,712404828160.0,2026-08-05,27900.0,2026-07-03,31200.0,-10.576923076923071,2026-05-04,38850.0,-28.185328185328185,2026-02-05,28250.0,-1.2389380530973493,2025-08-05,17607.62890625,58.454043690667646,2024-08-05,24604.564453125,13.393594319270496,2021-08-05,30372.734375,-8.141296547324773,KRW,19.531933480175212,20.231757732108235,26.39750512316823,19.347857029060833,12.726045539940742,18.12931533045105,26.548199562876107,-3.459038315896734,-26.008411063693025,0.9514048550074206,53.47999045637677,7.736740876078452,-26.42840643895169
7276.T,KOITO MANUFACTURING CO LTD,US,JPX,711447740416.0,2026-08-05,2693.5,2026-07-03,2596.0,3.755778120184905,2026-05-01,2521.5,6.8213365060479925,2026-02-05,2567.309326171875,4.915289035945203,2025-08-05,1904.6932373046875,41.41384802791368,2024-08-05,1721.7265625,56.44179852165114,2021-08-05,3005.12353515625,-10.369741260571752,JPY,17.080764333950356,16.07938015460968,16.06276066764258,16.360937167556358,12.975368477114614,11.826344791850715,27.43678388453418,6.227753618062182,6.337663166198326,4.399669523952521,31.639917310068366,44.42978481162116,-37.74501994900867
6302.T,SUMITOMO HEAVY INDUSTRIES,US,JPX,709145985024.0,2026-08-05,5997.0,2026-07-03,5356.0,11.967886482449597,2026-05-01,5175.5703125,15.871288339298362,2026-02-05,5135.12060546875,16.784014646381905,2025-08-05,3322.900634765625,80.47485191873601,2024-08-05,2840.750244140625,111.10620380547373,2021-08-05,2536.344970703125,136.44260024840048,JPY,38.029828739818186,33.17456090450287,32.97003658466929,32.72507317969894,22.636642638546277,19.512791744328524,23.156834653783562,14.635514993828602,15.346637975833023,16.21006477507303,68.00118881171883,94.89691294876714,64.22723273020627
014620.KQ,SKB,US,KOE,709081628672.0,2026-08-05,27450.0,2026-07-03,27400.0,0.1824817518248256,2026-05-04,46500.0,-40.96774193548387,2026-02-05,31700.0,-13.406940063091488,2025-08-05,32154.544921875,-14.631041842779924,2024-08-05,12182.5302734375,125.32264959645802,2021-08-05,9244.9423828125,196.91910304420037,KRW,19.216902295011096,17.767633392941207,31.59546945244074,21.710692666238174,23.23993793659531,8.976421154322168,8.080819207644936,8.156792016238136,-39.17829793940094,-11.486461577087848,-17.310870848967497,114.0820040039912,137.80883845081897
1808.T,HASEKO CORPORATION,US,JPX,708585455616.0,2026-08-05,2659.5,2026-07-03,2825.0,-5.858407079646022,2026-05-01,2744.0,-3.0794460641399457,2026-02-05,3250.752685546875,-18.188178023373947,2025-08-05,2212.349853515625,20.21154772486877,2024-08-05,1469.02880859375,81.03797450683396,2021-08-05,1186.71337890625,124.10634676177352,JPY,16.865154166007414,17.49778464436531,17.480156760662794,20.716381891855008,15.071221962376171,10.090592535416818,10.83469552217366,-3.6154889959833736,-3.5182899276931967,-18.590252612410897,11.90303087639224,67.13740156301691,55.65877353444928
5344.T,MARUWA CO LTD,US,JPX,707073212416.0,2026-08-05,60250.0,2026-07-03,73700.0,-18.24966078697422,2026-05-01,70650.0,-14.720452937013452,2026-02-05,48077.8046875,25.31770198663983,2025-08-05,45162.04296875,33.4084909349432,2024-08-05,29957.58984375,101.11764769544656,2021-08-05,10935.279296875,450.9690092434839,JPY,382.07390054594725,456.49087727069855,450.0630740309134,306.3900144900472,307.6580192661622,205.7752922802065,99.83912184487963,-16.301963616377403,-15.106587811355565,24.701812225136543,24.18785684744531,85.67530450918908,282.689564457084
445680.KQ,Curiox Biosystems,US,KOE,707049029632.0,2026-08-05,42050.0,2026-07-03,42050.0,0.0,2026-05-04,101200.0,-58.44861660079052,2026-02-05,127700.0,-67.07126076742365,2025-08-05,41300.0,1.8159806295399596,2024-08-05,18025.0,133.28710124826628,,,,KRW,29.43791408033576,27.267481174203567,68.76261308789253,87.4591625703033,29.84988402458839,13.28131247573765,,7.959785109104733,-57.18907010891493,-66.3409604949369,-1.3801391788098027,121.64913395504433,
388210.KQ,CMTX,US,KOE,706578808832.0,2026-08-05,79000.0,2026-07-03,84300.0,-6.287069988137606,2026-05-04,140200.0,-43.65192582025678,2026-02-05,128200.0,-38.37753510140406,,,,,,,,,,KRW,55.30547472881153,54.664653103100136,95.26203908026218,87.80160251772031,,,,1.1722778602523576,-41.943847451958916,-37.01085954820738,,,
6269.T,MODEC INC(JAPAN),US,JPX,703567167488.0,2026-08-05,10225.0,2026-07-03,9354.0,9.311524481505227,2026-05-01,12762.0341796875,-19.87954384047593,2026-02-05,14657.2880859375,-30.239482637923494,2025-08-05,6330.236328125,61.52635494145318,2024-08-05,1837.0614013671875,456.5954405438107,2021-08-05,1575.40771484375,549.0383348804485,JPY,64.8415872710757,57.937797367572784,81.2982354394585,93.40789868058982,43.12355779709196,12.618566739669973,14.383475586453187,11.91586531966935,-20.242319011508936,-30.58232955994139,50.36233229218459,413.85857529467387,350.80611345525944
019210.KQ,YG-1,US,KOE,701845667840.0,2026-08-05,18890.0,2026-07-03,22600.0,-16.415929203539825,2026-05-04,15990.0,18.13633520950595,2026-02-05,8720.0,116.62844036697248,2025-08-05,5476.2412109375,244.9446303108724,2024-08-05,4712.0029296875,300.8910920022027,2021-08-05,7649.93310546875,146.93026382800656,KRW,13.224309083889239,14.65505528030917,10.864764656871557,5.972152682952583,3.9579943108270186,3.4719324990718974,6.686653503736011,-9.762816782699634,21.717400252433052,121.43286995387483,234.11642476883787,280.8918833365656,97.77171161180203
248070.KS,SOLUM,US,KSC,700029665280.0,2026-08-05,14780.0,2026-07-03,15600.0,-5.25641025641026,2026-05-04,20850.0,-29.1127098321343,2026-02-05,16140.0,-8.426270136307313,2025-08-05,15877.146484375,-6.91022461406855,2024-08-05,15578.5166015625,-5.125755050916792,2021-08-05,30808.6328125,-52.026433337855536,KRW,10.34702425939031,10.115878866054118,14.167000818997622,11.05396150262095,11.475326421307386,11.478676665399064,26.92920966769634,2.2849758918312757,-26.96390441712131,-6.3953293401919575,-9.832418882848037,-9.858735802010777,-61.57694790500161
NATIONALUM.NS,NATIONAL ALUMINIUM CO LTD,US,NSI,699756707840.0,2026-08-05,381.0,2026-07-03,347.6000061035156,9.608743760072835,2026-05-05,411.5499572753906,-7.423146749338128,2026-02-05,357.56884765625,6.552906523410451,2025-08-05,179.16766357421875,112.64997957746648,2024-08-05,157.65737915039062,141.66328404873525,2021-08-05,75.63690948486328,403.7223263018792,INR,4.006427091546357,3.63875798564834,4.320308229716602,3.9674769438161093,2.038467810779821,1.8828066979134803,1.0195852730541048,10.104247310432402,-7.265248715618489,0.981735956675367,96.54110162346336,112.79014441505146,292.94673995686026
FORTIS.BO,FORTIS HEALTHCARE LTD.,US,BSE,698789265408.0,2026-08-04,935.0,2026-07-03,973.6674194335938,-3.9713169673570414,2026-05-04,951.7406616210938,-1.758952022978555,2026-02-04,858.989013671875,8.848889231214363,2025-08-04,860.787109375,8.621515101322142,2024-08-02,504.3182067871094,85.39881912189158,2021-08-04,246.2852020263672,279.6411608602856,INR,9.807870709337294,10.192577777960423,10.028562616711383,9.499684436257894,9.866285901729498,6.022148663313033,3.318563484725445,-3.7743844295697992,-2.200633488655024,3.2441737949013394,-0.5920687173880057,62.86331104854492,195.54567072411243
3197.T,SKYLARK HOLDINGS CO LTD,US,JPX,698098319360.0,2026-08-05,3051.0,2026-07-03,2849.0,7.09020709020709,2026-05-01,3002.118896484375,1.6282201072338245,2026-02-05,3358.825927734375,-9.164688327329085,2025-08-05,2859.201171875,6.708126382000001,2024-08-05,1809.4420166015625,68.61551638611184,2021-08-05,1366.16845703125,123.3253142610224,JPY,19.347841835115105,17.646438390016556,19.124456605209502,21.405110556881255,19.477776278438796,12.428852313296261,12.473120744264179,9.641625168176237,1.168060533781401,-9.611110002441848,-0.6670907472508758,55.66877252549682,55.11628750978217
006730.KQ,Seobu T&D,US,KOE,697195823104.0,2026-08-05,10370.0,2026-07-03,10220.0,1.4677103718199636,2026-05-04,14960.0,-30.681818181818176,2026-02-05,17900.0,-42.06703910614525,2025-08-05,8730.4345703125,18.77988336643377,2024-08-05,5659.64990234375,83.2268811487018,2021-08-05,7717.94580078125,34.362177030969754,KRW,7.2597186447819695,6.627197564812377,10.164908021688461,12.259350117528811,6.3099869106073925,4.170184679961466,6.746102040231676,9.544322072545608,-28.58057712581171,-40.782190122771745,15.051247294634361,74.0862624062264,7.613531510303906
093320.KQ,KINX,US,KOE,696604557312.0,2026-08-05,140500.0,2026-07-03,119000.0,18.067226890756302,2026-05-04,106700.0,31.677600749765688,2026-02-05,134600.0,4.383358098068357,2025-08-05,86855.34375,61.76321908805986,2024-08-05,63294.61328125,121.97781567238178,2021-08-05,61297.5859375,129.20967906184111,KRW,98.35973670124076,77.1659990423359,72.499711625278,92.18483384465799,62.77534958482465,46.637200389417785,53.578993715191245,27.46512443553961,35.66914198172662,6.698393433119598,56.68528706213418,110.9040334324165,83.57891755879103
3462.T,NOMURA REAL ESTATE MASTER FUND ,US,JPX,696025350144.0,2026-08-05,150000.0,2026-07-03,153300.0,-2.1526418786692814,2026-05-01,161400.0,-7.063197026022305,2026-02-05,166316.625,-9.810579669951814,2025-08-05,154634.796875,-2.997253508695441,2024-08-05,129055.84375,16.228754654901078,2021-08-05,140186.59375,7.000245877648337,JPY,951.2213291600347,949.5258003473282,1028.1695703975856,1059.9018294388661,1053.4207973963275,886.4699766114645,1279.9038812318759,0.17856584961528643,-7.484002975092485,-10.25382703003439,-9.701675578163327,7.304404464557557,-25.68025278238022
PRYN.MX,PRYSMIAN SPA,US,MEX,695886413824.0,2026-08-04,2381.139892578125,2026-07-03,2928.659912109375,-18.695240689005,2026-05-04,2327.4599609375,2.3063740103611785,2026-02-04,2049.68701171875,16.170902140880415,2025-08-04,1473.429931640625,61.605234252760766,2024-08-02,455.8616943359375,422.3382271780429,2021-08-04,454.0164794921875,424.4611154294232,MXN,137.42525937745904,167.5789479868954,133.40479108214276,118.90239850714715,78.0914341617381,24.089332506795472,22.85785707101877,-17.993721151534114,3.013736060529282,15.578206245518667,75.97994050516786,470.4818069935816,501.2167236433508
000670.KS,Youngpoong,US,KSC,695820746752.0,2026-08-05,37250.0,2026-07-03,39900.0,-6.641604010025059,2026-05-04,67500.0,-44.81481481481482,2026-02-05,58100.0,-35.88640275387264,2025-08-05,39238.98046875,-5.068889265188803,2024-08-05,26919.830078125,38.373830339550594,2021-08-05,61806.328125,-39.73109044002119,KRW,26.077581438585185,25.8733055612538,45.86439114063978,39.791521889856085,28.360266736931635,19.835266300212993,54.02367508477255,0.7895236920839821,-43.141987084009905,-34.46447836107256,-8.048885151612007,31.470790681066685,-51.72934570322193
005257.KS,GC Corp.(2PB),US,KSC,694794059776.0,2026-08-05,15290.0,2026-07-03,18280.0,-16.35667396061269,2026-05-04,22800.0,-32.93859649122807,2026-02-05,24136.537109375,-36.6520560480023,2025-08-05,28430.767578125,-46.22023496908918,2024-08-05,23173.875,-34.02052958342099,2021-08-05,71034.453125,-78.4752337389097,KRW,10.704059602576308,11.853734978940338,15.491972118616104,16.530628997125973,20.548549998476005,17.07514425235422,62.0897945545039,-9.698844949769626,-30.905765123901475,-35.24711246960219,-47.90844315842149,-37.31203997822452,-82.76035590167716
9404.T,NIPPON TELEVISION HOLDINGS INC,US,JPX,692999553024.0,2026-08-05,2773.5,2026-07-03,2860.5,-3.0414263240692185,2026-05-01,2986.0,-7.116543871399861,2026-02-05,3657.259521484375,-24.164528557319407,2025-08-05,3557.28564453125,-22.03325014779719,2024-08-05,1857.5516357421875,49.30944295886795,2021-08-05,1107.9886474609375,150.3184492328276,JPY,17.58808237616904,17.717668309807777,19.021774084307253,23.306966802350644,24.233346930689777,12.759311839305724,10.115938566672753,-0.7313938345205551,-7.537108272781934,-24.537231612673082,-27.42198415071172,37.84507031161382,73.86505720896209
BIOCON.NS,BIOCON LIMITED.,US,NSI,692350550016.0,2026-08-05,425.2000122070313,2026-07-03,426.7999877929688,-0.3748771395733041,2026-05-05,367.8101196289063,15.603130396745811,2026-02-05,367.3606567382813,15.744569922727592,2025-08-05,371.9052429199219,14.330201120231244,2024-08-05,339.5394287109375,25.228464282131945,2021-08-05,379.8234558105469,11.946749391674704,INR,4.471214824756147,4.467841877407182,3.861142635819761,4.076123927539244,4.231326408062841,4.054913978830314,5.120018844535821,0.07549388365823972,15.800301788303695,9.69280876245142,5.6693432167321145,10.26657650690581,-12.671906871438365
036830.KQ,Soulbrain Holdings,US,KOE,692096401408.0,2026-08-05,34400.0,2026-07-03,36600.0,-6.010928961748629,2026-05-04,71900.0,-52.1557719054242,2026-02-05,50576.96875,-31.984852295047823,2025-08-05,45776.61328125,-24.852457326522742,2024-08-05,43583.53125,-21.071104122615125,2021-08-05,37013.56640625,-7.0611039681079735,KRW,24.08238393254578,23.733408108819276,48.85406997054815,34.6391490385231,33.08538976958221,32.11353660623172,32.35281800296889,1.470399118939958,-50.705470502122076,-30.4763985230609,-27.211424437603394,-25.008621044022505,-25.563257177981104
6473.T,JTEKT CORPORATION,US,JPX,691575914496.0,2026-08-05,2155.5,2026-07-03,2131.0,1.1496949788831534,2026-05-01,1867.0,15.452597750401708,2026-02-05,1839.6329345703125,17.17011364027712,2025-08-05,1281.198974609375,68.24084648188162,2024-08-05,777.6610717773438,177.17730489885608,2021-08-05,858.1326904296875,151.18493026069078,JPY,13.669050500029698,13.199213832616806,11.893386542331427,11.723604377175548,8.727929759220729,5.3416658407621185,7.834753179405993,3.5595806945097674,14.929843164335521,16.594266236428968,56.61274640287821,155.89490072032424,74.46689368542485
8227.T,SHIMAMURA CO,US,JPX,691160875008.0,2026-08-05,3308.0,2026-07-03,3354.0,-1.3714967203339312,2026-05-01,3257.0,1.565858151673316,2026-02-05,10663.5341796875,-68.97838986345386,2025-08-05,11124.9150390625,-70.26494145452129,2024-08-05,6432.728515625,-48.57547630115404,2021-08-05,5071.98779296875,-34.77902284019986,JPY,20.97760104574263,20.774360954761505,20.74813067400828,67.95652199733286,75.78641488363655,44.18568374044662,46.30725869092885,0.978321746809474,1.1059809451740898,-69.13084950615048,-72.3201037046654,-52.523986798601484,-54.69910843620733
PHOENIXLTD.NS,THE PHOENIX MILLS LTD,US,NSI,690469797888.0,2026-08-04,1932.300048828125,2026-07-03,2047.5999755859373,-5.63097910395406,2026-05-04,1787.4000244140625,8.106748485782479,2026-02-04,1719.0999755859375,12.401842607758784,2025-08-04,1471.837646484375,31.28486375135251,2024-08-02,1730.9100341796875,11.634920976345263,2021-08-04,428.1928405761719,351.26864947766103,INR,20.269250321446407,21.434754406643602,18.83396789564108,19.011776661305817,16.870107443508687,20.66908830251805,5.769673181601945,-5.437450147952028,7.620711863576579,6.614182790711487,20.148910665329822,-1.9344732347141291,251.3067323480299
PRESTIGE.BO,PRESTIGE ESTATES PROJECTS LTD.,US,BSE,689168384000.0,2026-08-04,1555.0,2026-07-03,1667.699951171875,-6.757807427689977,2026-05-04,1453.800048828125,6.96106395466487,2026-02-04,1533.25,1.4185553562693576,2025-08-04,1630.5716552734375,-4.634672449323585,2024-08-02,1691.1788330078125,-8.052302355606844,2021-08-04,364.1453552246094,327.02727844512987,INR,16.311485511250794,17.45787229124744,15.318799973322257,16.956434750696644,18.68950633550378,20.19465133631502,4.9066670227770715,-6.566589335009576,6.480178210155518,-3.803566309358475,-12.72382898490767,-19.228684667020346,232.4351425424184
000370.KS,Hanwha General Ins,US,KSC,689097736192.0,2026-08-05,5900.0,2026-07-03,5880.0,0.340136054421758,2026-05-04,6850.0,-13.868613138686136,2026-02-05,6390.0,-7.668231611893583,2025-08-05,5950.0,-0.8403361344537785,2024-08-05,5100.0,15.686274509803932,2021-08-05,4481.27392578125,31.65899022723575,KRW,4.130408872151747,3.8129081879742444,4.654386360198259,4.376382527989335,4.300407020491548,3.7578193412628025,3.916991898348101,8.326995262537062,-11.257713638198974,-5.62047888328896,-3.95307112861073,9.91504638867864,5.44849158083911
8804.T,TOKYO TATEMONO CO,US,JPX,688257564672.0,2026-08-05,3270.0,2026-07-03,3314.0,-1.3277006638503286,2026-05-01,3493.5693359375,-6.399453236485009,2026-02-05,3751.734130859375,-12.840305684161812,2025-08-05,2523.888671875,29.56197460051646,2024-08-05,1905.4525146484373,71.61277832228352,2021-08-05,1378.412353515625,137.22944673703063,JPY,20.736624975688756,20.52660471200943,22.25515293237322,23.909034162195667,17.193522227828907,13.088337552282722,12.584907543647432,1.0231612418416747,-6.823264532482964,-13.268663070978592,20.607195552549975,58.43589678868042,64.77375700829936
V,Visa Inc.,US,NYQ,688081600512.0,2026-08-05,368.5400085449219,2026-07-02,362.1300048828125,1.7700835544361082,2026-05-05,321.36376953125,14.680011714601315,2026-02-05,327.773193359375,12.437507401909343,2025-08-05,334.7855834960937,10.082401009128873,2024-08-05,252.5940399169922,45.90209993317025,2021-08-05,231.3944549560547,59.26916166375431,USD,368.5400085449219,362.1300048828125,321.36376953125,327.773193359375,334.7855834960937,252.5940399169922,231.3944549560547,1.7700835544361082,14.680011714601315,12.437507401909343,10.082401009128894,45.90209993317025,59.26916166375431
002995.KS,KUMHOE&C(1P),US,KSC,687713878016.0,2026-08-05,18900.0,2026-07-03,30750.0,-38.53658536585366,2026-05-04,14780.0,27.87550744248985,2026-02-05,15354.5546875,23.09051212918805,2025-08-05,10870.0498046875,73.87224842198734,2024-08-05,9544.1962890625,98.02610327345327,2021-08-05,32065.25390625,-41.05769424044353,KRW,13.231309776892886,19.939953534048982,10.042602978646755,10.516025799598083,7.856409830785026,7.032424590558378,28.02759702919957,-33.644229640257585,31.751795874298416,25.820438529150238,68.41420014834931,88.14719740695169,-52.791850963504615
4203.T,SUMITOMO BAKELITE CO,US,JPX,687056027648.0,2026-08-05,7869.0,2026-07-03,7506.0,4.836131095123908,2026-05-01,5433.0,44.83710657095528,2026-02-05,5355.93505859375,46.92112420918857,2025-08-05,4581.04638671875,71.77298232154119,2024-08-05,3024.47607421875,160.17729374938548,2021-08-05,2086.950927734375,277.05726068713574,JPY,49.90107092773542,46.49145895242691,34.60994594777003,34.13227851971669,31.207526605462363,20.77478366627338,19.053866142943434,7.333845941030681,44.18130268981428,46.19906168558246,59.9007558612513,140.20019524317274,161.89472810071246
5393.T,NICHIAS CORP,US,JPX,685441155072.0,2026-08-05,3647.0,2026-07-03,3953.0,-7.740956235770302,2026-05-01,3111.0,17.22918675666989,2026-02-05,2711.43505859375,34.50442002809644,2025-08-05,1906.1231689453125,91.33076284980794,2024-08-05,1251.64697265625,191.37608923867103,2021-08-05,842.5252075195312,332.8653869878969,JPY,23.12736124964431,24.48451068997383,19.81806402420625,17.279420977958125,12.985109620502328,8.597421320384,7.692256829230075,-5.542889778415139,16.69838800296539,33.84338097408415,78.10678481395546,169.00346496699706,200.657684254143
2670.T,ABC-MART INC,US,JPX,685402816512.0,2026-08-05,2744.5,2026-07-03,2800.0,-1.9821428571428543,2026-05-01,2657.5,3.273753527751655,2026-02-05,2553.8515625,7.465133851137828,2025-08-05,2801.7236328125,-2.0424438778444465,2024-08-05,2366.4248046875,15.976640988701396,2021-08-05,1830.3251953125,49.94603183241537,JPY,17.404179585864767,17.342936992645264,16.929124122252688,16.275173592592182,19.086221232257685,16.254704012689217,16.710872692824523,0.3531270006082332,2.8061431895796574,6.936982802975833,-8.81285837528748,7.071648750283077,4.148837142047901
8046.TW,NAN YA PRINTED CIRCUIT BOARD CO,US,TAI,684935413760.0,2026-08-05,1060.0,2026-07-03,1185.0,-10.54852320675106,2026-05-05,994.9119873046876,6.542087493753312,2026-02-05,396.6675415039063,167.22630139616842,2025-08-05,177.12826538085938,498.43639168531286,2024-08-05,138.97589111328125,662.7222185868042,2021-08-05,360.6654052734375,193.90121273105305,TWD,32.72099748253822,37.111385855823755,31.486550897438523,12.530129085569344,5.927174081374346,4.264515877164399,13.013504802788702,-11.830300248937121,3.920551949690121,161.1385506013839,452.05055618935245,667.2851602629129,151.43877824155675
9513.T,ELECTRIC POWER DEVELOPMENT,US,JPX,684496257024.0,2026-08-05,3825.0,2026-07-03,3659.0,4.5367586772342205,2026-05-01,3811.0,0.3673576489110486,2026-02-05,3290.423095703125,16.2464488227962,2025-08-05,2595.19189453125,47.38794491691649,2024-08-05,2080.78466796875,83.82488389507132,2021-08-05,1334.3927001953125,186.6472515504725,JPY,24.256143893580884,22.66350230574608,24.277287687640637,20.969193300811867,17.67926217243007,14.292674259066644,12.18300802081842,7.02734099235407,-0.08709290070536557,15.675140886997108,37.20110973526447,69.71032470143825,99.09815254272011
6368.T,ORGANO CORP,US,JPX,684447236096.0,2026-08-05,15625.0,2026-07-03,16125.0,-3.100775193798455,2026-05-01,15560.0,0.4177377892030876,2026-02-05,14635.8125,6.7586784129682,2025-08-05,10437.4423828125,49.70142518563678,2024-08-05,5410.33544921875,188.79909844141443,2021-08-05,1382.2684326171875,1030.3882539237056,JPY,99.08555512083694,99.87673535943031,99.12217171862721,93.27103916445049,71.10313525725041,37.16298154169499,12.620113553554688,-0.7921566876871955,-0.03694087524052092,6.233999329775464,39.35469197292978,166.62434231674322,685.1399648692359
005090.KS,SGC Energy,US,KSC,682903273472.0,2026-08-05,51400.0,2026-07-03,40050.0,28.33957553058677,2026-05-04,60500.0,-15.041322314049587,2026-02-05,28350.0,81.30511463844796,2025-08-05,22952.87890625,123.93705038022024,2024-08-05,21707.013671875,136.78982644488374,2021-08-05,38380.8046875,33.92111087431198,KRW,35.98356203874573,25.970573627273552,41.1080839112401,19.416345018544234,16.58936497292939,15.99432074847607,33.54789363535929,38.55512995275863,-12.465971130055964,85.3261363267825,116.90741084703298,124.97711909506518,7.260272224123376
ALKEM.NS,ALKEM LABORATORIES LTD.,US,NSI,681102016512.0,2026-08-04,5608.0,2026-07-03,5562.5,0.8179775280898971,2026-05-04,5360.5,4.617106613189059,2026-02-04,5608.28857421875,-0.0051454951886187,2025-08-04,4855.30859375,15.50244215617731,2024-08-02,5199.0810546875,7.865215814318138,2021-08-04,3230.027099609375,73.62083434774298,INR,58.82624485343695,58.22954815812409,56.48398988787085,62.02287902939361,55.651231536034174,62.083102697022696,43.52291530000139,1.0247317971496361,4.146759055470106,-5.153959677430853,5.70519866275907,-5.245965008353126,35.1615452410539
2212.T,YAMAZAKI BAKING LTD,US,JPX,680897150976.0,2026-08-05,3425.0,2026-07-03,3224.0,6.23449131513647,2026-05-01,3244.0,5.579531442663388,2026-02-05,3464.0,-1.1258660508083107,2025-08-05,3304.6875,3.640661938534273,2024-08-05,2671.138916015625,28.222458946795005,2021-08-05,1477.8297119140625,131.75877250187318,JPY,21.719553682487458,19.96915316581726,20.665316520258784,22.075363405048847,22.512569044920383,18.347750737992783,13.492588224603992,8.76552201355485,5.101480837204586,-1.611795538912908,-3.522544943007544,18.377200522528714,60.973960821552666
7337.T,HIROGIN HOLDINGS INC,US,JPX,674428289024.0,2026-08-05,2219.5,2026-07-03,2198.5,0.9551967250398086,2026-05-01,1842.5,20.461329715061048,2026-02-05,1844.072509765625,20.35860782296952,2025-08-05,1264.46337890625,75.52900598195644,2024-08-05,817.49365234375,171.50057907320812,2021-08-05,493.0450744628906,350.1616819553183,JPY,14.074904933804646,13.617302492260933,11.737313714111224,11.751896881736911,8.613921625690864,5.615271326085804,4.501502515659155,3.3604485308583065,19.915896231716502,19.767090159528333,63.397178955361035,150.65404886883246,212.67126664581366
8253.T,CREDIT SAISON CO,US,JPX,673884930048.0,2026-08-05,4588.0,2026-07-03,4592.0,-0.087108013937287,2026-05-01,4259.0,7.72481803240197,2026-02-05,4305.837890625,6.553012829148663,2025-08-05,3811.582275390625,20.36995841916609,2024-08-05,2455.564697265625,86.8409333750779,2021-08-05,1086.6163330078125,322.22814627681595,JPY,29.094689721241593,28.442416667938232,27.131190832238644,27.440224075859078,25.965695438714306,16.866995840728805,9.920809292983108,2.293310940904103,7.2370538438357945,6.029344515586721,12.050492889406783,72.49479395131245,193.2693176737102
3132.T,MACNICA HOLDINGS INC,US,JPX,673539817472.0,2026-08-05,3846.0,2026-07-03,3175.0,21.133858267716544,2026-05-01,2594.0,48.265227447956825,2026-02-05,2459.145263671875,56.39580372968052,2025-08-05,1968.658447265625,95.36146584197552,2024-08-05,1385.3726806640625,177.61482911273117,2021-08-05,770.67333984375,399.044121700091,JPY,24.38931487966329,19.66565176844597,16.524608832783997,15.671629723256729,13.411119574826103,9.515968065773336,7.036249133686852,24.01986553426394,47.59390147424312,55.62717669030617,81.85890255906942,156.29883067163524,246.6238107303029
NPN.JO,Naspers Ltd -N-,US,JNB,673358610432.0,2026-08-04,91200.0,2026-07-03,78849.0,15.664117490393023,2026-05-04,89794.0,1.5658061785865485,2026-02-04,93680.0,-2.6473099914602893,2025-08-04,111483.03125,-18.193828264783573,2024-08-02,68285.0,33.55788240462767,2021-08-04,53491.80859375,70.49339403090558,ZAR,5519.57865357399,4848.278086647391,5416.7137047201395,5880.048761367798,6189.341240188922,3735.053801946342,3739.744510477729,13.846164657415638,1.8990287185422616,-6.130393172283089,-10.821225726996564,47.7777549200959,47.592399376739735
005690.KS,Pharmicell,US,KSC,672644988928.0,2026-08-05,11420.0,2026-07-03,12350.0,-7.530364372469633,2026-05-04,20250.0,-43.604938271604944,2026-02-05,13790.0,-17.186366932559828,2025-08-05,13384.474609375,-14.677263521416128,2024-08-05,4274.7099609375,167.1526279994782,2021-08-05,17297.6640625,-33.979524872623244,KRW,7.994791410164908,8.008404102292843,13.759317342191935,9.444493749761023,9.673729172394474,3.149723092058764,15.119542147012908,-0.16998008534606646,-41.89543557041549,-15.349709343952899,-17.355641576370385,153.82521499498694,-47.122794245827095
2327.T,NS SOLUTIONS CORPORATION,US,JPX,672273661952.0,2026-08-05,3662.0,2026-07-03,3593.0,1.9204007792930744,2026-05-01,3566.0,2.692091979809308,2026-02-05,3940.380126953125,-7.064803851002588,2025-08-05,3627.25390625,0.9579173294191,2024-08-05,3128.453369140625,17.05464547185942,2021-08-05,1650.809326171875,121.83058587946994,JPY,23.222483382560313,22.254704505205154,22.716559405438602,25.11123650592458,24.70999270215725,21.48899193084503,15.071892448639801,4.348648516671183,2.2271153306806957,-7.521545675055263,-6.019869522126875,8.066881207335964,54.07808582561962
6324.T,HARMONIC DRIVE SYSTEMS,US,JPX,672134201344.0,2026-08-05,7390.0,2026-07-03,8840.0,-16.402714932126695,2026-05-01,5150.0,43.49514563106796,2026-02-05,3456.47607421875,113.80156672053126,2025-08-05,2861.241455078125,158.27949566731755,2024-08-05,3552.35107421875,108.03124031386014,2021-08-05,6095.4541015625,21.237891006441316,JPY,46.86350414995104,54.75412964820862,32.8071455238387,22.027414965137268,19.491675328343376,24.400697265430153,55.65150813474702,-14.411014381845321,42.845417977307875,112.75081176852476,140.42830264982683,92.05805326040914,-15.791133572728878
3281.T,GLP J-REIT,US,JPX,671202541568.0,2026-08-05,141500.0,2026-07-03,138400.0,2.2398843930635737,2026-05-01,135200.0,4.659763313609466,2026-02-05,140710.40625,0.5611480849519568,2025-08-05,127999.0546875,10.5476914227699,2024-08-05,112901.359375,25.33064330076849,2021-08-05,164232.65625,-13.841739376969986,JPY,897.3187871742994,857.2365999221802,861.2671989947557,896.7186353466532,871.9697570002863,775.5066527513118,1499.4444799354824,4.675743809323807,4.185877300519736,0.06692755162984731,2.9070996981842123,15.707426105350276,-40.15658470976472
032500.KQ,KMW,US,KOE,670925586432.0,2026-08-05,17090.0,2026-07-03,17160.0,-0.4079254079254024,2026-05-04,31650.0,-46.00315955766193,2026-02-05,18500.0,-7.621621621621621,2025-08-05,13200.0,29.46969696969697,2024-08-05,10300.0,65.92233009708738,2021-08-05,53300.0,-67.93621013133209,KRW,11.964184343232773,11.12746675265953,21.505303401499987,12.670278054429218,9.540398768149316,7.5893214147072285,46.588463825173676,7.519389715303015,-44.36635410408451,-5.572835167177814,25.405495451356618,57.64498154008295,-74.31942725536267
8233.T,TAKASHIMAYA CO,US,JPX,668805365760.0,2026-08-05,2245.0,2026-07-03,2336.0,-3.89554794520548,2026-05-01,1869.0,20.117710005350453,2026-02-05,2139.600830078125,4.926113714305602,2025-08-05,1186.5562744140625,89.20299427927354,2024-08-05,984.1627807617188,128.1126703717065,2021-08-05,511.7781677246094,338.66662190405253,JPY,14.236612559761852,14.468964576721191,11.906127181369811,13.635238413891102,8.08319396415851,6.760102695804619,4.672535694594302,-1.6058648545809961,19.573832388072265,4.410441003056409,76.12607866256904,110.59757817876381,204.68707978480114
TORNTPOWER.BO,TORRENT POWER LTD.,US,BSE,667269070848.0,2026-07-17,1389.6500244140625,,,,,,,,,,,,,,,,,,,INR,14.377842129463374,,,,,,,,,,,,
5274.TWO,ASPEED TECHNOLOGY INC,US,TWO,666158891008.0,2026-08-05,16020.0,2026-07-03,15695.4541015625,2.0677700456286363,2026-05-05,16098.4765625,-0.4874781920843674,2026-02-05,8261.8935546875,93.9022803181824,2025-08-05,4343.6025390625,268.8182759801423,2024-08-05,3260.685302734375,391.3077624070561,2021-08-05,1758.3856201171875,811.0629555155456,TWD,494.5192261040211,491.5443488147321,509.4777308187622,260.98075062803764,145.34827817551195,100.05508245032934,63.4459512278454,0.6052103531374753,-2.9360468200841483,89.48494282202203,240.23053613808608,394.2469827552407,679.4338591096489
253450.KQ,Studio Dragon,US,KOE,665795756032.0,2026-08-05,22200.0,2026-07-03,21800.0,1.83486238532109,2026-05-04,34800.0,-36.206896551724135,2026-02-05,45400.0,-51.10132158590308,2025-08-05,44850.0,-50.50167224080268,2024-08-05,35350.0,-37.1994342291372,2021-08-05,92600.0,-76.02591792656588,KRW,15.541538468096405,14.136292261537164,23.645641654729843,31.093547225464135,32.41567308723461,26.046845826203935,80.93980769626796,9.940698597345188,-34.27313711747962,-50.01683675586352,-52.05548122887287,-40.332358966623374,-80.79864666047013
002350.KS,NEXENTIRE,US,KSC,665259016192.0,2026-08-05,6460.0,2026-07-03,6700.0,-3.5820895522388096,2026-05-04,7350.0,-12.10884353741497,2026-02-05,8577.3583984375,-24.68543693852422,2025-08-05,5708.51416015625,13.16429842793243,2024-08-05,6967.4951171875,-7.283752749759453,2021-08-05,8681.16015625,-25.585982936288488,KRW,4.522447680355981,4.3446402822155505,4.994122590869665,5.874460317875503,4.125871322842244,5.1338407669649655,7.588028440900416,4.092568926092022,-9.44460016612343,-23.015095248927942,9.611941974975169,-11.909077713184102,-40.4002276008953
035760.KQ,CJ ENM,US,KOE,664541069312.0,2026-08-05,32150.0,2026-07-03,31400.0,2.388535031847128,2026-05-04,54200.0,-40.68265682656826,2026-02-05,70900.0,-54.65444287729196,2025-08-05,65900.0,-51.21396054628224,2024-08-05,73600.0,-56.31793478260869,2021-08-05,162665.234375,-80.23548170970383,KRW,22.5072280067252,20.361448486801237,36.82740740478039,48.557984543731436,47.629718092503026,54.23049088567495,142.18242752895094,10.538442396742575,-38.88457104964807,-53.64875989353484,-52.74540999169201,-58.49709704053129,-84.17017602112446
9412.T,SKY PERFECT JSAT CORPORATION,US,JPX,662230138880.0,2026-08-05,2500.0,2026-07-03,2766.0,-9.616775126536512,2026-05-01,3515.0,-28.876244665718357,2026-02-05,2567.491455078125,-2.628692490665807,2025-08-05,1436.24853515625,74.06458135938318,2024-08-05,652.6141967773438,283.0747189296802,2021-08-05,367.4116821289063,580.4356316364693,JPY,15.853688819333911,17.132344186306,22.39167310995981,16.362097837819647,9.784176057001105,4.482733016524264,3.354469392453723,-7.46339994730042,-29.19828392688444,-3.107236147375858,62.03396920673503,253.66123212990814,372.6139059428792
SUZLON.NS,SUZLON ENERGY LIMITED,US,NSI,661771583488.0,2026-08-05,48.150001525878906,2026-07-03,56.869998931884766,-15.33321183362446,2026-05-05,54.84999847412109,-12.215126954658585,2026-02-05,47.84999847412109,0.6269656454013672,2025-08-05,65.44000244140625,-26.42114955757907,2024-08-05,67.8499984741211,-29.034631379919684,2021-08-05,6.381587028503418,654.5145323697143,INR,0.5063240697408915,0.5953284209540044,0.5757961958652799,0.5309292656563257,0.7445391420137639,0.810291483144816,0.08602377063379762,-14.950462312967494,-12.06540206817255,-4.634364218935582,-31.994969616851744,-37.51334176982818,488.5862314688672
MCX.BO,MULTI COMMODITY EXCHANGE OF IN,US,BSE,661660303360.0,2026-08-04,2685.0,2026-07-03,2814.300048828125,-4.594394577151273,2026-05-04,2912.5,-7.811158798283257,2026-02-04,2544.050048828125,5.540376504652533,2025-08-04,1589.970458984375,68.87106202684399,2024-08-02,861.809814453125,211.55365777585268,2021-08-04,282.75787353515625,849.5756798673777,INR,28.164847972802818,29.460749703307556,30.689230584539473,28.13501950462137,18.224138062469365,10.291016172513082,3.810013538823682,-4.398739826906873,-8.22563017597574,0.10601900658555596,54.546941404078076,173.68383744289576,639.2322280696812
7180.T,KYUSHU FINANCIAL GROUP INC,US,JPX,659605618688.0,2026-08-05,1528.5,2026-07-03,1512.5,1.0578512396694162,2026-05-01,1265.0,20.83003952569169,2026-02-05,1255.469482421875,21.74728429491037,2025-08-05,762.801025390625,100.37990893067636,2024-08-05,635.7794799804688,140.41354716999606,2021-08-05,352.8153381347656,333.22946447871146,JPY,9.692945344140753,9.368282929062843,8.058454191777855,8.000850192959433,5.196440132884732,4.3670972531868415,3.221204742602737,3.4655487834459375,20.28293657151505,21.148941804588794,86.53049195738254,121.95396122830635,200.9105635523448
IOB.NS,INDIAN OVERSEAS BANK,US,NSI,658575392768.0,2026-08-05,34.20000076293945,2026-07-03,34.369998931884766,-0.4946120867859727,2026-05-05,34.560001373291016,-1.0416683913380351,2026-02-05,34.81999969482422,-1.7805828182615555,2025-08-05,36.900001525878906,-7.317074935744583,2024-08-05,61.11000061035156,-44.03534540769382,2021-08-05,22.299999237060547,53.363237367749306,INR,0.3596320461615399,0.3597931699773227,0.3627988673368634,0.3863522979655869,0.41982723794950516,0.7297997662951872,0.3006039110544947,-0.04478234419874605,-0.872886180315191,-6.916032839651198,-14.338086323785703,-50.721819494790445,19.636516005390337
OBEROIRLTY.BO,OBEROI REALTY LTD.,US,BSE,657392861184.0,2026-08-04,1789.0,2026-07-03,1928.164794921875,-7.217474112606315,2026-05-04,1688.0828857421875,5.978208481951586,2026-02-04,1539.7769775390625,16.185657150118992,2025-08-04,1603.3099365234375,11.581669847266497,2024-08-02,1761.99267578125,1.5327716505277422,2021-08-04,701.1119384765625,155.16610141988113,INR,18.76607561390847,20.184479062058927,17.787455768706195,17.028617544605254,18.37703428703719,21.040251361979244,9.447114396602274,-7.027198689594383,5.501741552740658,10.203165728234055,2.116997339150095,-10.808690965452627,98.64346747677611
019175.KS,ShinpoongPharm(1P),US,KSC,657282695168.0,2026-08-05,12250.0,2026-07-03,12500.0,-2.0000000000000018,2026-05-04,18950.0,-35.35620052770449,2026-02-05,20000.0,-38.74999999999999,2025-08-05,20800.0,-41.105769230769226,2024-08-05,18500.0,-33.78378378378378,2021-08-05,86000.0,-85.75581395348837,KRW,8.575848929467611,8.105672168312594,12.87600314244628,13.697597896680236,15.033355634659529,13.631305453600362,75.17087971791625,5.800589406922629,-33.396653957026714,-37.39158504903942,-42.95452633545156,-37.08710468957675,-88.59152778090524
9041.T,KINTETSU GROUP HOLDINGS CO LTD,US,JPX,656582180864.0,2026-08-05,3435.0,2026-07-03,3422.0,0.3798947983635337,2026-05-01,3453.0,-0.5212858384013863,2026-02-05,3266.927001953125,5.14468177422982,2025-08-05,2854.6015625,20.332029699854125,2024-08-05,2995.919921875,14.65593505750986,2021-08-05,3404.7138671875,0.8895353323043809,JPY,21.782968437764794,21.195546567440033,21.996713299769908,20.819457501698025,19.446442294927692,20.578634689483806,31.08504441493551,2.7714400685809215,-0.9717127240429613,4.627934882492424,12.01518564373365,5.852350102198134,-29.92460249695292
102710.KQ,ENF,US,KOE,655811674112.0,2026-08-05,46150.0,2026-07-03,41150.0,12.150668286755772,2026-05-04,57900.0,-20.29360967184801,2026-02-05,54100.0,-14.695009242144174,2025-08-05,40675.42578125,13.459168806718669,2024-08-05,21510.099609375,114.55037790659928,2021-08-05,35834.2734375,28.787318879206737,KRW,32.30819821183104,26.68387277808506,39.34145551174879,37.05200231052004,29.398468334650488,15.84922908717624,31.32202160871202,21.07762048080639,-17.877470999560153,-12.803097816233555,9.897556036111578,103.84712741625965,3.148508788604887
064960.KS,SNT MOTIV,US,KSC,650675617792.0,2026-08-05,27200.0,2026-07-03,26500.0,2.641509433962264,2026-05-04,34500.0,-21.15942028985507,2026-02-05,33647.04296875,-19.160801068723188,2025-08-05,31604.734375,-13.93694477142714,2024-08-05,18171.982421875,49.680972436211945,2021-08-05,24893.546875,9.2652651571975,KRW,19.04188496991992,17.1840249968227,23.441799916327,23.044183249912976,22.84255824991942,13.38961314000187,21.75895137084808,10.811553017647114,-18.76952692247228,-17.367932881753013,-16.638562276678915,42.21385465597747,-12.487120149403875
048410.KQ,HDBIO,US,KOE,650432348160.0,2026-08-05,6810.0,2026-07-03,8040.0,-15.298507462686572,2026-05-04,14400.0,-52.708333333333336,2026-02-05,9480.0,-28.164556962025312,2025-08-05,5770.0,18.024263431542465,2024-08-05,8245.43359375,-17.408830929619658,2021-08-05,14683.6494140625,-53.62188371592367,KRW,4.767471935483627,5.213568338658661,9.784403443336487,6.492661403026432,4.170310673653148,6.075460752096433,12.83468423168074,-8.556450672512039,-51.27478171670815,-26.5713759035492,14.31934713169396,-21.529047260513757,-62.85477811977839
002960.KS,HankookShellOil,US,KSC,649350021120.0,2026-08-05,499500.0,2026-07-03,481000.0,3.846153846153855,2026-05-04,495500.0,0.8072653884964698,2026-02-05,410890.78125,21.56515132328733,2025-08-05,417442.5625,19.65718038155249,2024-08-05,274729.40625,81.81526572567257,2021-08-05,182413.59375,173.82827657272662,KRW,349.6846155321691,311.90626503666863,336.67860459536314,281.41083505076494,301.7097355339465,202.42813263135213,159.44407342667546,12.112084536378,3.863034585294556,24.2612479612194,15.901004955415088,72.74506808250321,119.31490334946866
009240.KS,Hanssem,US,KSC,649072607232.0,2026-08-05,38650.0,2026-07-03,33750.0,14.518518518518508,2026-05-04,39860.30078125,-3.0363563684379318,2026-02-05,43051.03125,-10.22282422096451,2025-08-05,43384.390625,-10.912659038875228,2024-08-05,47893.51953125,-19.300146704020584,2021-08-05,87520.7109375,-55.83902417383171,KRW,27.05767845909577,21.885314854444005,27.083976681700733,29.484785754995755,31.356392945125663,35.28925372856452,76.50010272917825,23.633946502722903,-0.09709882309392182,-8.231727766543973,-13.709212324111174,-23.326011178314566,-64.63053317080634
094170.KQ,DONGWOON ANATECH,US,KOE,648883666944.0,2026-08-05,32000.0,2026-07-03,31650.0,1.1058451816745585,2026-05-04,48650.0,-34.224049331963,2026-02-05,30350.0,5.436573311367376,2025-08-05,17812.921875,79.64486806014244,2024-08-05,18136.302734375,76.44169524887874,2021-08-05,7002.44189453125,356.9834420902697,KRW,22.402217611670494,20.52356193016749,33.056335244327784,20.786104808212258,12.874422569196213,13.363323371418005,6.12069438820356,9.153653190879973,-32.23018387824904,7.774967067517791,74.00561066925681,67.63956830967084,266.0077793599102
005880.KS,KorLine,US,KSC,648722120704.0,2026-08-05,1998.0,2026-07-03,1859.0,7.4771382463690195,2026-05-04,2600.0,-23.15384615384616,2026-02-05,2145.0,-6.853146853146852,2025-08-05,1783.0,12.058328659562534,2024-08-05,1851.0,7.94165316045381,2021-08-05,3055.0,-34.599018003273315,KRW,1.3987384621286765,1.205475564871449,1.7666283994913101,1.4690673744189553,1.2886765911825933,1.3638673726818524,2.670314389979467,16.0320874921954,-20.824409789210073,-4.787317009071501,8.54068985959322,2.556780090593036,-47.61895949864421
7731.T,NIKON CORP,US,JPX,648292204544.0,2026-08-05,1976.0,2026-07-03,2271.0,-12.989872302950245,2026-05-01,1800.0,9.777777777777777,2026-02-05,1922.236328125,2.79693350335557,2025-08-05,1435.7337646484375,37.62997351280204,2024-08-05,1256.9541015625,57.20542202325967,2021-08-05,907.1895141601562,117.81556876010744,JPY,12.530755642801523,14.06636068224907,11.466575134545565,12.250018906970581,9.78066927864478,8.633875387869011,8.282642078151241,-10.916860971618558,9.280718050238757,2.2917249186545696,28.117568295262906,45.134775287674486,51.28935337983962
3328.HK,BANKCOMM,US,HKG,648148353024.0,2026-08-05,7.335000038146973,2026-07-03,6.610000133514404,10.968228290293558,2026-05-05,6.972882270812988,5.193229331430604,2026-02-05,6.671824932098389,9.939935666747267,2025-08-05,6.792914390563965,7.980163099597126,2024-08-05,4.902341365814209,49.62238430184745,2021-08-05,3.208897113800049,128.58321030619453,HKD,0.9353243012940737,0.8428101645774788,0.8901873915505547,0.8540263403729682,0.8654232377798508,0.6281050947763589,0.41269071116172285,10.976865325654273,5.070495288064936,9.519373944087173,8.07709574491513,48.91207045965808,126.6405024385306
001680.KS,Daesang,US,KSC,647968260096.0,2026-08-05,17710.0,2026-07-03,17490.0,1.2578616352201255,2026-05-04,20450.0,-13.398533007334969,2026-02-05,21541.30859375,-17.785867451254177,2025-08-05,22117.0234375,-19.925933749420256,2024-08-05,19897.59765625,-10.994280284699888,2021-08-05,22839.73828125,-22.459706928696267,KRW,12.398227309458889,11.341456497902982,13.895211834460497,14.753209164274494,15.985244178655648,14.661093591631698,19.963758361959663,9.317769827458244,-10.773383974536078,-15.962505707017904,-22.439550056960258,-15.434498579726785,-37.89632650992543
7189.T,NISHI-NIPPON FINANCIAL HLDGS IN,US,JPX,646409945088.0,2026-08-05,4439.0,2026-07-03,4282.0,3.66651097617936,2026-05-01,3908.0,13.587512794268177,2026-02-05,4029.14404296875,10.172283558501436,2025-08-05,2239.196533203125,98.24074993766185,2024-08-05,1380.06884765625,221.65061964399,2021-08-05,536.3695678710938,727.6010172648031,JPY,28.149809867609292,26.52230578660965,24.89520868100226,25.676910785168275,15.254109975264441,9.47953663744147,4.8970552271006795,6.13635968944044,13.073203074174856,9.630827879300163,84.53918264163617,196.9534371165945,474.8313744110151
NDA-SE.ST,Nordea Bank Abp,US,STO,646340345856.0,2026-08-04,194.510009765625,2026-07-03,187.12290954589844,3.947726249903472,2026-05-04,169.80319213867188,14.550266880010131,2026-02-04,177.68714904785156,9.46768565308176,2025-08-04,142.40773010253906,36.58669345095964,2024-08-02,116.76306915283205,66.5852149801145,2021-08-04,98.71279907226562,97.04639276131576,SEK,20.332516655043946,19.32309433854107,18.43386673406758,19.968775348735335,14.761254594235766,10.884056863266041,11.476484568596788,5.223916515739013,10.29979194472248,1.8215503953358247,37.7424698235592,86.81009214189874,77.16676682230725
NTAP.MX,NETAPP INC,US,MEX,645526388736.0,2026-08-05,3289.570068359375,2026-07-03,2649.47998046875,24.159083767727864,2026-05-05,1747.876953125,88.20375556059639,2026-02-05,1972.026123046875,66.81168823853262,2025-08-05,1975.024169921875,66.5584714585796,,,,,,,MXN,190.6444616528397,151.60417431995484,99.76523635922058,113.82953143057966,104.65699566170042,,,25.751459356581986,91.09307872172432,67.48242679809904,82.1612214716065,,
ASML,ASML Holding N.V. - New York Re,US,NMS,644604297216.0,2026-08-05,1678.219970703125,2026-07-02,1767.03466796875,-5.026200044378282,2026-05-05,1441.0562744140625,16.457629066949096,2026-02-05,1343.7049560546875,24.894975131342974,2025-08-05,685.1173706054688,144.95364483606764,2024-08-05,806.8275756835938,108.00230697137914,2021-08-05,758.2559814453125,121.32630823488766,USD,1678.219970703125,1767.03466796875,1441.0562744140625,1343.7049560546875,685.1173706054688,806.8275756835938,758.2559814453125,-5.026200044378282,16.457629066949096,24.894975131342978,144.95364483606764,108.00230697137914,121.32630823488766
5076.T,INFRONEER HLDGS INC,US,JPX,644115398656.0,2026-08-05,2547.5,2026-07-03,2684.0,-5.085692995529056,2026-05-01,2123.5,19.96703555450907,2026-02-05,2391.359375,6.529366795820901,2025-08-05,1227.8792724609375,107.4715370749972,2024-08-05,1013.2105712890624,151.42848606079284,,,,JPY,16.154908906901255,16.624443888664246,13.52737349900417,15.239644121014862,8.364699203813814,6.959628679604861,,-2.824365042870114,19.423840171859762,6.005814693692746,93.13197657526717,132.12314407294593,
6505.TW,FORMOSA PETROCHEMICAL CORPORATI,US,TAI,643954835456.0,2026-08-05,67.5999984741211,2026-07-03,58.900001525878906,14.770792398739864,2026-05-05,54.16889190673828,24.79487044059705,2026-02-05,48.546669006347656,39.24744963507618,2025-08-05,38.13333511352539,77.27271499561093,2024-08-05,59.49385452270508,13.625178628025193,2021-08-05,85.26141357421875,-20.714429141763723,TWD,2.0867352640484,1.8446081717599156,1.7143140235951648,1.5335160195303104,1.2760409245540671,1.825586331365777,3.076396568169457,13.12620728864462,21.72421361123873,36.07521783095107,63.53200151301126,14.3049347048545,-32.16949707852306
5105.T,TOYO TIRE CORPORATION,US,JPX,643701997568.0,2026-08-05,4145.0,2026-07-03,3871.0,7.078274347713776,2026-05-01,3726.211669921875,11.238983911155676,2026-02-05,4325.94482421875,-4.182781601968955,2025-08-05,3179.58740234375,30.36282622533417,2024-08-05,1734.6392822265625,138.9545793451378,2021-08-05,1619.62939453125,155.9227446720697,JPY,26.285416062455624,23.976610392332077,23.737158933544265,27.56836145058287,21.660347893597418,11.915040801433747,14.78721961041856,9.629408128773376,10.73530802926157,-4.6536874903753915,21.352695679580158,120.60701679924315,77.75766340777028
171090.KQ,SUNIC SYSTEM,US,KOE,643123380224.0,2026-08-05,66100.0,2026-07-03,56700.0,16.578483245149922,2026-05-04,98500.0,-32.89340101522843,2026-02-05,79300.0,-16.645649432534682,2025-08-05,38550.0,71.46562905317768,2024-08-05,33950.0,94.6980854197349,2021-08-05,28150.0,134.81349911190054,KRW,46.274580754106864,36.76732895546593,66.92803744226694,54.310975660337135,27.862300947890617,25.015287575661205,24.605351907666773,25.85787999491751,-30.85919963808297,-14.796999701294599,66.08312730758223,84.98520400433067,88.06713648215772
317450.KS,MYUNGIN PHARM,US,KSC,642399993856.0,2026-08-05,43400.0,2026-07-03,42700.0,1.6393442622950838,2026-05-04,56000.0,-22.5,2026-02-05,63500.0,-31.65354330708662,,,,,,,,,,KRW,30.383007635828108,27.688976126955822,38.05045783519745,43.48987332195975,,,,9.729617651876943,-20.150743606235388,-30.137741697015862,,,
BANKINDIA.NS,BANK OF INDIA,US,NSI,641926168576.0,2026-08-05,141.0,2026-07-03,144.0500030517578,-2.11732244855416,2026-05-05,134.19635009765625,5.06992172096532,2026-02-05,158.28933715820312,-10.92261643683756,2025-08-05,107.21763610839844,31.50821554902325,2024-08-05,114.33171844482422,23.325357055702558,2021-08-05,60.3085823059082,133.79757011165353,INR,1.4826934905722737,1.507949049866113,1.4087465822208287,1.7563311226453493,1.2198613052981955,1.3653945437373451,0.8129594767509758,-1.6748284231540622,5.249127790952368,-15.580070781922274,21.54607119125145,8.590846314198597,82.38221374796146
5901.T,TOYO SEIKAN GROUP HOLDINGS LIMI,US,JPX,641643970560.0,2026-08-05,4239.0,2026-07-03,4111.0,3.1135976648017483,2026-05-01,3438.0,23.29842931937174,2026-02-05,3966.27734375,6.876035955472259,2025-08-05,3068.6650390625,38.13824402597705,2024-08-05,1881.7318115234373,125.27120889602936,2021-08-05,1226.51904296875,245.61224501982755,JPY,26.88151476206258,25.463147848844528,21.90115850698203,25.276274171043042,20.904709921173435,12.925402728617085,11.198121314653235,5.570273249944679,22.74014981213357,6.350780103732734,28.59070928717127,107.9742916059892,140.05379122734573
SCHAEFFLER.NS,SCHAEFFLER INDIA LIMITED,US,NSI,639203803136.0,2026-08-04,4055.5,2026-07-03,4162.10009765625,-2.561209369190287,2026-05-04,4174.2001953125,-2.8436632111175864,2026-02-04,3812.2333984375,6.381209546671673,2025-08-04,4024.98291015625,0.7581917867712118,2024-08-02,3977.7275390625,1.9551982928380784,2021-08-04,1318.2613525390625,207.64005879326027,INR,42.540983595419675,43.569835159623835,43.983860017158804,42.16004361652176,46.13409251680196,47.49871462106603,17.762877963705478,-2.3613850280471027,-3.2804679288635397,0.9035568899379065,-7.788402730743382,-10.43761092315446,139.49375592368978
GLENMARK.NS,GLENMARK PHARMACEUTICALS,US,NSI,637463035904.0,2026-08-05,2259.0,2026-07-03,2211.0,2.170963364993206,2026-05-05,2417.89990234375,-6.571814746744609,2026-02-05,1969.300048828125,14.71080810383707,2025-08-05,2047.5777587890625,10.325480451397985,2024-08-05,1412.30810546875,59.95093359959369,2021-08-05,588.3284912109375,283.9691658227147,INR,23.754642519168556,23.145263995975256,25.38227173168343,21.850764098702257,23.296175593824046,16.866341270062094,7.9306659862518245,2.6328432602854113,-6.4124646907911975,8.713097683295068,1.9679922290165575,40.840518633008195,199.528974746236
3653.TW,JENTECH PRECISION INDUSTRIAL CO,US,TAI,636820324352.0,2026-08-05,4340.0,2026-07-03,3398.896484375,27.6885018402687,2026-05-05,4750.50439453125,-8.641280176560196,2026-02-05,2981.488037109375,45.564897325824425,2025-08-05,1301.91650390625,233.3547110723561,2024-08-05,1023.4902954101562,324.0391940659072,2021-08-05,263.0230407714844,1550.045557708616,TWD,133.97087648510933,106.44536617353879,150.34194010681495,94.18070818303477,43.56552434742298,31.40609914379013,9.490379599143353,25.85881499688345,-10.889219342303491,42.24874612828846,207.51581323050016,326.57598408428623,1311.6492926921721
BERGEPAINT.BO,BERGER PAINTS INDIA LTD.,US,BSE,635976286208.0,2026-07-17,493.7000122070313,,,,,,,,,,,,,,,,,,,INR,5.108006123930239,,,,,,,,,,,,
293940.KS,Shinhan Alpha REIT,US,KSC,634935640064.0,2026-08-05,5220.0,2026-07-03,5210.0,0.1919385796545158,2026-05-04,5665.3369140625,-7.860731335449522,2026-02-05,5588.12646484375,-6.587654505668805,2025-08-05,5190.89599609375,0.5606739940108962,2024-08-05,5612.3583984375,-6.9909718977806845,2021-08-05,5328.96533203125,-2.044774646520653,KRW,3.6543617479037493,3.3784441597526893,3.8494404173343355,3.8271954655613456,3.7517589217215175,4.1353390077935614,4.657941999942636,8.167001587241218,-5.06771499961739,-4.515936518341535,-2.59604030669105,-11.630902786527308,-21.54557210139685
336370.KS,Solus Advanced Materials,US,KSC,633554010112.0,2026-08-05,7060.0,2026-07-03,8250.0,-14.42424242424243,2026-05-04,13660.0,-48.31625183016105,2026-02-05,7950.0,-11.194968553459116,2025-08-05,8628.46484375,-18.177797234534854,2024-08-05,12558.04296875,-43.78104918442769,2021-08-05,29730.28515625,-76.25317092353612,KRW,4.942489260574803,5.349743631086312,9.281593821942806,5.444795163930394,6.236287527752438,9.253109167917273,25.98664755185837,-7.612596015723705,-46.749563109622805,-9.225432513663112,-20.74628954197564,-46.58563763938302,-80.98065842963513
SBICARD.NS,SBI CARDS & PAY SER LTD,US,NSI,633508397056.0,2026-08-05,665.7000122070312,2026-07-03,603.7999877929688,10.251743237081158,2026-05-05,645.6500244140625,3.1053956531891247,2026-02-05,747.0827026367188,-10.89339776472661,2025-08-05,802.0401611328125,-16.999167315164442,2024-08-05,697.8131103515625,-4.6019625696560045,2021-08-05,1014.3255004882812,-34.37017881473224,INR,7.0002062040655915,6.320719185090411,6.7778092663638745,8.289406130492921,9.125156955259627,8.333559806347353,13.673104168647342,10.75015356761908,3.281251049736711,-15.5523798223006,-23.286730974739456,-15.999808404401161,-48.8030946175545
GODREJPROP.BO,GODREJ PROPERTIES LTD,US,BSE,632533286912.0,2026-07-17,2099.550048828125,,,,,,,,,,,,,,,,,,,INR,21.72273494377555,,,,,,,,,,,,
397030.KQ,AprilBio,US,KOE,631418060800.0,2026-08-05,26550.0,2026-07-03,32700.0,-18.80733944954128,2026-05-04,57700.0,-53.98613518197573,2026-02-05,64600.0,-58.90092879256965,2025-08-05,20550.0,29.197080291970813,2024-08-05,15550.0,70.7395498392283,,,,KRW,18.586839924682863,21.204438392305747,39.20556101948023,44.24324120627716,14.85266626405064,11.457664854242466,,-12.344578145359918,-52.5913175545491,-57.98942523667142,25.14143652221157,62.22188518457716,
025540.KS,KorElecTerm,US,KSC,631175970816.0,2026-08-05,63300.0,2026-07-03,69600.0,-9.05172413793104,2026-05-04,88600.0,-28.55530474040632,2026-02-05,74900.0,-15.48731642189586,2025-08-05,61983.71484375,2.123598367035795,2024-08-05,51200.51953125,23.6315579988698,2021-08-05,82429.3828125,-23.20699507845778,KRW,44.314386713085696,45.132382633164525,60.201260074973106,51.29750412306748,44.799193692472045,37.72594168181081,72.04987465837803,-1.8124368188745743,-26.389602712804194,-13.612976945678756,-1.0821779130989473,17.463964416960962,-38.49484551749629
GICRE.NS,GENERAL INS CORP OF INDIA,US,NSI,630969925632.0,2026-08-05,359.6499938964844,2026-07-03,360.9500122070313,-0.3601657477715236,2026-05-05,397.75,-9.578882741298711,2026-02-05,373.1000061035156,-3.604934866524656,2025-08-05,372.8154296875,-3.531354858904612,2024-08-05,366.0688781738281,-1.7534635310614275,2021-08-05,154.30575561523438,133.0762015081806,INR,3.781919892444506,3.778508965120864,4.175441080704331,4.139806030799434,4.241681995619729,4.371739143690121,2.080041041394793,0.09027178061844499,-9.424661506502307,-8.644997753332351,-10.839145972046149,-13.491638724531885,81.81948419193212
APARINDS.NS,APAR INDUSTRIES LTD.,US,NSI,629518172160.0,2026-08-05,15666.0,2026-07-03,14174.0,10.526315789473696,2026-05-05,12794.0,22.448022510551823,2026-02-05,9535.0,64.2999475616151,2025-08-05,8949.5,75.0488854125929,2024-08-05,8115.03271484375,93.04912931951918,2021-08-05,644.7323608398438,2329.845460152348,INR,164.73671080358326,148.37673988193274,134.30695961415768,105.7975069899112,101.82232278212905,96.91292619243677,8.690989949890309,11.025967368381728,22.656868472672876,55.70944485420859,61.788403861178054,69.9842500643011,1795.4884512973397
XOM,ExxonMobil Holdings Corporation,US,NYQ,628498366464.0,2026-08-05,151.6300048828125,2026-07-02,137.08999633789062,10.606177644854986,2026-05-05,153.83584594726562,-1.4338927646351585,2026-02-05,144.13446044921875,5.200383315851509,2025-08-05,103.9272003173828,45.900211320761365,2024-08-05,107.47693634033205,41.08143574419276,2021-08-05,47.5942497253418,218.5889172701389,USD,151.6300048828125,137.08999633789062,153.83584594726562,144.13446044921875,103.9272003173828,107.47693634033205,47.5942497253418,10.606177644854986,-1.4338927646351585,5.200383315851509,45.900211320761386,41.08143574419274,218.58891727013892
075580.KS,SEJIN HEAVY,US,KSC,627618021376.0,2026-08-05,11210.0,2026-07-03,13430.0,-16.530156366344006,2026-05-04,20300.0,-44.77832512315271,2026-02-05,18276.31640625,-38.66378896697976,2025-08-05,13875.0,-19.20720720720721,2024-08-05,6987.05517578125,60.43955168489945,2021-08-05,5990.2978515625,87.13593677275999,KRW,7.84777685708832,8.708734177635051,13.793290965259075,12.517081658265624,10.028260068793315,5.148253152553167,5.235999526445312,-9.886136182199257,-43.1043912808453,-37.303462010203795,-21.743385161005,52.43572187580523,49.88116055877736
014820.KS,DWS,US,KSC,627528171520.0,2026-08-05,21500.0,2026-07-03,19510.0,10.199897488467457,2026-05-04,27600.0,-22.10144927536232,2026-02-05,29212.28515625,-26.400827990685105,2025-08-05,29842.18359375,-27.95433372877294,2024-08-05,36555.54296875,-41.185390083305386,2021-08-05,40975.4921875,-47.52961135495818,KRW,15.051489957841113,12.651333120302297,18.7534399330616,20.006906785673664,21.56866148459835,26.93512282320239,35.8158580768486,18.971572519003168,-19.740111619170676,-24.768530592550032,-30.215929400213316,-44.11946789091493,-57.97534732925913
8418.T,YAMAGUCHI FINANCIAL GROUP INC,US,JPX,625810800640.0,2026-08-05,3018.0,2026-07-03,2987.0,1.0378305992634784,2026-05-01,2640.0,14.318181818181808,2026-02-05,2600.459228515625,16.05642445402662,2025-08-05,1673.265380859375,80.36589022417834,2024-08-05,1283.871337890625,135.07028398644007,2021-08-05,540.010009765625,458.8785291794631,JPY,19.138573142699897,18.501197427511215,16.817643530666828,16.57219471405756,11.398809242045331,8.818766836135865,4.930292468876587,3.445051152423817,13.800563722265103,15.486050417120545,67.89975809144948,117.0209678781561,288.1833230688807
7327.T,DAISHI HOKUETSU FINANCIAL GROUP,US,JPX,625670750208.0,2026-08-05,2353.0,2026-07-03,2211.0,6.422433288104923,2026-05-01,1944.0,21.03909465020577,2026-02-05,1849.3582763671875,27.233323584121734,2025-08-05,1215.6199951171875,93.56377893185012,2024-08-05,662.5299682617188,255.1537459012716,2021-08-05,329.9501037597656,613.1381300347167,JPY,14.921491916757077,13.694726318120956,12.38390114530921,11.78558199103361,8.281185156678646,4.550843328002031,3.0124451070413727,8.957941693313408,20.49104512118185,26.60801925699763,80.18546421128052,227.88410501725838,395.32825948858516
003160.KS,DI,US,KSC,624969777152.0,2026-08-05,23800.0,2026-07-03,24700.0,-3.643724696356277,2026-05-04,33800.0,-29.585798816568044,2026-02-05,30500.0,-21.967213114754102,2025-08-05,13371.197265625,77.99453203181454,2024-08-05,13260.8740234375,79.47534949759319,2021-08-05,9077.9521484375,162.17366660273117,KRW,16.66164934867993,16.016808204585686,22.96616919338703,20.88883679243736,9.664132872852292,9.770974291631944,7.934856384130171,4.026027756951112,-27.451334141187335,-20.236586104631016,72.40708057196213,70.52188299123145,109.98047780680027
456160.KQ,G2GBIO,US,KOE,623760048128.0,2026-08-05,36850.0,2026-07-03,37250.0,-1.0738255033557076,2026-05-04,85200.0,-56.748826291079816,2026-02-05,84000.0,-56.13095238095238,,,,,,,,,,KRW,25.797553718439303,24.15490306157153,57.89105370640755,57.52991116605699,,,,6.800485403235146,-55.43775407980878,-55.15801572511375,,,
0R34.L,JOHNSON & JOHNSON JOHNSON & JOH,US,LSE,623132475392.0,2026-08-05,258.4100036621094,,,,,,,,,,,,,,,,,,,GBP,347.5869071437628,,,,,,,,,,,,
453340.KS,HYUNDAIGREENFOOD,US,KSC,622731526144.0,2026-08-05,18900.0,2026-07-03,17580.0,7.508532423208192,2026-05-04,16350.0,15.596330275229352,2026-02-05,15202.853515625,24.318766740567437,2025-08-05,15853.314453125,19.217972089580535,2024-08-05,11029.1259765625,71.36444030255471,,,,KRW,13.231309776892886,11.399817337514833,11.10937474295497,10.412128716958136,11.45810164239981,8.126561355284423,,16.065980578047757,19.100400184839785,27.07593362098162,15.475583912883572,62.815601807879304,
2357.TW,ASUSTEK COMPUTER INC,US,TAI,622433075200.0,2026-08-05,838.0,2026-07-03,675.0,24.14814814814814,2026-05-05,554.5999755859375,51.0998984654929,2026-02-05,471.8800048828125,77.58752041382012,2025-08-05,635.4400024414062,31.87712400546765,2024-08-05,387.2504577636719,116.39742011910236,2021-08-05,229.0868682861328,265.800102934458,TWD,25.868109330534935,21.139397006481886,17.551743854561664,14.905977312042069,21.263481040932447,11.882893589264711,8.265896914724067,22.369192094756073,47.38198976058931,73.54185364039772,21.655100972124576,117.69200520237595,212.94981775608642
3774.T,INTERNET INITIATIVE JAPAN INC,US,JPX,621186973696.0,2026-08-05,3495.0,2026-07-03,3309.0,5.621033544877596,2026-05-01,2749.0,27.137140778464897,2026-02-05,2325.313232421875,50.302331370637134,2025-08-05,2815.443115234375,24.13676486974785,2024-08-05,2093.80615234375,66.92089647782299,2021-08-05,1594.111572265625,119.24437792222687,JPY,22.163456969428807,20.49563518166542,17.512008358258754,14.81874556474645,19.179682654943804,14.382117360703432,14.554241842112106,8.137448646897049,26.561480077048994,49.56365147502972,15.556953512554061,54.10427000120648,52.28176919047578
3038.T,KOBE BUSSAN CO LTD,US,JPX,620960284672.0,2026-08-05,2746.5,2026-07-03,2661.5,3.1936877700544875,2026-05-01,2804.5,-2.0681048315207677,2026-02-05,3788.0,-27.49472016895459,2025-08-05,4023.94482421875,-31.746082017085463,2024-08-05,3824.108154296875,-28.179332561137016,2021-08-05,3664.378662109375,-25.048684831632663,JPY,17.416862536920235,16.485081002116203,17.86556109157391,24.140149127691984,27.412375811078846,26.267365875086625,33.45578451175584,5.652271497388561,-2.5115279187357786,-27.851056574705414,-36.46350591078237,-33.69391274425686,-47.94065423633924
JNJ,Johnson & Johnson,US,NYQ,620765773824.0,2026-08-05,257.5899963378906,2026-07-02,263.0400085449219,-2.0719327972879453,2026-05-05,224.26026916503903,14.862074007555638,2026-02-05,235.18002319335935,9.528859143833968,2025-08-05,166.577880859375,54.636374895024645,2024-08-05,152.35516357421875,69.07204868865995,2021-08-05,150.90249633789062,70.6996256451004,USD,257.5899963378906,263.0400085449219,224.26026916503903,235.18002319335935,166.577880859375,152.35516357421875,150.90249633789062,-2.0719327972879453,14.862074007555638,9.528859143833968,54.636374895024645,69.07204868865995,70.6996256451004
7282.T,TOYODA GOSEI,US,JPX,619561091072.0,2026-08-05,5181.0,2026-07-03,5230.0,-0.936902485659652,2026-05-01,4538.0,14.169237549581304,2026-02-05,4822.27001953125,7.43902724268477,2025-08-05,3255.547119140625,59.143757113478415,2024-08-05,1971.8687744140625,162.7456789836091,2021-08-05,2122.759033203125,144.06915335002296,JPY,32.8551847091876,32.39412873983383,28.908509978093207,30.731340392154834,22.177809338597058,13.544543319726358,19.3807942174692,1.4232701643456247,13.65229385424973,6.911004498765516,48.14440961041275,142.5713730882096,69.52444951700187
476060.KQ,Onconic Therapeutics,US,KOE,618554458112.0,2026-08-05,13030.0,2026-07-03,12640.0,3.085443037974689,2026-05-04,21500.0,-39.3953488372093,2026-02-05,17040.0,-23.532863849765263,2025-08-05,6275.0,107.64940239043824,,,,,,,KRW,9.12190298375208,8.196455696597695,14.608657918870449,11.670353407971561,4.535303202283103,,,11.290822782566035,-37.55824091158272,-21.83696015991028,101.13105071255326,,
2809.T,KEWPIE CORP,US,JPX,617099034624.0,2026-08-05,4451.0,2026-07-03,4416.0,0.7925724637681153,2026-05-01,4117.60205078125,8.09689584148845,2026-02-05,4540.2763671875,-1.9663201084563653,2025-08-05,4180.43701171875,6.472122113616319,2024-08-05,3303.609619140625,34.73141542546567,2021-08-05,2249.404541015625,97.874589423134,JPY,28.225907573942095,27.3522891998291,26.230440716356725,28.93425253031728,28.478449736702487,22.692120377640776,20.537067957017143,3.193949755834158,7.6074469322242155,-2.4481190783587126,-0.8867833926891056,24.386382163536922,37.43883807083481
2884.TW,E SUN FINANCIAL HOLDINGS,US,TAI,616229371904.0,2026-08-05,38.09999847412109,2026-07-03,33.70000076293945,13.056372734627365,2026-05-05,30.26785087585449,25.876127216268685,2026-02-05,32.57032012939453,16.977660406033458,2025-08-05,31.323150634765625,21.635268809242422,2024-08-05,23.22533226013184,64.04500933458259,2021-08-05,18.48427391052246,106.12115281646024,TWD,1.1761037303362512,1.0554039929578067,0.957904055152177,1.0288472659808292,1.048154376661273,0.7126761151329327,0.6669483232756335,11.43635405814405,22.778865379102076,14.31276237246335,12.207109613236566,65.0263991402149,76.34105811376277
SIKAN.MX,SIKA AG,US,MEX,614714966016.0,2026-08-04,3831.449951171875,2026-07-03,3324.719970703125,15.241283023351436,2026-05-04,3324.719970703125,15.241283023351436,2026-02-04,3321.021240234375,15.369631026553666,2025-08-04,4865.0615234375,-21.245601258816304,2024-08-02,5039.76220703125,-23.97558071635984,2021-08-04,7005.2421875,-45.30596018495078,MXN,221.12854644648814,190.2416435372861,190.56550082160084,192.65253119105546,257.84709777633907,266.3187301517173,352.68504977802513,16.23561610113424,16.03807902958212,14.781023160911765,-14.24043615247561,-16.968458688386313,-37.301411957874805
COROMANDEL.NS,COROMANDEL INTERNTL. LTD,US,NSI,614437748736.0,2026-08-04,2115.5,2026-07-03,2032.3212890625,4.092793368113057,2026-05-04,1998.5540771484373,5.851526570570576,2026-02-04,2271.98779296875,-6.8877039503927655,2025-08-04,2529.75537109375,-16.37531343256502,2024-08-02,1619.5653076171875,30.621469233152744,2021-08-04,832.9580688476562,153.97436907318246,INR,22.190963086206466,21.274813550426188,21.05891396026777,25.126243447483375,28.99589164476356,19.339502165806607,11.223671616654087,4.306263524278564,5.375629189969411,-11.682129751755255,-23.468595627015365,14.744231242112393,97.71571945564335
KVUE.MX,KENVUE INC,US,MEX,614402752512.0,2026-08-04,320.0,2026-07-03,343.0,-6.705539358600587,2026-05-04,302.7925109863281,5.682930848461054,2026-02-04,309.7034606933594,3.324644575681801,2025-08-04,413.6776123046875,-22.645076629307848,2024-08-02,315.4010009765625,1.4581434457080933,,,,MXN,18.46850037574768,19.626580376178026,17.355388426573768,17.965906058762357,21.92481456482028,16.666896297501808,,-5.900569422862767,6.413638933425236,2.7974893965350356,-15.764394170149421,10.809475538141534,
3231.TW,WISTRON CORPORATION,US,TAI,613750079488.0,2026-08-05,193.0,2026-07-03,153.3755645751953,25.834907623357477,2026-05-05,136.97691345214844,40.89965610695607,2026-02-05,122.98983764648438,56.92353424739791,2025-08-05,119.6136474609375,61.35282561551219,2024-08-05,80.87008666992188,138.65437511863425,2021-08-05,22.052270889282227,775.1933121490958,TWD,5.957691051065922,4.803358445404967,4.334987026208466,3.8850633860307653,4.002584847114576,2.4815222685669482,0.795688549370297,24.031781487497007,37.432730825880455,53.3486190337988,48.84609017996864,140.08211115133062,648.7466114449934
JSL.NS,JINDAL STAINLESS LIMITED,US,NSI,613430657024.0,2026-08-04,735.6500244140625,2026-07-03,698.1500244140625,5.371338349729737,2026-05-04,778.4000244140625,-5.492034771219323,2026-02-04,782.0999755859375,-5.939132159808014,2025-08-04,725.2718505859375,1.430935699454028,2024-08-02,723.8507690429688,1.6300673945119917,2021-08-04,155.0185089111328,374.5562511092062,INR,7.716749012592459,7.308397387544119,8.202059342919938,8.649357381082268,8.313018813156873,8.64362397106629,2.088792825944921,5.58743050486421,-5.916932687720699,-10.782400673252269,-7.172722857558178,-10.723221666935734,269.43582516861534
3291.T,IIDA GROUP HOLDINGS CO LTD,US,JPX,613314985984.0,2026-08-05,2188.5,2026-07-03,2178.0,0.4820936639118534,2026-05-01,2222.0,-1.507650765076507,2026-02-05,2560.7744140625,-14.537571604048916,2025-08-05,2068.310546875,5.81099648244765,2024-08-05,1718.0968017578125,27.379318660095887,2021-08-05,2093.77783203125,4.523983706373302,JPY,13.878319192444906,13.490327417850494,14.15484997164458,16.319291509463255,14.089980971834848,11.801412376341773,19.116195792823873,2.876073816273861,-1.9536115165729728,-14.957587561953133,-1.5022147993886126,17.598798769770106,-27.40020377038218
000400.KS,LotteInsurance,US,KSC,612346953728.0,2026-08-05,1959.0,2026-07-03,2025.0,-3.2592592592592617,2026-05-04,2195.0,-10.75170842824601,2026-02-05,1750.0,11.942857142857145,2025-08-05,1728.0,13.368055555555555,2024-08-05,2560.0,-23.4765625,2021-08-05,1865.0,5.040214477211791,KRW,1.371435759414453,1.3131188912666403,1.4914420526474714,1.1985398159595206,1.2489249296486378,1.8862779438495636,1.6301591938827187,4.441095816659835,-8.046326239761992,14.425548584426151,9.809302933866615,-27.29407859079387,-15.87105329584636
052400.KQ,KONA I,US,KOE,612246355968.0,2026-08-05,41750.0,2026-07-03,46146.28125,-9.526837549883826,2026-05-04,54630.1328125,-23.57697510402697,2026-02-05,56345.640625,-25.90376196472609,2025-08-05,51048.1875,-18.214530143700014,2024-08-05,13249.744140625,215.1004242564236,2021-08-05,41001.44921875,1.8256690812472165,KRW,29.227893290226348,29.923730207940025,37.11967080559407,38.58999642560502,36.89545948039813,9.762773489887081,35.83854659863846,-2.325368237443348,-21.260365041217987,-24.260440535223225,-20.781869363208283,199.3810449510327,-18.445651221423297
4403.T,NOF CORP,US,JPX,612176494592.0,2026-08-05,2667.5,2026-07-03,2815.5,-5.256615166045108,2026-05-01,3237.0,-17.59345072598084,2026-02-05,3021.029541015625,-11.702286793818429,2025-08-05,2934.732421875,-9.105853054373704,2024-08-05,1695.202880859375,57.35579676738891,2021-08-05,1694.3026123046875,57.43940785002473,JPY,16.915885970229283,17.438942536711693,20.62072428362444,19.25240328386485,19.992318873063596,11.644156626166705,15.4689862379945,-2.999359424353254,-17.966577034043784,-12.136237118997851,-15.388074401810925,45.27360386252421,9.353552391694219
6223.TWO,MPI CORPORATION,US,TWO,611893313536.0,2026-08-05,6245.0,2026-07-03,7354.86669921875,-15.090235412922471,2026-05-05,4982.97216796875,25.326808769748776,2026-02-05,2740.634765625,127.86691894626942,2025-08-05,994.6012573242188,527.8898155428597,2024-08-05,472.64495849609375,1221.2877632019877,2021-08-05,141.85049438476562,4302.522548184151,TWD,192.77606535702944,230.33695864376023,157.69898120567996,86.57251677181193,33.28195407457247,14.503248826987942,5.118239961369682,-16.306932898607286,22.24306326088432,122.67582432095523,479.22099443166724,1229.192291028668,3666.45227289111
1721.T,COMSYS HOLDINGS CORP,US,JPX,610953068544.0,2026-08-05,5258.0,2026-07-03,5451.0,-3.540634745918181,2026-05-01,5661.0,-7.1188835894718245,2026-02-05,4905.06298828125,7.195361457374894,2025-08-05,3436.245849609375,53.01582686808391,2024-08-05,2491.107666015625,111.07076469359716,2021-08-05,2560.052490234375,105.3864137574236,JPY,33.34347832482308,33.76298198103905,36.0623787981458,31.25896304589014,23.408785836679613,17.111136468235372,23.373284354505586,-1.2424958685567367,-7.53943739690992,6.668536239902578,42.440016143753326,94.86419494532679,42.656367068907784
8972.T,KDX REALTY INVESTMENT CORP,US,JPX,610726707200.0,2026-08-05,152000.0,2026-07-03,157300.0,-3.3693579148124653,2026-05-01,162100.0,-6.230721776681058,2026-02-05,163986.40625,-7.309390164771656,2025-08-05,157337.21875,-3.392216280675797,2024-08-05,130972.2734375,16.055097778030426,2021-08-05,154931.90625,-1.8923837710155376,JPY,963.9042802155018,974.3014246225357,1032.62879406102,1045.0518220140657,1071.8305438699172,899.6337151210246,1414.5286138392112,-1.067138376715604,-6.655297067133414,-7.764929938323362,-10.069340183639497,7.144081420495807,-31.856855295465348
5832.T,CHUGIN FINANCIAL GROUP INC,US,JPX,610449227776.0,2026-08-05,3348.0,2026-07-03,3225.0,3.8139534883721016,2026-05-01,2845.5,17.6594623089088,2026-02-05,3030.015625,10.49447971081008,2025-08-05,1932.8304443359373,73.21747025514553,2024-08-05,1183.018798828125,183.0048012184137,,,,JPY,21.231260066851974,19.975347071886063,18.12674419186078,19.30966975890624,13.167047967542144,8.126022165719178,,6.287315011079442,17.126715322573883,9.951440557700032,61.245406861042625,161.27494650973478,
2579.T,COCA-COLA BOTTLERS JAPAN HLDGS ,US,JPX,610241282048.0,2026-08-05,3754.0,2026-07-03,4421.0,-15.087084370052027,2026-05-01,3256.389404296875,15.281053151890166,2026-02-05,3509.322509765625,6.97221442467868,2025-08-05,2563.004638671875,46.46871657420362,2024-08-05,1817.3006591796875,106.5701116123801,2021-08-05,1556.6361083984375,141.16105104759166,JPY,23.8058991311118,27.38325873017311,20.744240984282328,22.364194488624207,17.459992477519222,12.482832439263461,14.212090782074824,-13.064038996642434,14.759075297810398,6.446485891637788,36.34541459146281,90.70911387252785,67.50455296230788
RADICO.NS,RADICO KHAITAN LTD,US,NSI,609619935232.0,2026-08-05,4550.0,2026-07-03,3883.68310546875,17.156829649488813,2026-05-05,3331.508056640625,36.57478603212682,2026-02-05,2761.07373046875,64.79096337740833,2025-08-05,2880.70849609375,57.94725520370474,2024-08-05,1665.4342041015625,173.20202676241715,2021-08-05,877.3285522460938,418.6198475304733,INR,47.84578285180032,40.655301109354696,34.973012194581315,30.636047960034375,32.775063448290894,19.88927312704766,11.826385789586084,17.686455508236577,36.807726442315136,56.17478766914241,45.982273771297045,140.56074119035688,304.568087859367
2880.TW,HUA NAN FINANCIAL HOLDINGS CO,US,TAI,609563049984.0,2026-08-05,43.79999923706055,2026-07-03,37.650001525878906,16.33465461337209,2026-05-05,32.650001525878906,34.150067963531264,2026-02-05,33.599998474121094,30.357146506406995,2025-08-05,27.9989070892334,56.434674744512606,2024-08-05,23.673065185546875,85.02039720568916,2021-08-05,15.452146530151367,183.4557590532471,TWD,1.3520562875198436,1.179108636370671,1.0332933445008337,1.061373251160063,0.93691651103385,0.7264149309366417,0.5575433078508496,14.667660452518616,30.849220573756718,27.387446974197704,44.30915365424646,86.12727105932392,142.50246904255502
MAHABANK.BO,BANK OF MAHARASHTRA,US,BSE,609478770688.0,2026-08-04,78.43000030517578,2026-07-03,88.54000091552734,-11.418568450204935,2026-05-04,78.099609375,0.4230378779353394,2026-02-04,64.37873840332031,21.825935472402456,2025-08-04,53.5861930847168,46.36232915665852,2024-08-02,61.70696640014648,27.10072278806692,2021-08-04,17.45633888244629,349.292379308947,INR,0.8227072756432605,0.9268573927606383,0.8229414319903299,0.711973831448276,0.6142014623603878,0.7368532807712284,0.2352149796887808,-11.236908496480492,-0.028453585877075138,15.55302165667154,33.94746285389505,11.651436875217946,249.76823190929696
439960.KQ,COSMO ROBOTICS,US,KOE,609427062784.0,2026-08-05,19000.0,2026-07-03,13750.0,38.18181818181819,,,,,,,,,,,,,,,,KRW,13.301316706929356,8.916239385143854,,,,,,49.18079396894473,,,,,
8366.T,SHIGA BANK,US,JPX,609180319744.0,2026-08-05,2607.0,2026-07-03,2641.0,-1.2873911397198068,2026-05-01,1886.0,38.2290562036055,2026-02-05,1708.6026611328125,52.58082287379473,2025-08-05,1236.2283935546875,110.88336213535396,2024-08-05,598.9163208007812,335.2861843060663,2021-08-05,327.7948913574219,695.3144081056993,JPY,16.532226700801402,16.358105927705765,12.014422613196075,10.888575248077473,8.42157603863933,4.11388838711531,2.992768013498761,1.0644311380862748,37.60317272877669,51.830945042331344,96.30799062965542,301.863763552271,452.4058873335137
9072.T,NIKKON HOLDINGS CO LTD,US,JPX,606623039488.0,2026-08-05,5243.0,2026-07-03,5666.0,-7.465584186374863,2026-05-01,4947.0,5.983424297554074,2026-02-05,3710.099853515625,41.31695121444847,2025-08-05,3322.731689453125,57.79185591909541,2024-08-05,1631.7010498046875,221.32111458943905,2021-08-05,1055.337646484375,396.80782425093054,JPY,33.24835619190708,35.09467178583145,31.513970661442727,23.64370742938104,22.63549173002241,11.207969739512578,9.635234822484335,-5.260957005643729,5.5035449169417605,40.62243111074344,46.885946143632395,196.6492323287894,245.07053335451943
6787.T,MEIKO ELECTRONICS CO,US,JPX,606504419328.0,2026-08-05,24800.0,2026-07-03,29330.0,-15.444936924650532,2026-05-01,29740.0,-16.610625420309344,2026-02-05,13397.1181640625,85.1144380179127,2025-08-05,7318.80517578125,238.85312430594533,2024-08-05,4294.65478515625,477.46201361089646,2021-08-05,2732.48046875,807.6002658985153,JPY,157.2685930877924,181.66726499795914,189.4533025007695,85.37709354851631,49.85799923475247,29.499497398402582,24.94755214311226,-13.430417367950598,-16.988201835566507,84.20466960312145,215.43302078229328,433.122957872186,530.3968909880101
9009.T,KEISEI ELECTRIC RAILWAY CO,US,JPX,606415814656.0,2026-08-05,1255.0,2026-07-03,1187.0,5.728727885425444,2026-05-01,1122.5,11.804008908685958,2026-02-05,1245.2615966796875,0.7820367500514402,2025-08-05,1248.136474609375,0.5499018360771046,2024-08-05,1267.5576171875,-0.9906939942788018,2021-08-05,1012.8735961914062,23.90489837221883,JPY,7.958551787305623,7.352166503667831,7.150683660292998,7.93579742524696,8.502697626364693,8.706709735969525,9.247537958405303,8.247708798968034,11.29777466591948,0.28673063133231036,-6.399684699733554,-8.592889522583725,-13.938695649560328
161580.KQ,PHILOPTICS,US,KOE,605982097408.0,2026-08-05,26750.0,2026-07-03,33600.0,-20.386904761904766,2026-05-04,48650.0,-45.01541623843782,2026-02-05,50800.0,-47.34251968503938,2025-08-05,32600.0,-17.944785276073617,2024-08-05,14170.0,88.77911079745941,2021-08-05,11374.4013671875,135.1772118501772,KRW,18.726853784755804,21.788046788424253,33.056335244327784,34.7918986575678,23.56189392739907,10.440843150136061,9.942136709722718,-14.049873462245488,-43.34866933572381,-46.174671382349494,-20.52059209476711,79.36150860107271,88.35844176677077
4088.T,AIR WATER INC,US,JPX,604698705920.0,2026-08-05,2548.0,2026-07-03,2777.0,-8.246308966510618,2026-05-01,1895.5,34.42363492482195,2026-02-05,2364.970458984375,7.739189312928074,2025-08-05,2240.002685546875,13.749863624736246,2024-08-05,1633.6053466796875,55.974024275742295,2021-08-05,1443.01318359375,76.57496334540322,JPY,16.158079644665122,17.20047715306282,12.074940648628399,15.071472957357173,15.259601738191918,11.221050139106978,13.174713251426056,-6.060282509151693,33.81498191049519,7.209691384394645,5.887951218441589,43.997927505482615,22.644640048739895
LINDEINDIA.NS,LINDE INDIA LIMITED,US,NSI,604494561280.0,2026-08-05,7076.0,2026-07-03,7166.3466796875,-1.260707634248026,2026-05-05,7481.8115234375,-5.423974156075118,2026-02-05,5958.3955078125,18.756802745338486,2025-08-05,6515.81103515625,8.597378926755761,2024-08-05,7772.189453125,-8.957443167382905,2021-08-05,1724.3980712890625,310.3460864294741,INR,74.40807900205255,75.01898950160466,78.54145365945442,66.11257371646025,74.13319340846283,92.81855653478306,23.244879918329843,-0.8143411469692663,-5.262666356194079,12.547545526165083,0.37079961209163237,-19.834910410216644,220.1052415133268
RBLBANK.BO,RBL Bank Limited,US,BSE,603627913216.0,2026-08-04,380.3500061035156,2026-07-03,361.2000122070313,5.301770002573547,2026-05-04,330.25,15.1703273591266,2026-02-04,305.79998779296875,24.378685835991053,2025-08-04,264.2884216308594,43.91474426176847,2024-08-02,226.17709350585935,68.16468909733435,2021-08-04,177.25465393066406,114.57829042519556,INR,3.9897579509721197,3.7811260234650494,3.479868978727609,3.3818865415133246,3.0292567115929216,2.7008187747291,2.388413177861054,5.517719489176898,14.652533625876574,17.97432888410222,31.707489025389425,47.7240157060262,67.04638828634968
005180.KS,Binggrae,US,KSC,603010826240.0,2026-08-05,67800.0,2026-07-03,66000.0,2.7272727272727337,2026-05-04,74400.0,-8.870967741935488,2026-02-05,75283.1171875,-9.9399672424065,2025-08-05,74804.21875,-9.363400710604974,2024-08-05,158222.84375,-57.149044731412246,2021-08-05,118384.359375,-42.72892098420412,KRW,47.46469856472686,42.7979490486905,50.55275112390518,51.559893382151586,54.065308819308484,116.58291421046124,103.47740045419414,10.904142884807587,-6.108574687873036,-7.942597528416062,-12.20858698253534,-59.2867455011107,-54.1303720847357
5021.T,COSMO ENERGY HLDGS CO LTD,US,JPX,602606206976.0,2026-08-05,3753.0,2026-07-03,3889.0,-3.497042941630235,2026-05-01,3982.0,-5.750878955298844,2026-02-05,4675.38818359375,-19.728590383798974,2025-08-05,3218.240966796875,16.616500713287863,2024-08-05,2935.350341796875,27.85526642460676,2021-08-05,1086.3665771484375,245.463499977246,JPY,23.799557655584067,24.08810070157051,25.366612325422466,29.795292497835817,21.923668113310555,20.162589102743596,9.918529021487643,-1.1978654920171028,-6.177626912632295,-20.123094420661424,8.556458401842892,18.038202010205005,139.95047656788992
4536.T,SANTEN PHARMACEUTICAL CO,US,JPX,601072795648.0,2026-08-05,1855.5,2026-07-03,2209.5,-16.021724372029865,2026-05-01,1643.0,12.93365794278758,2026-02-05,1755.13818359375,5.718171785241055,2025-08-05,1612.0194091796875,15.104073154070342,2024-08-05,1478.1201171875,25.531070068281142,2021-08-05,1329.2122802734375,39.5939555733188,JPY,11.766607841709629,13.685435459017754,10.466434970032424,11.185136613426494,10.981582449447785,10.153039704659932,12.135710776573774,-14.020946743377106,12.422308793776192,5.198606404012485,7.148563477764713,15.892463577278427,-3.0414612020636222
093050.KS,LF,US,KSC,598643048448.0,2026-08-05,21750.0,2026-07-03,23450.0,-7.249466950959493,2026-05-04,25050.0,-13.173652694610782,2026-02-05,19194.544921875,13.313444463133294,2025-08-05,19107.208984375,13.831381745948113,2024-08-05,12202.431640625,78.24316202345042,2021-08-05,14990.771484375,45.08926390259633,KRW,15.226507282932289,15.206240987754427,17.02078515663743,13.145957907480465,13.809878261916879,8.991085025407415,13.103133489892116,0.13327616729330583,-10.541686868102229,15.826533068905736,10.258084786467725,69.35116551455731,16.20508403335861
3008.TW,LARGAN PRECISION CO,US,TAI,598401744896.0,2026-08-05,4575.0,2026-07-03,4230.0,8.15602836879432,2026-05-05,2545.0,79.76424361493125,2026-02-05,2250.983642578125,103.24448003363112,2025-08-05,2341.02294921875,95.42738790863952,2024-08-05,2399.954345703125,90.62862625662332,2021-08-05,2348.36572265625,94.81633358304988,TWD,141.22505988925695,132.47355457395315,80.5430762283504,71.10517665265343,78.33673817488489,73.64330122106048,84.73357345521435,6.606228196600772,75.34103054229642,98.61431549370445,80.2794744580447,91.76905101705226,66.66954328782202
023160.KQ,TKCORP.,US,KOE,597533261824.0,2026-08-05,23600.0,2026-07-03,24350.0,-3.0800821355236097,2026-05-04,46000.0,-48.69565217391304,2026-02-05,27800.0,-15.107913669064745,2025-08-05,23428.55078125,0.7317960908073351,2024-08-05,13842.857421875,70.48503268339958,2021-08-05,11653.05078125,102.52207291478456,KRW,16.52163548860699,15.789849383872934,31.255733221769333,19.039661076385528,16.933160379769788,10.199795560444159,10.185698588652485,4.6345350544095165,-47.14046421057938,-13.225159721469993,-2.430289927770668,61.98006509737868,62.20424495000412
079940.KQ,GABIA,US,KOE,596254326784.0,2026-08-05,46500.0,2026-07-03,31500.0,47.61904761904763,2026-05-04,31100.0,49.5176848874598,2026-02-05,32750.0,41.98473282442748,2025-08-05,22878.947265625,103.2436172002765,2024-08-05,12211.2490234375,280.7964272184675,2021-08-05,16094.8271484375,188.9127020200044,KRW,32.55322246695869,20.426293864147738,21.13159354776144,22.429816555813886,16.535930326478933,8.997581913970578,14.068166461114515,59.369206589630785,54.050012335237206,45.13369909180456,96.8635681467,261.7996788271878,131.39634121431726
9506.T,TOHOKU ELECTRIC POWER CO INC,US,JPX,595946635264.0,2026-08-05,1183.5,2026-07-03,1069.0,10.710944808232004,2026-05-01,1064.0,11.231203007518786,2026-02-05,1129.5556640625,4.775712933303944,2025-08-05,1030.252685546875,14.874730889129273,2024-08-05,990.2075805664062,19.520393827224503,2021-08-05,748.5699462890625,58.10145810248546,JPY,7.505136287072673,6.62128558754921,6.778019968420267,7.198427185453511,7.018404831648581,6.801623741158153,6.834445106338194,13.348626755889725,10.727562356560494,4.260779385793567,6.935072386096053,10.343302903649443,9.813396264057882
251970.KQ,PUM-TECH KOREA,US,KOE,595742425088.0,2026-08-05,46750.0,2026-07-03,43000.0,8.720930232558132,2026-05-04,42600.0,9.741784037558675,2026-02-05,59100.0,-20.896785109983085,2025-08-05,66931.1796875,-30.15213504636467,2024-08-05,37485.28125,24.71561754655369,2021-08-05,24228.640625,92.9534583618432,KRW,32.72823979204986,27.883512258995324,28.945526853203773,40.4764017846901,48.37501092737921,27.62017939096586,21.177770118029002,17.37488264768945,13.068385170634421,-19.14241792997252,-32.344739226660536,18.49394360832708,54.54053759979076
7762.T,CITIZEN WATCH CO LTD,US,JPX,595589070848.0,2026-08-05,2465.0,2026-07-03,2405.0,2.494802494802495,2026-05-01,1790.0,37.70949720670392,2026-02-05,1383.4696044921875,78.17521917330421,2025-08-05,889.7958984375,177.02982271873705,2024-08-05,732.2142333984375,236.65010697199324,2021-08-05,351.7136535644531,600.8542247417407,JPY,15.631737175863236,14.896344095468521,11.402871939353645,8.816568787241408,6.061569089198656,5.029496654275249,3.211146360273034,4.936735320301988,37.085966228515744,77.29955443079129,157.88268591573149,210.80122426516996,386.7961600645982
5110.T,SUMITOMO RUBBER INDUSTRIES,US,JPX,595454459904.0,2026-08-05,2218.0,2026-07-03,2246.0,-1.2466607301869992,2026-05-01,1980.51171875,11.991258572299213,2026-02-05,2580.696533203125,-14.05421088983876,2025-08-05,1676.764404296875,32.27857141505122,2024-08-05,1170.0904541015625,89.55799461701106,2021-08-05,1219.9090576171875,81.81683184911786,JPY,14.065392720513046,13.911513030529022,12.616492459941583,16.44625109948288,11.422645688525222,8.0372188297805,11.137772135177215,1.10613194730389,11.48417648702158,-14.476602385358783,23.136032614953915,75.00323206823994,26.28551338457823
003620.KS,KG Mobility,US,KSC,593970397184.0,2026-08-05,2900.0,2026-07-03,2925.0,-0.8547008547008517,2026-05-04,4440.0,-34.68468468468468,2026-02-05,3920.0,-26.02040816326531,2025-08-05,3330.0,-12.91291291291291,2024-08-05,27550.0,-89.47368421052632,2021-08-05,42493.08203125,-93.17535970239274,KRW,2.0302009710576385,1.896727287385147,3.0168577283620834,2.6847291877493262,2.4067824165103957,20.299592716037296,37.14235300249584,7.037051903044,-32.70478246384266,-24.379673736865605,-15.6466759466676,-89.99880933840747,-94.5340001186214
1959.T,KRAFTIA CORPORATION,US,JPX,593535893504.0,2026-08-05,8272.0,2026-07-03,9172.0,-9.812472743131272,2026-05-01,9230.0,-10.379198266522206,2026-02-05,8606.2138671875,-3.8834018343622767,2025-08-05,6696.22607421875,23.532268897673013,2024-08-05,5306.4296875,55.88635838303473,2021-08-05,3283.836181640625,151.9005072861843,JPY,52.456685565412045,56.81050646305084,58.79804916214198,54.84564049068558,45.61679488188997,36.44926463059528,29.981430904205126,-7.663760048452472,-10.784989786383791,-4.355779062657228,14.994237760964513,43.916992831126244,74.96391594189919
056190.KQ,SFA,US,KOE,592851894272.0,2026-08-05,21750.0,2026-07-03,23100.0,-5.844155844155841,2026-05-04,32550.0,-33.17972350230415,2026-02-05,31300.0,-30.5111821086262,2025-08-05,22939.5390625,-5.185540386225885,2024-08-05,21031.279296875,3.4173893702785563,2021-08-05,37456.19140625,-41.93216345970839,KRW,15.226507282932289,14.979282167041674,22.116828616708517,21.43674070830457,16.579723501044555,15.496421198685653,32.73970766151706,1.650447018312895,-31.154201414622452,-28.97004497967568,-8.161874460855822,-1.7417822624507417,-53.49223200050181
069260.KS,TKG Huchems,US,KSC,592830005248.0,2026-08-05,15270.0,2026-07-03,15850.0,-3.659305993690853,2026-05-04,18440.0,-17.19088937093276,2026-02-05,19081.400390625,-19.97442699487404,2025-08-05,17311.255859375,-11.791494943849193,2024-08-05,15913.42578125,-4.043288919021548,2021-08-05,19397.873046875,-21.280029191344774,KRW,10.690058216569014,10.27799230942037,12.529472187161446,13.068467492816922,12.511839702719612,11.725446899319877,16.95529280918663,4.009206221831496,-14.680697982451496,-18.19960356908872,-14.560460567238653,-8.830270535879702,-36.95149746528128
006110.KS,SamaAlum,US,KSC,591327068160.0,2026-08-05,39450.0,2026-07-03,38850.0,1.544401544401541,2026-05-04,66800.0,-40.943113772455085,2026-02-05,28850.0,36.741767764298096,2025-08-05,26623.296875,48.17849263832017,2024-08-05,41927.2421875,-5.908431030168149,2021-08-05,14206.0556640625,177.69847544521377,KRW,27.61773389938753,25.192429099115543,45.388760417699814,19.75878496596124,19.24218702350936,30.89313757215632,12.417229088247268,9.627117697662335,-39.152923223217805,39.7744544867765,43.52700067640571,-10.60236651301122,122.41462811962877
383800.KS,LX HOLDINGS,US,KSC,590820671488.0,2026-08-05,7830.0,2026-07-03,7680.0,1.953125,2026-05-04,9200.0,-14.891304347826084,2026-02-05,8511.53515625,-8.007194280922992,2025-08-05,7890.396484375,-0.7654429596104628,2024-08-05,6285.8271484375,24.56594518266928,2021-08-05,9204.3857421875,-14.931857276342974,KRW,5.481542621855624,4.980124980211258,6.251146644353867,5.829379302688494,5.702843098465223,4.6315691831829895,8.045369459340463,10.068374662016932,-12.311405671363683,-5.966959135296768,-3.880528935982064,18.35173793276905,-31.867111267442215
ABBOTINDIA.NS,ABBOTT INDIA LIMITED,US,NSI,590411857920.0,2026-08-05,27785.0,2026-07-03,25302.908203125,9.809511922303283,2026-05-05,24726.3984375,12.3697819164045,2026-02-05,26592.7265625,4.4834569132948365,2025-08-05,32494.62109375,-14.493540577569153,2024-08-05,26977.982421875,2.991393372213902,2021-08-05,16570.052734375,67.6820251896924,INR,292.1747420961037,264.8767481805771,259.56912586750695,295.06493700858846,369.7053240617679,322.1817226305993,223.3642524101233,10.305923076689405,12.561438545368375,-0.979511473571193,-20.970913027130457,-9.313681822013354,30.806402073522587
6871.T,MICRONICS JAPAN CO,US,JPX,589216284672.0,2026-08-05,15920.0,2026-07-03,16000.0,-0.5000000000000004,2026-05-01,12560.0,26.75159235668789,2026-02-05,8730.0,82.35967926689575,2025-08-05,5211.75537109375,205.46330106547185,2024-08-05,4088.723876953125,289.36353931201194,2021-08-05,1361.654296875,1069.166067814455,JPY,100.95629040151834,99.10249710083008,80.01121316105127,55.63450419344008,35.50411427312952,28.084981309289788,12.431906453011834,1.8705818268152763,26.17767736918022,81.46344946383508,184.35096176423934,259.46718030438785,712.0740835936713
9064.T,YAMATO HOLDINGS CO LTD,US,JPX,588701761536.0,2026-08-05,1880.0,2026-07-03,1945.5,-3.366743767668978,2026-05-01,1748.5,7.520732056048041,2026-02-05,1889.6573486328125,-0.511063481418983,2025-08-05,2225.551513671875,-15.526556520893974,2024-08-05,1548.1302490234375,21.43681070671581,2021-08-05,2905.047607421875,-35.285053670138225,JPY,11.921973992139101,12.050244256854057,11.138503679307178,12.042399735014556,15.16115581717338,10.633931372389384,26.523090464223742,-1.0644619476654849,7.033891942662218,-1.0000144948294931,-21.36500583527534,12.112572242981301,-55.0505850431709
3443.TW,GLOBAL UNICHIP CORP.,US,TAI,588308283392.0,2026-08-05,4390.0,2026-07-03,5040.0,-12.896825396825395,2026-05-05,4813.07275390625,-8.790076018753046,2026-02-05,2329.3876953125,88.46154329887355,2025-08-05,1294.1043701171875,239.23075304988456,2024-08-05,935.7969360351562,369.11886873661183,2021-08-05,362.2224731445313,1111.962350621005,TWD,135.51431976258755,157.84083098173141,152.32207689998722,73.58184237092428,43.30410996042383,28.715202756072472,13.069686820588233,-14.144952912550213,-11.034353968555354,84.16815262583826,212.9363930731651,371.92534530834894,936.8597321637153
KALYANKJIL.NS,KALYAN JEWELLERS IND LTD,US,NSI,588145557504.0,2026-08-05,569.5,2026-07-03,382.0499877929688,49.0642633677061,2026-05-05,406.6000061035156,40.06394280648682,2026-02-05,376.1499938964844,51.40236853406015,2025-08-05,598.2493896484375,-4.805586122759298,2024-08-05,541.7965698242188,5.113253150489561,2021-08-05,70.27851867675781,710.3471881918628,INR,5.988609523978084,3.999388433798004,4.268345364925835,4.173647782749697,6.806541422090049,6.4703486514164865,0.9473541838620463,49.73813179459101,40.30283428300183,43.486222022133546,-12.016850370695408,-7.445334917662283,532.140505208361
6471.T,NSK,US,JPX,586206543872.0,2026-08-05,1192.5,2026-07-03,1184.0,0.7179054054053946,2026-05-01,1260.5,-5.394684648948833,2026-02-05,1182.29931640625,0.8627835144789042,2025-08-05,699.5228881835938,70.4733354896347,2024-08-05,624.8861694335938,90.83475652548049,2021-08-05,697.7520141601562,70.90599178496724,JPY,7.5622095668222755,7.333584785461426,8.029787753941491,7.53455169261224,4.765369590539279,4.292272336583949,6.370477284393985,3.1175037590632337,-5.823045408512828,0.36708055553131835,58.69093515507342,76.18196083151474,18.707111401962372
4733.T,OBIC BUSINESS CONSULTANT,US,JPX,585701720064.0,2026-08-05,7746.0,2026-07-03,6452.0,20.055796652200875,2026-05-01,6082.0,27.35942124301216,2026-02-05,6090.05615234375,27.19094547295697,2025-08-05,8696.494140625,-10.929624343502288,2024-08-05,5207.80078125,48.73840850226936,2021-08-05,5168.43798828125,49.8711993364926,JPY,49.12106943782419,39.96308195590973,38.744283315725625,38.81068207856288,59.24324910889936,35.77179384216652,47.18784916697814,22.91611916222638,26.782754084102024,26.565849418442113,-17.08579428597654,37.31788138598189,4.096860325218876
5711.T,MITSUBISHI MATERIALS CORP,US,JPX,585173565440.0,2026-08-05,4382.0,2026-07-03,4555.0,-3.798024149286494,2026-05-01,5080.0,-13.740157480314965,2026-02-05,4451.18896484375,-1.5543928912076344,2025-08-05,2308.640625,89.80866716750253,2024-08-05,2073.069091796875,111.37742187848704,2021-08-05,1951.48876953125,124.5465138419711,JPY,27.78834576252848,28.213242143392563,32.36122315749526,28.366516738876726,15.727184936615231,14.23967684004333,17.817096367700742,-1.5060175597847558,-14.130731007018959,-2.0382163297330558,76.68988998681556,95.14730618313611,55.96450279577461
2890.TW,SINOPAC FINANCIAL HLDGS CO LTD,US,TAI,584634793984.0,2026-08-05,39.54999923706055,2026-07-03,37.84062957763672,4.517286521136632,2026-05-05,29.214488983154297,35.37802855242798,2026-02-05,28.023033142089844,41.133898805756,2025-08-05,22.917316436767575,72.57692167486152,2024-08-05,20.70462989807129,91.02007344137444,2021-08-05,10.147875785827637,289.7367298513394,TWD,1.220863608934195,1.185078654247235,0.9245677065392925,0.8852053316697095,0.7668732243642323,0.6353276257042815,0.3661549689714505,3.0196269723287594,32.04696641460194,37.91869132005268,59.200187220819764,92.16284001200606,233.42811443025568
6696.TWO,LBS,US,TWO,583756808192.0,2026-08-05,702.0,2026-07-03,471.5,48.88653234358431,2026-05-05,402.5,74.40993788819877,2026-02-05,407.5,72.26993865030676,2025-08-05,158.0,344.3037974683544,2024-08-05,88.0,697.7272727272727,2021-08-05,155.47532653808594,351.51858859613645,TWD,21.669943615794182,14.766260279342532,12.738148598000407,12.872310103848577,5.28709239512682,2.7003057450056076,5.609850235246654,46.753092562709696,70.11847089926286,68.3454130685935,309.8650448357522,702.4996301205581,286.2838169839555
0981.HK,SMIC,US,HKG,582134792192.0,2026-08-05,68.0,2026-07-03,77.5999984741211,-12.371132297538134,2026-05-05,70.80000305175781,-3.9548063998117167,2026-02-05,67.44999694824219,0.8154233901298102,2025-08-05,51.0,33.33333333333333,2024-08-05,15.81999969482422,329.83565936633585,2021-08-05,27.899999618530277,143.72760189873483,HKD,8.671036422252655,9.894412430278294,9.038625290179652,8.633930691847127,6.4974446296691895,2.026913604379161,3.588170725220863,-12.364311844146869,-4.066866986137574,0.42976636864326956,33.453025250237985,327.79506751145294,141.65618322742782
6268.T,NABTESCO CORP,US,JPX,581235245056.0,2026-08-05,4989.0,2026-07-03,5655.0,-11.77718832891247,2026-05-01,5000.490234375,-0.2297821580774739,2026-02-05,4458.8779296875,11.889136205835849,2025-08-05,2959.67138671875,68.5660111587953,2024-08-05,2042.89599609375,144.2121385297899,2021-08-05,3796.313232421875,31.416974695137178,JPY,31.637621407862753,35.02653881907463,31.854720545567943,28.41551693897327,20.16221093334275,14.032421262418666,34.66034740250393,-9.675284871042845,-0.6815289350745712,11.339242836262509,56.91543706421023,125.46088672946243,-8.720991626364395
ATHERENERG.BO,Ather Energy Limited,US,BSE,579955392512.0,2026-08-04,1451.0999755859375,2026-07-03,1130.199951171875,28.393208129351777,2026-05-04,934.4000244140624,55.29751045285811,2026-02-04,696.5,108.34170503746412,2025-08-04,399.25,263.45647478670946,,,,,,,INR,15.22160529076939,11.831196851248933,9.845843024014583,7.702694801148027,4.576177551178262,,,28.656512795343737,54.59930910581259,97.61402578875027,232.6270696566433,,
222080.KQ,SFA NEXEL,US,KOE,578620882944.0,2026-08-05,7480.0,2026-07-03,8280.0,-9.661835748792267,2026-05-04,17190.0,-56.48632926119837,2026-02-05,12920.0,-42.10526315789473,2025-08-05,7670.0,-2.4771838331160367,2024-08-05,8000.0,-6.499999999999995,2021-08-05,11850.0,-36.87763713080169,KRW,5.236518366727978,5.3691972442902625,11.680131610482931,8.848648241255432,5.543549890280701,5.894618574529886,10.357847961131483,-2.4711120028860667,-55.16729998120743,-40.821261915311155,-5.538536310298747,-11.164423948404389,-49.443954126587265
4676.T,FUJI MEDIA HOLDING,US,JPX,577332903936.0,2026-08-05,4084.0,2026-07-03,3970.0,2.8715365239294632,2026-05-01,3910.0,4.450127877237842,2026-02-05,3541.9736328125,15.30294754783661,2025-08-05,3332.926025390625,22.53497284030923,2024-08-05,1355.3399658203125,201.32661199348465,2021-08-05,1030.627197265625,296.2635578447116,JPY,25.898586055263877,24.589807093143463,24.907949320040643,22.57227341669659,22.704938747829715,9.309676748375182,9.409628371710141,5.322445016192701,3.9771910665731935,14.736276568876017,14.065870614777287,178.18996035264013,175.23495118178585
4506.T,SUMITOMO PHARMA CO LTD,US,JPX,575993937920.0,2026-08-05,1273.5,2026-07-03,1557.0,-18.20809248554913,2026-05-01,1729.5,-26.366001734605383,2026-02-05,2318.5,-45.07224498598232,2025-08-05,1316.0,-3.229483282674772,2024-08-05,407.0,212.89926289926288,2021-08-05,1729.2740478515625,-26.3563804949142,JPY,8.075869084568694,9.643911749124527,11.01746760844253,14.775326228234917,8.965005272999406,2.7956369118764997,15.788275514460679,-16.259404952540958,-26.69940705448256,-45.342194413710416,-9.917854606383681,188.8740326134832,-48.84894758029839
124500.KQ,ITCENGLOBAL,US,KOE,575472271360.0,2026-08-05,23450.0,2026-07-03,22900.0,2.401746724890818,2026-05-04,61900.0,-62.11631663974152,2026-02-05,50100.0,-53.1936127744511,2025-08-05,16830.0,39.33452168746285,2024-08-05,3835.0,511.4732724902216,2021-08-05,5970.0,292.79731993299833,KRW,16.416625093552284,14.849591412348673,42.05934535712004,34.31248273118399,12.164008429390378,2.825732779165264,5.21825758041814,10.552705712161824,-60.96794908679388,-52.15553120371419,34.960652065044926,480.96877435104955,214.59974599867908
010780.KS,IS DONGSEO,US,KSC,575469584384.0,2026-08-05,19510.0,2026-07-03,21900.0,-10.913242009132418,2026-05-04,26050.0,-25.105566218809983,2026-02-05,27100.0,-28.007380073800736,2025-08-05,19483.251953125,0.1372873837455657,2024-08-05,19299.484375,1.0907836754058264,2021-08-05,46365.01171875,-57.92085610082967,KRW,13.658352050115354,14.201137638883665,17.70025761798024,18.56024515000172,14.08166613129822,14.220387384465539,40.52672929104574,-3.8221275123911713,-22.835292316644285,-26.410713114346507,-3.0061363281579268,-3.9523208415838007,-66.2979167353307
3690.HK,MEITUAN-W,US,HKG,574289805312.0,2026-08-05,93.0500030517578,2026-07-03,71.5999984741211,29.958107590448545,2026-05-05,83.55000305175781,11.37043644883522,2026-02-05,93.8000030517578,-0.7995735347536836,2025-08-05,122.9000015258789,-24.28803751303096,2024-08-05,106.8000030517578,-12.874531467322548,2021-08-05,211.1999969482422,-55.94223276690617,HKD,11.865293611066361,9.129380526296131,10.66634375744502,12.006860813728052,15.657567743150139,13.683589336867497,27.162066544011623,29.968222672828105,11.240495158282183,-1.17905258383465,-24.22007168861089,-13.28814889893054,-56.31667571449094
050890.KQ,Solid,US,KOE,574063706112.0,2026-08-05,10070.0,2026-07-03,10780.0,-6.586270871985156,2026-05-04,18640.0,-45.97639484978541,2026-02-05,8550.083984375,17.776620889369,2025-08-05,6367.7197265625,58.14138235377564,2024-08-05,4318.53173828125,133.18110437247358,2021-08-05,7074.97802734375,42.33259751593474,KRW,7.049697854672559,6.990331677952781,12.665366679430008,5.8557806200407185,4.6023170784255285,3.1820121748961867,6.184096770934389,0.8492612290059931,-44.33877807800016,20.38869472920142,53.17714391560977,121.54842493343243,13.997211166011269
114090.KS,GKL,US,KSC,574020648960.0,2026-08-05,9270.0,2026-07-03,10580.0,-12.381852551984874,2026-05-04,12380.0,-25.12116316639742,2026-02-05,12677.5673828125,-26.87871639658788,2025-08-05,15232.10546875,-39.14170290497123,2024-08-05,10495.9384765625,-11.680122547402773,2021-08-05,14997.5791015625,-38.19002428842519,KRW,6.489642414380796,6.86064092325978,8.411869071424007,8.682611015891723,11.009118200786588,7.733694237633529,13.109083891901037,-5.407636298544338,-22.85136205428131,-25.257017704664552,-41.05211429270403,-16.086126306868398,-50.49507297462501
9007.T,ODAKYU ELECTRIC RAILWAY CO,US,JPX,573786554368.0,2026-08-05,1661.0,2026-07-03,1677.5,-0.983606557377048,2026-05-01,1595.0,4.137931034482767,2026-02-05,1658.0673828125,0.1768696023997318,2025-08-05,1642.7191162109375,1.112842944886938,2024-08-05,1247.21630859375,33.17657799654621,2021-08-05,2355.63232421875,-29.4881470710471,JPY,10.53319085156545,10.390277430415154,10.160659633111209,10.566524256825687,11.190718494595728,8.566987590661029,21.50692783005752,1.3754533707824868,3.666407811164629,-0.31546234551730334,-5.8756517139432525,22.95092925134854,-51.024195855418554
2181.T,PERSOL HOLDINGS CO LTD,US,JPX,573729079296.0,2026-08-05,259.0,2026-07-03,254.1999969482422,1.888278170489177,2026-05-01,232.6999969482422,11.302107175191557,2026-02-05,264.2193298339844,-1.9753777429016293,2025-08-05,281.2891540527344,-7.92392942692548,2024-08-05,201.4777984619141,28.55014397477622,2021-08-05,193.02020263671875,34.182845350888535,JPY,1.6424421616829932,1.5744909037871366,1.4823733326753015,1.683815740393669,1.9162300526750045,1.383928182564475,1.7622748360051332,4.31576058854406,10.79814547923692,-2.4571321979091953,-14.287840367069226,18.679725030202164,-6.799885686036711
108320.KS,LX Semicon,US,KSC,572503359488.0,2026-08-05,35450.0,2026-07-03,39250.0,-9.68152866242038,2026-05-04,63100.0,-43.81933438985737,2026-02-05,54078.85546875,-34.4475771672255,2025-08-05,53200.31640625,-33.36505796451369,2024-08-05,59267.21875,-40.18615898016979,2021-08-05,105979.3828125,-66.55009770842074,KRW,24.81745669792872,25.451810608501546,42.87471231073141,37.03752084618122,38.450926750556164,43.66970606305949,92.634458581133,-2.492372430120693,-42.11633067514021,-32.99374220807887,-35.45680482832639,-43.17008531705695,-73.20926027090384
2002A.TW,CHINA STEEL CORP,US,TAI,572236234752.0,2026-08-05,37.45000076293945,2026-07-03,37.11261367797852,0.909090068105689,2026-05-05,37.3054084777832,0.3875906766772408,2026-02-05,37.40180206298828,0.1288673200023904,2025-08-05,37.98018264770508,-1.3959434836937512,2024-08-05,39.36090469360352,-4.854827259533501,2021-08-05,41.3260498046875,-9.379190752725652,TWD,1.1560390383822607,1.1622789251658932,1.1806256812400164,1.1814664898099352,1.270916043305121,1.2078008758267702,1.4911237389287635,-0.5368665514383086,-2.0825095750866773,-2.152194044180211,-9.038913744775245,-4.285626751932692,-22.471958013842
7951.T,YAMAHA CORP,US,JPX,572086026240.0,2026-08-05,1315.0,2026-07-03,1163.5,13.021057155135374,2026-05-01,1109.5,18.5218566922037,2026-02-05,1154.1688232421875,13.934805161867049,2025-08-05,959.822021484375,37.00456653060933,2024-08-05,814.740478515625,61.40108840496024,2021-08-05,1896.3486328125,-30.65621071745094,JPY,8.339040318969637,7.206609711050987,7.067869506543502,7.355281814044133,6.538609030203929,5.596360086826053,17.31366680920928,15.713777397742557,17.98520489447737,13.374858092413543,27.535386814671735,49.008287343766725,-51.835504224131
9001.T,TOBU RAILWAY CO,US,JPX,571244806144.0,2026-08-05,2900.0,2026-07-03,2902.0,-0.0689179875947632,2026-05-01,2857.5,1.4873140857392777,2026-02-05,2902.489501953125,-0.0857712646832875,2025-08-05,2545.4375,13.92933434822108,2024-08-05,2158.774658203125,34.33546613956644,2021-08-05,2599.9501953125,11.540598171013649,JPY,18.390279030427337,17.974715411663055,18.203188026091084,18.496971863439512,17.34031961215078,14.828378670506709,23.737550481641847,2.3119343435870965,1.0277925167178958,-0.5768124307041878,6.05501767995571,24.02083490762994,-22.526635405578112
1969.T,TAKASAGO THERMAL ENGINEERING CO,US,JPX,570169294848.0,2026-08-05,4440.0,2026-07-03,5150.0,-13.786407766990294,2026-05-01,4425.0,0.3389830508474523,2026-02-05,4689.14013671875,-5.313130541095045,2025-08-05,3760.5078125,18.06916037353665,2024-08-05,2196.062255859375,102.18006061319582,2021-08-05,845.6602783203125,425.0335286906135,JPY,28.156151343137026,31.89861625432968,28.188663872424513,29.88293088200544,25.617760158220335,15.084502956410915,7.720880031909587,-11.73237384767335,-0.11533902222052861,-5.7784811860881575,9.908716332884238,86.65614256232857,264.6754155843713
MRF.BO,MRF LTD.,US,BSE,570090192896.0,2026-07-17,130613.8984375,,,,,,,,,,,,,,,,,,,INR,1351.380548091569,,,,,,,,,,,,
5631.T,JAPAN STEEL WORKS,US,JPX,569600180224.0,2026-08-05,7663.0,2026-07-03,7955.0,-3.670647391577619,2026-05-01,9283.0,-17.45125498222557,2026-02-05,8686.431640625,-11.781956998758613,2025-08-05,9259.126953125,-17.23841741457384,2024-08-05,2944.17578125,160.27657889185346,2021-08-05,2653.468994140625,188.7917671893432,JPY,48.594726969022304,49.272522777318954,59.135676096659154,55.35685195147562,63.07608051530133,20.223210046966415,24.226177221950138,-1.3756060580860985,-17.825025134416883,-12.215515774597907,-22.958550100090736,140.29185701066166,100.58768052350015
490470.KQ,SemiFive,US,KOE,569369755648.0,2026-08-05,17490.0,2026-07-03,20500.0,-14.682926829268297,2026-05-04,48800.0,-64.15983606557377,2026-02-05,26900.0,-34.98141263940521,,,,,,,,,,KRW,12.244212063378654,13.293302356032655,33.158256113529205,18.423269171034917,,,,-7.891871143500406,-63.073413687812184,-33.53941719187918,,,
REPSN.MX,REPSOL SA,US,MEX,568589287424.0,2026-08-04,521.8300170898438,2026-07-03,506.3990173339844,3.0472017574398658,2026-05-04,506.3990173339844,3.0472017574398658,2026-02-04,340.9090576171875,53.07015329461133,2025-08-04,289.0409545898437,80.53843540280768,2024-08-02,262.021728515625,99.15524565311983,2021-08-04,220.29156494140625,136.88152436914302,MXN,30.11693083343812,28.97632949307001,29.02565725961233,19.77614357301536,15.319101499632094,13.846148120457656,11.09077166320867,3.936320991383302,3.7596860049203373,52.28919997593873,96.59724060292578,117.51125707618577,171.54946245394967
4816.T,TOEI ANIMATION,US,JPX,568398708736.0,2026-08-05,2715.0,2026-07-03,2511.0,8.124253285543602,2026-05-01,2605.0,4.222648752399238,2026-02-05,2638.11328125,2.914458575242418,2025-08-05,3274.2890625,-17.081236623408238,2024-08-05,2289.907470703125,18.563742628707548,2021-08-05,2656.535400390625,2.2007837577010303,JPY,17.217106057796627,15.55289813876152,16.59468234749511,16.812156289630366,22.305485342429165,15.729115110268822,24.254173517143727,10.700307455158509,3.750741938097235,2.4086723986502134,-22.812232984473546,9.460105906125404,-29.013841491539782
225570.KQ,NEXON Games,US,KOE,567874289664.0,2026-08-05,9000.0,2026-07-03,8790.0,2.3890784982935065,2026-05-04,11780.0,-23.599320882852293,2026-02-05,12490.0,-27.942353883106485,2025-08-05,14080.0,-36.07954545454546,2024-08-05,26400.0,-65.90909090909092,2021-08-05,13600.0,-33.82352941176471,KRW,6.3006237032823265,5.699908668757416,8.00418559461832,8.554149886476807,10.176425352692604,19.452241295948625,11.887487955391407,10.53902912195024,-21.283388187317865,-26.34424475957645,-38.08608145869974,-67.60978024370603,-46.99785415618643
268280.KS,MIWON SC,US,KSC,567139958784.0,2026-08-05,115300.0,2026-07-03,109300.0,5.489478499542533,2026-05-04,118820.90625,-2.9632043393037155,2026-02-05,129150.671875,-10.724428819391306,2025-08-05,138097.84375,-16.508471914500834,2024-08-05,131218.71875,-12.131438945329586,2021-08-05,177934.125,-35.20073791353964,KRW,80.71799033205025,70.87599743972532,80.73553362867096,88.45269857149196,99.81124987852854,96.68553710872038,155.5286593963683,13.886214300821376,-0.021729337544729166,-8.744457053721355,-19.129366248509072,-16.51492793458348,-48.10088980042024
000640.KS,Donga Socio Holdings,US,KSC,566986604544.0,2026-08-05,87500.0,2026-07-03,82122.109375,6.548651350932255,2026-05-04,97693.5703125,-10.434228455253535,2026-02-05,103573.5625,-15.518981979595424,2025-08-05,104527.28125,-16.289796354002085,2024-08-05,97282.4140625,-10.055685970349373,2021-08-05,106605.8125,-17.921923816302233,KRW,61.25606378191151,53.25239170912482,66.3800906776014,70.93545059258395,75.54787464208312,71.68034061348999,93.18200824032829,15.029695035115665,-7.719222500879908,-13.645344788553981,-18.917555163372548,-14.5427278140147,-34.26191929248369
1963.T,JGC HOLDINGS CORPORATION,US,JPX,566172516352.0,2026-08-05,2327.0,2026-07-03,2493.5,-6.677361138961302,2026-05-01,2385.0,-2.431865828092239,2026-02-05,2109.805419921875,10.294531335793412,2025-08-05,1329.2457275390625,75.06168737575396,2024-08-05,934.48486328125,149.01419931289433,2021-08-05,877.2620849609375,165.25710387946563,JPY,14.756613553036004,15.444504782557487,15.193212053272873,13.445358359906777,9.055239328647133,6.418870706090729,8.00940458972434,-4.4539545890676,-2.8736418520718177,9.752474854365412,62.9621594467638,129.8942326262121,84.2410804414599
2301.TW,LITE-ON TECHNOLOGY CORP,US,TAI,565006827520.0,2026-08-05,249.0,2026-07-03,219.0,13.698630136986312,2026-05-05,171.0,45.61403508771931,2026-02-05,162.57940673828125,53.155928537024245,2025-08-05,129.18673706054688,92.74424423561328,2024-08-05,88.91896057128906,180.03026396194662,2021-08-05,49.32160568237305,404.8497439510361,TWD,7.686347521841526,6.858559917658567,5.41173518076539,5.135638135054933,4.322925411797883,2.728504318983852,1.7796188462882867,12.069408361537736,42.03110952584406,49.66684411379989,77.80430587269404,181.7055288629366,331.90976190619574
FSR.JO,Firstrand Ltd,US,JNB,562593267712.0,2026-08-04,10151.0,2026-07-03,9642.0,5.27898776187512,2026-05-04,8715.0,16.47733792312105,2026-02-04,9343.1953125,8.645914598609107,2025-08-04,7761.30517578125,30.78985776355849,2024-08-02,7987.68603515625,27.083112121862875,2021-08-04,5483.265625,85.12690601232728,ZAR,614.3557336889207,592.8686135709286,525.7217624410987,586.4479507310316,430.8939725044893,436.9105527475149,383.34864831960294,3.6242633909345123,16.859483015552822,4.758782586434296,42.577008009208114,40.613617552961514,60.260310394188245
7459.T,MEDIPAL HOLDINGS CORP,US,JPX,562307137536.0,2026-08-05,2713.5,2026-07-03,2645.5,2.5704025704025746,2026-05-01,2815.0,-3.6056838365897015,2026-02-05,2847.205078125,-4.696011507996123,2025-08-05,2492.362548828125,8.872603677817704,2024-08-05,2116.529541015625,28.20515600731546,2021-08-05,1862.15771484375,45.7180548333783,JPY,17.207593844505027,16.385978505015373,17.932449446525425,18.144655539350424,16.978756377257127,14.538201744325079,17.00150365979198,5.014136563392757,-4.042144962861416,-5.164395062850247,1.3477869766387984,18.361226148357268,1.212187985468871
CPI.JO,Capitec Bank Hldgs Ltd,US,JNB,560626401280.0,2026-08-04,488127.0,2026-07-03,477372.0,2.252959955757783,2026-05-04,429206.0,13.727906879214167,2026-02-04,442570.34375,10.29365317702673,2025-08-04,349336.21875,39.72985731242618,2024-08-02,281393.53125,73.46774029653534,2021-08-04,168316.75,190.0050054436056,ZAR,29542.27378764376,29352.714768469334,25891.329290911555,27778.983791474253,19394.530639845994,15391.666965489043,11767.439882514998,0.6457972309193316,14.101031490931494,6.3475683970508845,52.32270548970783,91.93680485604962,151.05098545300436
HDBFS.BO,HDB FINANCIAL SERVICES LIMITED,US,BSE,559496757248.0,2026-08-04,678.5499877929688,2026-07-03,746.9000244140625,-9.151162724183049,2026-05-04,663.206298828125,2.313562008074377,2026-02-04,709.4243774414062,-4.352033934862565,2025-08-04,737.6978149414062,-8.017893770382866,,,,,,,INR,7.117786684594478,7.8187237646602625,6.988254430851612,7.845627371034595,8.455444408987148,,,-8.964852847646831,1.8535709457144112,-9.277023391746141,-15.820075914293719,,
HDBFS.NS,HDB FINANCIAL SERVICES L,US,NSI,559413985280.0,2026-08-05,675.25,2026-07-03,747.0499877929688,-9.611135662432646,2026-05-05,665.6989135742188,1.4347456832249028,2026-02-05,698.4553833007812,-3.3223859183555198,2025-08-05,735.0138549804688,-8.13098346044876,,,,,,,INR,7.10062964190729,7.820293616308618,6.988275527638052,7.74985194513954,8.362569751512183,,,-9.202518597262443,1.607751638081334,-8.377222014407925,-15.090338820512672,,
044490.KQ,TAEWOONG,US,KOE,559206301696.0,2026-08-05,28800.0,2026-07-03,29600.0,-2.7027027027026973,2026-05-04,58800.0,-51.02040816326531,2026-02-05,29750.0,-3.193277310924369,2025-08-05,40500.0,-28.88888888888889,2024-08-05,13930.0,106.74802584350324,2021-08-05,12500.0,130.39999999999998,KRW,20.161995850503445,19.194231694564223,39.95298072695732,20.37517687131185,29.271678038639948,10.264004592900164,10.925999958999455,5.041953079128936,-49.53569049505331,-1.0462781361597062,-31.121147807485816,96.43401041002979,84.53227096982137
376900.KQ,ROKIT,US,KOE,557912424448.0,2026-08-05,36050.0,2026-07-03,40050.0,-9.987515605493137,2026-05-04,71500.0,-49.58041958041958,2026-02-05,54700.0,-34.09506398537477,2025-08-05,15710.0,129.47167409293442,,,,,,,KRW,25.23749827814754,25.970573627273552,48.58228098601103,37.462930247420445,11.354520049062558,,,-2.8227152763239616,-48.05205155885018,-32.63341091722184,122.26829640616272,,
052020.KQ,STCUBE,US,KOE,557732265984.0,2026-08-05,8400.0,2026-07-03,8100.0,3.703703703703698,2026-05-04,19000.0,-55.78947368421052,2026-02-05,8430.0,-0.3558718861209953,2025-08-05,7210.0,16.50485436893203,2024-08-05,4900.0,71.42857142857142,2021-08-05,8400.251953125,-0.0029993520004656,KRW,5.880582123063505,5.252475565066561,12.90997676551342,5.773537513450719,5.211081448360346,3.6104538768995553,7.342492199634307,11.958295668701213,-54.44932063106127,1.8540558429455345,12.847634053269609,62.87653363164969,-19.910270747629976
3405.T,KURARAY CO,US,JPX,557550403584.0,2026-08-05,1833.0,2026-07-03,1727.0,6.137811233352641,2026-05-01,1605.939208984375,14.138816073817797,2026-02-05,1731.5106201171875,5.861320092621991,2025-08-05,1796.8768310546875,2.010330831863971,2024-08-05,1333.9781494140625,37.40854756917331,2021-08-05,860.3504028320312,113.05272758242224,JPY,11.623924642335624,10.696875780820847,10.230345889628893,11.034562984638683,12.24088925937366,9.162944850463532,7.85500089807357,8.6665385343349,13.622010123034878,5.341051190857282,-5.04019441696677,26.857957043663717,47.981200679256176
2282.T,NH FOODS LTD,US,JPX,556481445888.0,2026-08-05,5860.0,2026-07-03,6117.0,-4.201405917933632,2026-05-01,6527.0,-10.219089934119808,2026-02-05,6652.93017578125,-11.918510413167482,2025-08-05,5130.19384765625,14.22570323881942,2024-08-05,4526.5244140625,29.45914931541753,2021-08-05,3708.656005859375,58.00872312615881,JPY,37.16104659251869,37.8881234228611,41.579075501766056,42.39776308856426,34.94849156211808,31.092183622759876,33.86003674872313,-1.91900987607031,-10.625606404018562,-12.351398079909659,6.330902798674365,19.518934544424617,9.748984823296269
033240.KS,JahwaElec,US,KSC,555910299648.0,2026-08-05,26800.0,2026-07-03,26900.0,-0.371747211895912,2026-05-04,47700.0,-43.81551362683438,2026-02-05,36700.0,-26.975476839237057,2025-08-05,18560.0,44.39655172413792,2024-08-05,17430.0,53.75788869764773,2021-08-05,20100.0,33.33333333333333,KRW,18.76185724977404,17.443406506208703,32.41083640605211,25.135092140408233,13.414378874003887,12.84290021925699,17.569007934071124,7.558447617992825,-42.11239409338226,-25.355924120080363,39.86377920287598,46.08738625596425,6.789508663091071
BONY34.SA,BNY MELLON  DRN ED,US,SAO,555185995776.0,2026-08-05,818.25,2026-07-03,759.53173828125,7.730850306746095,2026-05-05,652.7845458984375,25.347636542747782,2026-02-05,633.9080200195312,29.08024100638276,2025-08-05,546.58642578125,49.70185160205072,2024-08-05,347.2384948730469,135.644956443887,2021-08-05,239.0748443603516,242.25683684506436,BRL,159.07808881625533,145.4428642205894,130.95501819352648,121.02100267095466,99.44987054353987,60.635009338704094,46.25882285759668,9.374969799127264,21.475366893667513,31.44667892793329,59.95806525118581,162.35353230945043,243.88702303550153
COLPAL.NS,COLGATE PALMOLIVE LTD.,US,NSI,554850713600.0,2026-08-05,2040.0,2026-07-03,2047.0,-0.3419638495359089,2026-05-05,2153.513427734375,-5.271080564090003,2026-02-05,2089.666259765625,-2.376755595948399,2025-08-05,2180.92431640625,-6.46167844276534,2024-08-05,3232.404052734375,-36.88907801379872,2021-08-05,1475.2191162109375,38.28454211193302,INR,21.451735608279705,21.428473722189665,22.60683452925332,23.186311559951264,24.813316912510345,38.602646026771026,19.88594848283128,0.10855596339534035,-5.109511990627935,-7.481034433556122,-13.54748869763479,-44.42936478136013,7.873836778770005
6674.T,GS YUASA CORP,US,JPX,554765975552.0,2026-08-05,6010.0,2026-07-03,6737.0,-10.791153332343772,2026-05-01,6278.0,-4.26887543803759,2026-02-05,3957.62353515625,51.85880987951828,2025-08-05,2856.665771484375,110.38513010491582,2024-08-05,1877.8125,220.0532534531536,2021-08-05,2383.263427734375,152.17522872464605,JPY,38.11226792167872,41.728345185518265,39.99286594148725,25.22112521909594,19.460504334767734,12.898481421580072,21.75919986040185,-8.665757646901595,-4.702333717618523,51.112480472609434,95.84419430275572,195.4787209129456,75.15473071708283
2331.T,ALSOK CO LTD,US,JPX,554363650048.0,2026-08-05,1142.0,2026-07-03,1082.5,5.496535796766744,2026-05-01,1178.5,-3.0971574034790006,2026-02-05,1150.377197265625,-0.728213083981244,2025-08-05,1051.1973876953125,8.638017309362489,2024-08-05,828.5798950195312,37.82617788150422,2021-08-05,935.454345703125,22.07971508664348,JPY,7.2419650526717305,6.704903319478035,7.507421553367749,7.331118557309537,7.161086720100059,5.691421471634783,8.540700046652319,8.009984747035915,-3.535921072354564,-1.2160968880924106,1.1294142318463818,27.243520599636327,-15.20642320754082
002840.KS,MiwonComcl,US,KSC,554336190464.0,2026-08-05,118400.0,2026-07-03,125800.0,-5.882352941176472,2026-05-04,151900.0,-22.05398288347597,2026-02-05,139900.0,-15.36812008577555,2025-08-05,160205.296875,-26.094828130195054,2024-08-05,182243.25,-35.03188732641676,2021-08-05,202317.640625,-41.47816293515557,KRW,82.88820516318083,81.57548470189795,103.21186687797308,95.81469728727825,115.78957704221557,134.2818058165867,176.84180265388932,1.609209514451515,-19.691206379224614,-13.491137048985625,-28.414795804150206,-38.27294423162848,-53.12861330337844
007700.KS,F&F Holdings,US,KSC,554011066368.0,2026-08-05,14250.0,2026-07-03,15560.0,-8.419023136246784,2026-05-04,20250.0,-29.629629629629623,2026-02-05,20850.0,-31.654676258992808,2025-08-05,17359.341796875,-17.91163416941729,2024-08-05,12199.03515625,16.81251687105121,2021-08-05,33471.98046875,-57.427078408748365,KRW,9.975987530197017,10.089940715115517,13.759317342191935,14.279745807289146,12.546594173847666,8.988582402921793,29.257188578335445,-1.1293741770731058,-27.49649359705961,-30.138899775759743,-20.48848163917556,10.985104024348292,-65.90243965688452
M&MFIN.NS,M&M FIN. SERVICES LTD,US,NSI,553594781696.0,2026-08-04,398.6000061035156,2026-07-03,326.6996154785156,22.00810384171643,2026-05-04,297.115234375,34.15670419660406,2026-02-04,361.8585815429688,10.153531361307234,2025-08-04,252.76312255859372,57.6970572560936,2024-08-02,291.4877319335937,36.74675207062368,2021-08-04,139.30039978027344,186.1441939378856,INR,4.181194999576832,3.4199678189207816,3.1307254722451034,4.001846683132556,2.8971544827009548,3.4807041102465055,1.8769995773801327,22.258314140987025,33.55354970100321,4.481638869380311,44.32074728989921,20.12497664677153,122.75950671298688
053610.KQ,PROTEC,US,KOE,553500016640.0,2026-08-05,64800.0,2026-07-03,70400.0,-7.954545454545459,2026-05-04,82300.0,-21.2636695018226,2026-02-05,49800.0,30.12048192771084,2025-08-05,26084.3046875,148.42525333271834,2024-08-05,21104.44140625,207.04437399044227,2021-08-05,25501.00390625,154.1076431274075,KRW,45.36449066363275,45.65114565193653,55.92058356851339,34.10701876273379,18.852626387019427,15.55032903979486,22.289917410730595,-0.627925070028601,-18.876936239314123,33.006320426923885,140.6269011667653,191.72688595553473,103.52022767833952
100840.KS,SNTEnergy,US,KSC,553311010816.0,2026-08-05,28450.0,2026-07-03,27250.0,4.403669724770642,2026-05-04,58600.0,-51.4505119453925,2026-02-05,42632.984375,-33.26763205279363,2025-08-05,50080.71875,-43.191709883357056,2024-08-05,10267.9560546875,177.07559175822612,2021-08-05,5974.95458984375,376.1542463997872,KRW,19.9169715953758,17.670365326921456,39.81708623468876,29.198473855210068,36.19621420231306,7.565710560302193,5.222588288292513,12.71397748088181,-49.9788320069888,-31.78762803103873,-44.97498693080715,163.25315298052146,281.36208515658245
GFNORTEO.MX,GRUPO FINANCIERO BANORTE,US,MEX,552344879104.0,2026-08-05,198.92999267578125,2026-07-03,187.6300048828125,6.022484410223372,2026-05-05,179.0854949951172,11.081018974320124,2026-02-05,189.75706481933597,4.834037597060581,2025-08-05,153.4521942138672,29.63646019849766,2024-08-05,110.71054077148438,79.68478095178764,2021-08-05,82.57791900634766,140.89974059589676,MXN,11.528832209733764,10.736254728324184,10.221833238748673,10.953180346644787,8.131467892240721,5.669197803249176,4.1370874961573065,7.382252950077817,12.786346054155452,5.2555681991058645,41.78045541734112,103.35914550602321,178.67025341963904
006650.KS,KPIC,US,KSC,551525744640.0,2026-08-05,89900.0,2026-07-03,110800.0,-18.862815884476536,2026-05-04,179900.0,-50.0277932184547,2026-02-05,149000.0,-39.66442953020134,2025-08-05,97042.9609375,-7.360617265275316,2024-08-05,97951.6015625,-8.219979494018293,2021-08-05,238209.546875,-62.26011879902747,KRW,62.936230102786794,71.84867809992284,122.2370957955718,102.04710433026776,70.13852613527933,72.17341624690789,208.2141999511623,-12.404470385302213,-48.51298642758925,-38.3262949832477,-10.268673194816136,-12.798599019506495,-69.77332472158537
6446.TW,PHARMAESSENTIA CORP,US,TAI,551508377600.0,2026-08-05,1335.0,2026-07-03,1256.21630859375,6.271506815131467,2026-05-05,582.6322021484375,129.13254624053226,2026-02-05,660.9768676757812,101.9737853601916,2025-08-05,412.1487121582031,223.912209505476,2024-08-05,490.6917724609375,172.0648836854658,2021-08-05,78.36165618896484,1603.6393370511728,TWD,41.20993550866842,39.341711516119176,18.43889582347083,20.87926187041262,13.791571656411065,15.057020593218795,2.8274399880311307,4.7487105175477495,123.49459481306026,97.37256884097899,198.8052162243005,173.69249615842378,1357.4999180571358
041960.KQ,KOMIPHARM,US,KOE,550600769536.0,2026-08-05,7640.0,2026-07-03,7900.0,-3.2911392405063244,2026-05-04,9720.0,-21.399176954732518,2026-02-05,7860.0,-2.7989821882951627,2025-08-05,5260.0,45.247148288973385,2024-08-05,3870.0,97.41602067183464,2021-08-05,10675.1279296875,-28.4317710258705,KRW,5.3485294547863305,5.12278481037356,6.604472324252129,5.383155973395333,3.8017043576110154,2.8515217354288325,9.330915785766365,4.406678257412677,-19.016551327709852,-0.6432382561481376,40.687674570974195,87.5675499272314,-42.67947993973835
456040.KS,OCI,US,KSC,550462488576.0,2026-08-05,76600.0,2026-07-03,92400.0,-17.099567099567103,2026-05-04,144300.0,-46.916146916146914,2026-02-05,76000.0,0.7894736842105177,2025-08-05,56200.0,36.29893238434163,2024-08-05,70572.921875,8.54021339186617,,,,KRW,53.625308407936245,59.9171286681667,98.04787617176771,52.050872007384896,40.61897051287815,52.00005701790269,,-10.500870786175087,-45.307016835335254,3.0248031201628445,32.02035337388589,3.125480015289228,
2395.TW,ADVANTECH CO LTD,US,TAI,550106103808.0,2026-08-05,633.0,2026-07-03,510.0309448242188,24.110116537764647,2026-05-05,388.1521606445313,63.08037521906256,2026-02-05,281.447021484375,124.90911314730045,2025-08-05,321.0943298339844,97.13833013721558,2024-08-05,312.1553039550781,102.78367593942734,2021-08-05,294.4033508300781,115.01113972216676,TWD,19.53999189287424,15.972957967748473,12.284074288012336,8.890486719880755,10.744654363187351,9.578576825043967,10.62264182803915,22.331705450725426,59.06767929548211,119.7854010532319,81.85779860747233,103.99681758343627,83.94663219555392
ADSN.MX,ADIDAS AG,US,MEX,548944674816.0,2026-08-04,3135.699951171875,2026-07-03,3615.0,-13.258645887361686,2026-05-04,2739.73583984375,14.452638300731468,2026-02-04,3576.730712890625,-12.330555390409026,2025-08-04,3850.850341796875,-18.5712330303467,2024-08-02,4472.18896484375,-29.88444862634666,2021-08-04,7476.18603515625,-58.05749166183851,MXN,180.9739866451555,206.85156868770719,157.03552089780896,207.4862445560684,204.0941475909176,236.32616722551757,376.39513001617524,-12.510217933913859,15.243981495705361,-12.777838823791809,-11.328184182970169,-23.421943168714566,-51.91914766873358
8954.T,ORIX JREIT INC,US,JPX,548688003072.0,2026-08-05,99800.0,2026-07-03,99100.0,0.7063572149344166,2026-05-01,98800.0,1.0121457489878471,2026-02-05,103026.5390625,-3.131755266031655,2025-08-05,95841.1484375,4.130638694382549,2024-08-05,65981.9375,51.25351540336322,2021-08-05,82382.1015625,21.14281877634032,JPY,632.8792576678097,613.8160914182663,629.3875684961677,656.567058362918,652.9000008453695,453.222456983116,752.1487519835136,3.105680433612723,0.5547756813794269,-3.607826556844229,-3.0664333208205052,39.63987174876167,-15.857168412654389
ZPLT.NE,PALANTIR (PLTR) BMO CDR (CAD HE,US,NEO,547918053376.0,2026-08-05,8.619999885559082,,,,,,,,,,,,,,,,,,,CAD,6.12847024410712,,,,,,,,,,,,
327260.KQ,RF Materials,US,KOE,547716562944.0,2026-08-05,33750.0,2026-07-03,24750.0,36.36363636363635,2026-05-04,52640.44921875,-35.88580549578862,2026-02-05,18734.376953125,80.1501063229664,2025-08-05,3189.448974609375,958.1765147734808,2024-08-05,3737.18115234375,803.0870761732782,2021-08-05,6482.84130859375,420.60506178456814,KRW,23.627338887308724,16.049230893258937,35.767735596855346,12.830798117436984,2.305198111245332,2.753657179623559,5.666521909751623,47.21788878514281,-33.94231283294879,84.14551200208895,924.9591465500803,758.0348731187634,316.9636906661915
2359.HK,WUXI APPTEC,US,HKG,547519430656.0,2026-08-05,183.5,2026-07-03,156.10000610351562,17.552846140386723,2026-05-05,135.5141143798828,35.41024921256521,2026-02-05,111.82628631591795,64.09379766184688,2025-08-05,101.61115264892578,80.59041278077652,2024-08-05,32.47013854980469,465.13463814925353,2021-08-05,164.0521240234375,11.854693191161635,HKD,23.399046815931797,19.903580813499957,17.300300121666396,14.314313554664293,12.945349766534491,4.160187536805552,21.098460103212346,17.56199567899348,35.25225950633948,63.46607699051876,80.75252687587901,462.4517310558319,10.90405034995503
460930.KQ,HYUNDAI HYMS,US,KOE,546864332800.0,2026-08-05,14620.0,2026-07-03,12290.0,18.95850284784377,2026-05-04,20100.0,-27.2636815920398,2026-02-05,16950.0,-13.74631268436578,2025-08-05,20298.86328125,-27.97626252547624,2024-08-05,11579.7333984375,26.25506561293316,,,,KRW,10.235013171331957,7.969496875884943,13.657396472990513,11.6087142174365,14.671155321459764,8.532263947316721,,28.42734404354037,-25.05882661037787,-11.833360873344779,-30.237169826966404,19.956593402747778,
8984.T,DAIWA HOUSE REIT INVESTMENT COR,US,JPX,546597339136.0,2026-08-05,121000.0,2026-07-03,122500.0,-1.224489795918371,2026-05-01,125100.0,-3.277378097521988,2026-02-05,132972.15625,-9.00350613815063,2025-08-05,122125.2890625,-0.9214218210972792,2024-08-05,105829.46875,14.33488368522118,2021-08-05,141900.078125,-14.72872911781563,JPY,767.3185388557613,758.7534934282303,796.9269718509167,847.4043510310876,831.9558209816787,726.9306368594116,1295.5479970016313,1.1288311028173403,-3.7153257501610026,-9.450719963601916,-7.769316650690383,5.555949900645163,-40.772666035406246
2002.T,NISSHIN SEIFUN GROUP INC,US,JPX,546226601984.0,2026-08-05,1920.0,2026-07-03,1997.0,-3.855783675513269,2026-05-01,2000.0,-4.000000000000004,2026-02-05,2074.571044921875,-7.450747242435163,2025-08-05,1698.406982421875,13.047109430870352,2024-08-05,1591.5074462890625,20.64034035636389,2021-08-05,1566.8973388671875,22.53514971109043,JPY,12.175633013248444,12.369230419397354,12.74063903838396,13.220816895566486,11.570081727288084,10.931884428432454,14.305775836771204,-1.5651532034306026,-4.434675713151536,-7.9055922986766225,5.23376844030552,11.37725698582357,-14.890089484329083
016380.KS,KG DONGBU STL,US,KSC,544213073920.0,2026-08-05,5650.0,2026-07-03,5330.0,6.003752345215752,2026-05-04,6990.0,-19.170243204577964,2026-02-05,5304.22509765625,6.518858004282957,2025-08-05,5408.41552734375,4.466825291711629,2024-08-05,5025.16748046875,12.43406358016481,2021-08-05,14484.7587890625,-60.99348230592325,KRW,3.9553915470605716,3.45625861256849,4.749512504786253,3.6327571270587384,3.9089727905083294,3.7026806963118304,12.66083791483311,14.441423239482498,-16.720051940602687,8.881254890360758,1.1874924446891866,6.825078138670215,-68.75884855593533
FACT.NS,FACT LTD,US,NSI,543928713216.0,2026-08-04,842.2999877929688,2026-07-03,883.2999877929688,-4.641684656018552,2026-05-04,905.75,-7.0052456204285125,2026-02-04,801.3499755859375,5.110128340253461,2025-08-04,935.9307861328124,-10.004030183334212,2024-08-02,995.4661254882812,-15.386373656881968,2021-08-04,134.20712280273438,527.6119852677502,INR,8.83547527139018,9.246590413889635,9.54395557148382,8.862245930862741,10.727577840845582,11.887028697961114,1.8083703505480457,-4.4461268867484804,-7.423340299387959,-0.302075339382446,-17.637742624911677,-25.67128846163501,388.5877092992868
4626.T,TAIYO HLDG CO LTD,US,JPX,543697862656.0,2026-08-05,4940.0,2026-07-03,4990.0,-1.002004008016033,2026-05-01,4817.0,2.5534565082001137,2026-02-05,5221.0,-5.382110706761156,2025-08-05,3428.70361328125,44.077778576855394,2024-08-05,1414.5252685546875,249.2337754452078,2021-08-05,1195.34326171875,313.2704101160796,JPY,31.326889107003808,30.90759128332138,30.68582912394777,33.272364993579686,23.357405754269394,9.716213890794847,10.9134863695067,1.3566176019309983,2.089107582743277,-5.8471223399697685,34.11972817776525,222.4186854993275,187.04749377370428
2871.T,NICHIREI CORP,US,JPX,543588941824.0,2026-08-05,2128.0,2026-07-03,2164.0,-1.6635859519408491,2026-05-01,1891.0,12.533051295610797,2026-02-05,1951.0242919921875,9.070912583415502,2025-08-05,1780.7611083984375,19.499465142399615,2024-08-05,1675.8875732421875,26.977491448495662,2021-08-05,1179.4105224609375,80.42911772227978,JPY,13.494659923017025,13.403612732887268,12.046274210792035,12.433478711837665,12.131103895702324,11.511481965383268,10.76802042822635,0.6792735059135468,12.02351604222498,8.534869731743132,11.240164448659673,17.22782491079313,25.321641177827825
003300.KS,HANILHOLDINGS,US,KSC,542941741056.0,2026-08-05,17660.0,2026-07-03,16580.0,6.513872135102528,2026-05-04,17400.0,1.4942528735632177,2026-02-05,16010.0,10.30605871330419,2025-08-05,18015.267578125,-1.9720360887472088,2024-08-05,11263.837890625,56.78492687380192,2021-08-05,10382.103515625,70.10040377098736,KRW,12.363223844440654,10.751363564049825,11.822820827364922,10.964927116292529,13.02066944016849,8.299503506321457,9.074789006883748,14.992147468443285,4.57084671219008,12.752448906572567,-5.049245730020846,48.96341492022982,36.237039065728574
6460.T,SEGA SAMMY HLDGS INC,US,JPX,542419091456.0,2026-08-05,2648.0,2026-07-03,2331.5,13.574951747801832,2026-05-01,2301.0,15.080399826162536,2026-02-05,2388.677001953125,10.856344237200632,2025-08-05,3035.77197265625,-12.773422251374033,2024-08-05,1814.87158203125,45.90564016856178,2021-08-05,1287.3896484375,105.6875323810369,JPY,16.79222719743848,14.441091999411583,14.658105213660747,15.22254990629267,20.68063202316648,12.466147383396219,11.753870064289913,16.28086849749795,14.559330504660451,10.31152665491961,-18.802156633183188,34.70262047281911,42.86551668165772
APLAPOLLO.BO,APL APOLLO TUBES LTD.,US,BSE,541433888768.0,2026-08-04,1924.0,2026-07-03,1789.25,7.53108844487913,2026-05-04,1873.1500244140625,2.714677144018074,2026-02-04,2174.699951171875,-11.528024867834342,2025-08-04,1581.2310791015625,21.677345293086116,2024-08-02,1461.81201171875,31.6174709590616,2021-08-04,851.7617797851562,125.88475389037755,INR,20.182185288518667,18.730286569334567,19.737522066499196,24.050323055202398,18.123967858259107,17.455743484793857,11.477041725702861,7.751609746116572,2.2528827100044335,-16.083516873371074,11.356329068535786,15.619167445373394,75.84832198806612
TIINDIA.NS,TUBE INVEST OF INDIA LTD,US,NSI,539660255232.0,2026-08-05,2787.89990234375,2026-07-03,2975.800048828125,-6.314273250931979,2026-05-05,2932.39990234375,-4.927704433645186,2026-02-05,2379.584716796875,17.159094301820122,2025-08-05,2899.544189453125,-3.85040819572513,2024-08-05,3998.1162109375,-30.269663129926183,2021-08-05,1190.1956787109375,134.2387854544418,INR,29.31631941540536,31.151369393651294,30.783313682713924,26.403160011368982,32.98936525834324,47.74708308330355,16.043833550723775,-5.890752201153382,-4.765550201739133,11.033374046068722,-11.134030055364407,-38.60081596134856,82.72639966451678
178920.KS,PIAM,US,KSC,538872020992.0,2026-08-05,18830.0,2026-07-03,20050.0,-6.084788029925193,2026-05-04,30500.0,-38.26229508196721,2026-02-05,18862.609375,-0.1728783878821138,2025-08-05,17275.94140625,8.995507435489337,2024-08-05,23366.49609375,-19.41453299437313,2021-08-05,48880.4296875,-61.477425381930885,KRW,13.182304925867356,13.001498157973401,20.723910070955753,12.918621925045045,12.486315917485399,17.217072736987348,42.72540582092006,1.390661027652973,-36.390840914031195,2.04110780818747,5.5740140885536915,-23.434691092708924,-69.14644888074352
8368.T,HYAKUGO BANK,US,JPX,538299072512.0,2026-08-05,2167.0,2026-07-03,2081.0,4.132628543969252,2026-05-01,1811.0,19.65764770844838,2026-02-05,1493.78759765625,45.06747836171749,2025-08-05,749.9461059570312,188.9540972060411,2024-08-05,472.9011840820313,358.23526625471584,2021-08-05,265.7080993652344,715.5566221642747,JPY,13.741977468598634,12.889518529176712,11.536648649256676,9.519602791055604,5.108868384779754,3.2483046827759954,2.42591547847141,6.613582481706337,19.115853194368103,44.354525816037984,168.9828046762465,323.05075448940846,466.4656328940847
399720.KQ,GAONCHIPS,US,KOE,538259488768.0,2026-08-05,48100.0,2026-07-03,37450.0,28.43791722296396,2026-05-04,73300.0,-34.379263301500686,2026-02-05,65900.0,-27.010622154779973,2025-08-05,44600.0,7.847533632286985,2024-08-05,40750.0,18.036809815950928,,,,KRW,33.67333334754221,24.284593816264533,49.80533141642809,45.13358506956138,32.23498371662572,30.025713364011608,,38.6612994325217,-32.3901028466298,-25.39184889557575,4.462076492921074,12.14832080526882,
SBK.JO,Standard Bank Group Ltd,US,JNB,536769921024.0,2026-08-04,33652.0,2026-07-03,32237.0,4.389366256165284,2026-05-04,30707.0,9.590647083726832,2026-02-04,30836.716796875,9.129646394165736,2025-08-04,23178.068359375,45.18897553595544,2024-08-02,21820.623046875,54.22107759118,2021-08-04,12593.732421875,167.21228363997403,ZAR,2036.676105812192,1982.193061158061,1852.362382017076,1935.5401196212042,1286.8054694610546,1193.5447180503543,880.4589511792146,2.748624527133603,9.95019795178591,5.2252074325785935,58.27381481873879,70.6409550485118,131.31982508490995
1951.T,EXEO GROUP INC,US,JPX,536491884544.0,2026-08-05,2596.0,2026-07-03,2696.0,-3.70919881305638,2026-05-01,2880.5,-9.876757507377189,2026-02-05,2526.847412109375,2.736714039764565,2025-08-05,1979.61376953125,31.136691406965863,2024-08-05,1293.132568359375,100.75281247409929,2021-08-05,1125.3787841796875,130.67788699182557,JPY,16.462470469996333,16.698770761489868,18.3497053750325,16.103081666114804,13.485750670478637,8.882381179496633,10.274710549685437,-1.4150759649835032,-10.284824014689796,2.231801411265155,22.0730745529351,85.33848229793337,60.223204248808116
2883.TW,KGI FINANCIAL HOLDING CO LTD,US,TAI,536405180416.0,2026-08-05,31.600000381469727,2026-07-03,28.450000762939453,11.072054601255532,2026-05-05,21.064754486083984,50.01361825672189,2026-02-05,17.77942657470703,77.73351828131403,2025-08-05,14.733270645141602,114.48055318178824,2024-08-05,13.139836311340332,140.4900611600264,2021-08-05,11.15792465209961,183.206791287334,TWD,0.9754561631417715,0.8909864606851698,0.6666483796872882,0.5616252572717428,0.4930136910333758,0.40319972136301807,0.40259948397093126,9.480469814506986,46.32243816437971,73.68452549308984,97.85579607275767,141.92877907857638,142.28947178983518
2388.HK,BOC HONG KONG,US,HKG,535511334912.0,2026-08-05,50.650001525878906,2026-07-03,43.220001220703125,17.191115444986814,2026-05-05,43.137733459472656,17.41461005007119,2026-02-05,40.3353271484375,25.572308709639337,2025-08-05,35.28596878051758,43.54147916676803,2024-08-05,19.28520774841309,162.63653566317805,2021-08-05,18.74732780456543,170.17184557654343,HKD,6.458647176736008,5.510779970664316,5.507143951996454,5.163119863442262,4.495463301091149,2.4708881607201083,2.4110614238067285,17.20023682886087,17.277616728987333,25.091947263645675,43.67033482774401,161.38970105606555,167.87567968876994
112040.KQ,Wemade,US,KOE,534780542976.0,2026-08-05,15810.0,2026-07-03,19180.0,-17.570385818560997,2026-05-04,24400.0,-35.20491803278688,2026-02-05,29000.0,-45.48275862068966,2025-08-05,30884.17578125,-48.80873586531533,2024-08-05,32761.93359375,-51.74277502651408,2021-08-05,25131.310546875,-37.09042761414635,KRW,11.068095638765953,12.437343375058845,16.579128056764603,19.861516950186342,22.321769134753367,24.139887787404177,21.966775840380706,-11.009165663454334,-33.240785638000084,-44.27366415906056,-50.41568805792487,-54.150177762876275,-49.61438256032146
KEI.NS,KEI INDUSTRIES LTD.,US,NSI,533164490752.0,2026-08-04,5500.0,2026-07-03,5270.5,4.3544255763210415,2026-05-04,5058.2998046875,8.732186947542697,2026-02-04,4423.2998046875,24.341560438012564,2025-08-04,3878.70751953125,41.79981275475719,2024-08-02,4237.18994140625,29.803008032598257,2021-08-04,709.998291015625,674.6497519215804,INR,57.69335711374879,55.1728240121156,53.299683801471474,48.91791587865828,44.45749349646894,50.59699887578063,9.566853320442988,4.568432279412948,8.24333841949738,17.939115102242177,29.771951984497534,14.025255243676105,503.054684558259
6141.T,DMG MORI CO LTD,US,JPX,532935376896.0,2026-08-05,3727.0,2026-07-03,3750.0,-0.6133333333333324,2026-05-01,2957.337890625,26.02550462072295,2026-02-05,2905.091552734375,28.291998112486883,2025-08-05,3306.5751953125,12.714811545296367,2024-08-05,2566.520751953125,45.21604772389816,2021-08-05,1490.6370849609375,150.02732305547508,JPY,23.634679291862994,23.22714775800705,18.839187289494475,18.51355420079358,22.525428618195747,17.629140415865322,13.609519566129507,1.754548333277195,25.4548772655532,27.661490794943646,4.924437587710129,34.065976753994164,73.6628481043773
3110.T,NITTO BOSEKI CO,US,JPX,532788936704.0,2026-08-05,3555.0,2026-07-03,3625.0,-1.93103448275862,2026-05-01,5632.0,-36.87855113636363,2026-02-05,3420.0986328125,3.944370665022734,2025-08-05,1127.8433837890625,215.20333861043267,2024-08-05,827.8857421875,329.40708105525766,2021-08-05,645.7337036132812,450.5365416281613,JPY,22.54394550109282,22.452909499406815,35.87763953208923,21.795588972415317,7.683223315187263,5.686653414436478,5.895550005093639,0.4054530290981351,-37.16435697802988,3.4335228546685803,193.41780885804383,296.4360733478396,282.3891830552755
099190.KQ,i-SENS,US,KOE,532498055168.0,2026-08-05,18600.0,2026-07-03,15990.0,16.32270168855534,2026-05-04,21800.0,-14.678899082568808,2026-02-05,19040.0,-2.310924369747902,2025-08-05,17658.169921875,5.333678870981173,2024-08-05,15787.5166015625,17.814602951290937,2021-08-05,16473.7890625,12.906629612855646,KRW,13.021288986783475,10.36877583770547,14.812499657273293,13.040113197639585,12.762574437153603,11.632673575658657,14.399409489715254,25.581738776069287,-12.092561768332533,-0.14435619208824635,2.0271345009884367,11.937199149389798,-9.570673741281531
9142.T,KYUSHU RAILWAY COMPANY,US,JPX,532111360000.0,2026-08-05,3427.0,2026-07-03,3526.0,-2.80771412365286,2026-05-01,3620.0,-5.331491712707182,2026-02-05,4013.677490234375,-14.616956436131511,2025-08-05,3599.758056640625,-4.7991574412044375,2024-08-05,3224.62890625,6.275794816506264,2021-08-05,2074.757080078125,65.17596362996656,JPY,21.732236633542925,21.83971279859543,23.06055665947497,25.57834560842616,24.522682339897642,22.14961080446301,18.94253628946103,-0.4921134542548389,-5.760138601798548,-15.036582247196751,-11.379039485475651,-1.8843408789647298,14.727174341663973
MOTILALOFS.BO,MOTILAL OSWAL FINANCIAL SERVIC,US,BSE,530069716992.0,2026-08-04,865.2999877929688,2026-07-03,968.7000122070312,-10.674101694133542,2026-05-04,836.2000122070312,3.4800257308215343,2026-02-04,788.5,9.740011134174864,2025-08-04,919.6271362304688,-5.90751906910727,2024-08-02,646.2977905273438,33.88564845424138,2021-08-04,848.146240234375,2.022498803255135,INR,9.076738401138584,10.140577799835455,8.81110214228886,8.720136181917042,10.540706465303003,7.717550790248197,11.42832423300706,-10.490915011905265,3.0147903696951195,4.089411125952713,-13.888709157999834,17.61164452079591,-20.576821097503274
9706.T,JAPAN AIRPORT TERMINAL CO,US,JPX,529840668672.0,2026-08-05,5680.0,2026-07-03,5239.0,8.417636953617102,2026-05-01,5002.0,13.554578168732512,2026-02-05,5200.5595703125,9.219016207878772,2025-08-05,4621.78515625,22.89623615063512,2024-08-05,4239.03125,33.9928786795332,2021-08-05,4477.208984375,26.864750334921084,JPY,36.019580997526646,32.44987389445305,31.864338234998286,33.1421023164703,31.48505189699972,29.117425634147367,40.87692697924467,11.000680972396015,13.04041757240839,8.682245482135142,14.402164923726968,23.70455221592391,-11.882855049706532
4980.T,DEXERIALS CORPORATION,US,JPX,529332043776.0,2026-08-05,3291.0,2026-07-03,4298.0,-23.42950209399721,2026-05-01,2481.0,32.64812575574365,2026-02-05,2868.850341796875,14.714941802740244,2025-08-05,2079.674560546875,58.24591320358281,2024-08-05,1661.139404296875,98.11702687246832,2021-08-05,696.5042724609375,372.5024856447771,JPY,20.86979596177116,26.62140828371048,15.804762727115303,18.2825963769817,14.167396201691076,11.410178462960403,6.359085400185336,-21.605214347201553,32.04751201969061,14.151160652689443,47.30862089732521,82.90507926338282,228.18864110808937
ASML.SW,"ASML HOLDING    EO -,09",US,EBS,528905699328.0,2026-08-04,1373.5999755859375,2026-07-03,1512.0653076171875,-9.157364522135149,2026-05-04,1101.7901611328125,24.66983496872599,2026-02-04,1054.5,30.26078478766596,,,,,,,,,,CHF,1695.0280564398709,1879.7196547658823,1410.508091704396,1359.3121322393417,,,,-9.825486362167911,20.171452146132207,24.697486047407512,,,
MDB.MX,MONGODB INC,US,MEX,527392145408.0,2026-08-04,6584.02978515625,2026-07-03,5836.0,12.817508313163971,2026-05-04,4350.0,51.3570065553161,2026-02-04,5834.9599609375,12.837617211316688,2025-08-04,4260.0,54.55468979240023,2024-08-02,4603.0,43.03779676637518,2021-08-04,7250.0,-9.185796066810347,MXN,379.9911142534129,333.9379681497812,249.3322553113103,338.48618378415995,225.77898167073727,243.23868161439896,365.007596090436,13.790928404695645,52.40351224472144,12.261927504763115,68.30225357627376,56.22149887155064,4.104988039554258
4812.T,DENTSU SOKEN INC,US,JPX,527177711616.0,2026-08-05,2692.0,2026-07-03,2732.0,-1.4641288433382085,2026-05-01,2142.82666015625,25.628453764137205,2026-02-05,2177.436279296875,23.631631639263627,2025-08-05,2198.284423828125,22.45913089408656,2024-08-05,1610.06396484375,67.19832620198089,2021-08-05,1226.3106689453125,119.52022991981734,JPY,17.071252120658755,16.921751379966736,13.65049049943832,13.876355992152412,14.975403838276293,11.059347053069814,11.19621885940262,0.883482668756197,25.05962420442833,23.024028284609987,13.995270545062644,54.360397939769676,52.47336922430972
477850.KQ,MakinaRocks,US,KOE,527126265856.0,2026-08-05,29800.0,2026-07-03,23400.0,27.350427350427346,,,,,,,,,,,,,,,,KRW,20.862065150868148,15.173818299081177,,,,,,37.4872477030479,,,,,
4958.TW,ZHEN DING TECHNOLOGY HOLDING LT,US,TAI,526757363712.0,2026-08-05,488.0,2026-07-03,613.0,-20.39151712887439,2026-05-05,423.6044616699219,15.201808327565724,2026-02-05,188.71006774902344,158.59775571116842,2025-08-05,120.67512512207033,304.39154258705594,2024-08-05,117.15896606445312,316.5280869169967,2021-08-05,87.6462631225586,456.7835782315258,TWD,15.064006388187408,19.19770424440503,13.406053613732752,5.961066286585776,4.038104660214402,3.595057149349543,3.1624465485597852,-21.53225095871735,12.367194867520892,152.70657402495314,273.04645757714434,319.01994217012526,376.3402687405968
4527.T,ROHTO PHARMACEUTICAL CO,US,JPX,525705904128.0,2026-08-05,2305.5,2026-07-03,2405.5,-4.157139887757221,2026-05-01,2357.5,-2.205726405090136,2026-02-05,2593.3388671875,-11.099161425813351,2025-08-05,2107.26953125,9.406982154409672,2024-08-05,2893.473388671875,-20.32067725156301,2021-08-05,1424.2733154296875,61.87202098246545,JPY,14.620271829189733,14.899441048502922,15.018028266495094,16.526818107852705,14.355381807969025,19.874941053816883,13.003618217618964,-1.8736892102488634,-2.6485263594339337,-11.536075887209519,1.8452314592821262,-26.438665706724287,12.432336789004772
0388.HK,HKEX,US,HKG,524067307520.0,2026-08-05,414.6000061035156,2026-07-03,375.0,10.560001627604176,2026-05-05,418.2000122070313,-0.8608335720787674,2026-02-05,407.9144287109375,1.638965656033653,2025-08-05,411.26556396484375,0.8107759148434202,2024-08-05,210.96014404296875,96.53001659833392,2021-08-05,455.36181640625,-8.951521369189376,HKD,52.86781990573172,47.814493998885155,53.38916728470486,52.21504914814432,52.39559274414205,27.02895032813285,58.56329610582179,10.568606889292575,-0.9765040465849251,1.2501582747444395,0.9012726774475954,95.5970145488954,-9.725334089458604
121600.KQ,ANP,US,KOE,523774427136.0,2026-08-05,44100.0,2026-07-03,48100.0,-8.316008316008316,2026-05-04,84500.0,-47.81065088757397,2026-02-05,68300.0,-35.43191800878477,2025-08-05,55633.30078125,-20.730930250928147,2024-08-05,74232.0546875,-40.59170235062073,2021-08-05,36168.58203125,21.9290265841696,KRW,30.8730561460834,31.190626503666863,57.41542298346758,46.777296817163005,40.209384412236204,54.696206048306976,31.614234063240474,-1.0181595985131242,-46.22863589288002,-33.999913960920026,-23.219276799750375,-43.55539739115228,-2.3444436948067082
MFSL.NS,MAX FINANCIAL SERV LTD,US,NSI,523069194240.0,2026-08-04,1519.300048828125,2026-07-03,1596.5999755859375,-4.841533755469596,2026-05-04,1606.699951171875,-5.439715254861577,2026-02-04,1708.199951171875,-11.058418671312984,2025-08-04,1481.5999755859375,2.5445514216668297,2024-08-02,1105.0999755859375,37.48077842663725,2021-08-04,1108.5,37.05909326370094,INR,15.937003687268543,16.71358115373323,16.929917693281368,18.891231705976907,16.98200262517878,13.196184970596278,14.93645412940532,-4.646385830311573,-5.864848394430544,-15.63809107149794,-6.153567167401352,20.769780984272003,6.698708737661141
3635.T,KOEI TECMO HOLDINGS CO LTD,US,JPX,522747346944.0,2026-08-05,1541.0,2026-07-03,1564.5,-1.502077341003516,2026-05-01,1517.0,1.5820698747528006,2026-02-05,1525.247802734375,1.0327631508391777,2025-08-05,1991.18896484375,-22.60905282181877,2024-08-05,1180.033447265625,30.589518760744205,2021-08-05,2020.00048828125,-23.7128897275077,JPY,9.772213788237423,9.690366044640541,9.663774710614234,9.720092242527016,13.564604535989702,8.105516123893494,18.442608496873163,0.8446300502977344,1.1221192636463595,0.5362248053816465,-27.957989764392188,20.562511243803794,-47.012843709748296
SUNDARMFIN.NS,SUNDARAM FINANCE LTD,US,NSI,521990406144.0,2026-08-05,4736.0,2026-07-03,4551.39990234375,4.055897122140162,2026-05-05,4569.703125,3.639117694325056,2026-02-05,5277.1728515625,-10.254976798841565,2025-08-05,4607.83154296875,2.781535215340636,2024-08-05,3973.671142578125,19.18449791311303,2021-08-05,2515.591796875,88.2658389124701,INR,49.80167639255524,47.645116368612435,47.97115312318783,58.55393095439467,52.42528752375438,47.45515042093143,33.910168548369256,4.526298156684727,3.8158834011488008,-14.947339007275563,-5.004476379858403,4.944723493256076,46.86354720271717
5714.T,DOWA HOLDINGS,US,JPX,521392226304.0,2026-08-05,8559.0,2026-07-03,8834.0,-3.112972605841069,2026-05-01,9492.0,-9.82932996207333,2026-02-05,8850.9755859375,-3.298795518105291,2025-08-05,4870.3427734375,75.73711745054521,2024-08-05,4029.87841796875,112.38854159560827,2021-08-05,3673.49462890625,132.99339905523055,JPY,54.27668904187158,54.71696621179581,60.46707287617028,56.40545685588495,33.17830444162746,27.68077851510543,33.539013306838115,-0.8046447023762671,-10.237611215240905,-3.7740458683852895,63.59090663407392,96.08078946281344,61.83150215336046
ALTIUSINVIT.BO,Altius Telecom Infrastructure,US,BSE,521135849472.0,2026-08-04,171.0,2026-07-03,169.5,0.8849557522123908,2026-05-04,157.2984161376953,8.710566958481426,2026-02-04,150.3083953857422,13.7661003972241,2025-08-04,135.60743713378906,26.099278634174738,2024-08-02,127.4277801513672,34.1936583976232,,,,INR,1.793738921172917,1.7743655573576689,1.6574651891613996,1.6622824058961356,1.5543236307688488,1.5216365889234,,1.091847378062183,8.221815631643237,7.908193867089208,15.403181529553201,17.88221538771204,
KRT.BO,KNOWLEDGE REALTY TRUST,US,BSE,520376811520.0,2026-08-04,117.5,2026-07-03,113.3354263305664,3.6745559656578655,2026-05-04,116.12213134765624,1.1865685174332177,2026-02-04,116.322998046875,1.0118394237489392,,,,,,,,,,INR,1.2325399019755423,1.1864216926808524,1.2235875930974769,1.2864329537826507,,,,3.887168413996256,0.7316442998088091,-4.1893401166878,,,
VMM.NS,VISHAL MEGA MART LIMITED,US,NSI,519958233088.0,2026-08-05,111.0,2026-07-03,120.56999969482422,-7.937297602261695,2026-05-05,125.08000183105467,-11.256796949901329,2026-02-05,123.0500030517578,-9.792769405043645,2025-08-05,146.6199951171875,-24.294091054032474,,,,,,,INR,1.1672267904505134,1.2621548950390604,1.3130463306598583,1.3653260155193434,1.6681589439785967,,,-7.521113689109393,-11.105437546599351,-14.509298351974708,-30.029042216645664,,
9468.T,KADOKAWA CORPORATION,US,JPX,517491523584.0,2026-08-05,3458.0,2026-07-03,3669.0,-5.750885799945493,2026-05-01,3618.0,-4.422332780541738,2026-02-05,3164.98046875,9.258178182872868,2025-08-05,3679.909912109375,-6.03030827953539,2024-08-05,2233.725341796875,54.808647925276354,2021-08-05,2238.653564453125,54.46784866173549,JPY,21.928822374902666,22.725441366434097,23.047816020436585,20.169773099751183,25.068701950017726,15.343206428799249,20.43891151950561,-3.505406027924518,-4.855096224916511,8.721214990629633,-12.525098353219043,42.92203182342769,7.2895802400004595
358570.KQ,GI Innovation,US,KOE,516396908544.0,2026-08-05,8190.0,2026-07-03,8990.0,-8.898776418242493,2026-05-04,15830.0,-48.26279216677195,2026-02-05,13910.0,-41.12149532710281,2025-08-05,18830.0,-56.50557620817844,2024-08-05,7602.4375,7.728606779075786,,,,KRW,5.733567569986917,5.829599423450418,10.756049063056707,9.526679337141104,13.609523394261487,5.601683662400319,,-1.6473147893695472,-46.69448292422047,-39.81567588158662,-57.87091580000149,2.3543619300002705,
2892.TW,FIRST FINANCIAL HOLDING CO LTD,US,TAI,516222943232.0,2026-08-05,35.900001525878906,2026-07-03,32.400001525878906,10.802468627059913,2026-05-05,28.399999618530277,26.40845777496093,2026-02-05,29.200000762939453,22.94520749274456,2025-08-05,28.81382179260254,24.592987991255026,2024-08-05,24.93012046813965,44.00251924878829,2021-08-05,17.378196716308594,106.58070634100083,TWD,1.1081923203315114,1.0146911040980342,0.8987910939726548,0.9223839628298691,0.9641856840139766,0.7649880400431748,0.6270389206306959,9.214746818598663,23.298097607231917,20.144361241015417,14.935570886929629,44.86400601360601,76.73421599042942
HINDCOPPER.NS,HINDUSTAN COPPER LTD,US,NSI,516197384192.0,2026-08-05,533.7999877929688,2026-07-03,499.2000122070313,6.931084683465105,2026-05-05,532.0499877929688,0.3289164627668262,2026-02-05,606.327880859375,-11.961827149299042,2025-08-05,245.4785003662109,117.45284698930156,2024-08-05,286.5791015625,86.26619487693257,2021-08-05,140.0432891845703,281.1678452435133,INR,5.613204022469461,5.225742229455364,5.585275615384035,6.727632743932645,2.7929148109236617,3.4224408322124873,1.8877830442189065,7.414483455194798,0.5000363278134357,-16.564945856597756,100.9801373287531,64.01171846821154,197.34370375129592
RDDT.MX,REDDIT INC,US,MEX,515237871616.0,2026-08-05,2678.0,2026-07-03,3305.0,-18.971255673222387,2026-05-05,2990.280029296875,-10.4431700789676,2026-02-05,2658.93994140625,0.7168292256977349,2025-08-05,3803.050048828125,-29.58283573403928,,,,,,,MXN,155.20139644294977,189.11325989291072,170.67905916928976,153.4796542982367,201.52451728080814,,,-17.932038963933174,-9.068284534535842,1.1218048102763056,-22.98634501791702,,
9301.T,MITSUBISHI LOGISTICS CORP,US,JPX,514917531648.0,2026-08-05,1493.5,2026-07-03,1582.0,-5.594184576485461,2026-05-01,1409.0,5.997161107168214,2026-02-05,1293.7969970703125,15.435420192031437,2025-08-05,1157.58642578125,29.018444475283435,2024-08-05,783.2901000976562,90.67009781098967,2021-08-05,560.9454956054688,166.24690129438656,JPY,9.470993700670078,9.798759400844574,8.9757802025415,8.245103603547363,7.88584225766067,5.380330998870875,5.121433496453562,-3.3449714067501746,5.517219528040118,14.868098159437192,20.101231944749088,76.02994504720391,84.92856945674399
8252.T,MARUI GROUP CO LTD,US,JPX,514685730816.0,2026-08-05,2860.5,2026-07-03,2932.0,-2.438608458390179,2026-05-01,2990.5,-4.347099147299782,2026-02-05,3029.800537109375,-5.587844316342306,2025-08-05,3014.85693359375,-5.119875901035032,2024-08-05,1883.867919921875,51.841855246339485,2021-08-05,1574.756591796875,81.64712025342457,JPY,18.13979074708186,18.160532593727112,19.050440522143617,19.30829904777761,20.538152208971724,12.94007541531596,14.377530831733338,-0.11421386756254037,-4.780203239936876,-6.051844845598886,-11.677591233558882,40.18303730758388,26.16763587141582
6508.T,MEIDENSHA CORP,US,JPX,513066303488.0,2026-08-05,11250.0,2026-07-03,9780.0,15.030674846625768,2026-05-01,8460.0,32.97872340425532,2026-02-05,6541.16943359375,71.98759509611412,2025-08-05,5715.69873046875,96.82632921202578,2024-08-05,2501.971923828125,349.64533346109715,2021-08-05,2192.46337890625,413.1214554476284,JPY,71.3415996870026,60.576401352882385,53.892903132364154,41.68553474035207,38.93713469417048,17.185761824895735,20.017195033108237,17.771274116150472,32.37661276436234,71.14234021794405,83.22252073079119,315.12037938088565,256.40158158525367
2888.HK,STANCHART,US,HKG,512528744448.0,2026-08-05,233.79600524902344,2026-07-03,220.80734252929688,5.882350908690093,2026-05-05,192.03244018554688,21.748182246251456,2026-02-05,200.4276123046875,16.648600739507756,2025-08-05,142.6261444091797,63.92226419462537,2024-08-05,66.98570251464844,249.02374159306143,2021-08-05,47.77583694458008,389.36035494307833,HKD,29.812554071933164,28.154110278071585,24.51566660423896,25.655718186302693,18.170695608663664,8.582442120416545,6.144367807933975,5.890592092882763,21.606132736273743,16.20237584247304,64.06941546981142,247.36679436512446,385.2013258945438
211050.KQ,Incar Financial Service,US,KOE,510793580544.0,2026-08-05,10360.0,2026-07-03,10220.0,1.3698630136986356,2026-05-04,10450.0,-0.8612440191387516,2026-02-05,13390.0,-22.62882748319641,2025-08-05,11704.9150390625,-11.49017344059441,2024-08-05,4092.4638671875,153.14823383205075,2021-08-05,7301.279296875,41.8929420277643,KRW,7.2527179517783225,6.627197564812377,7.100487221032381,9.170541791827418,8.45981492575487,3.015439190889481,6.381902183863986,9.438686274982878,2.1439476758019937,-20.91287389103027,-14.268597889791756,140.51945645897598,13.645081714290598
8960.T,UNITED URBAN INVESTMENT CORP,US,JPX,510720016384.0,2026-08-05,160100.0,2026-07-03,163900.0,-2.318486882245274,2026-05-01,170350.578125,-6.017342728052455,2026-02-05,176865.125,-9.47904511983354,2025-08-05,161278.203125,-0.7305408307946126,2024-08-05,118381.6796875,35.240520680756205,2021-08-05,128501.765625,24.589727791921145,JPY,1015.2702319901437,1015.1812046766281,1085.187612935326,1127.1252621404128,1098.677767048248,813.1503523938954,1173.2213770875387,0.008769598285063296,-6.442884171527041,-9.923921848566886,-7.591628552035812,24.856396975198013,-13.46302992615942
053800.KQ,AHNLAB,US,KOE,510538121216.0,2026-08-05,56500.0,2026-07-03,53900.0,4.823747680890533,2026-05-04,63000.0,-10.317460317460316,2026-02-05,63000.0,-10.317460317460316,2025-08-05,62186.66796875,-9.144513051587944,2024-08-05,49493.01953125,14.157512584831844,2021-08-05,63454.1015625,-10.95926250827216,KRW,39.553915470605716,34.95165838976391,42.80676506459713,43.14743337454274,44.94587958214947,36.46780902980959,55.46396088561778,13.167492739599584,-7.598914772192511,-8.328462721625584,-11.996570456895029,8.462549637334881,-28.68537544194334
7564.T,WORKMAN CO LTD,US,JPX,510082056192.0,2026-08-05,6120.0,2026-07-03,6370.0,-3.9246467817896415,2026-05-01,7160.0,-14.525139664804463,2026-02-05,6358.736328125,-3.7544618270938135,2025-08-05,5727.7919921875,6.847455500260091,2024-08-05,3840.3037109375,59.36239580660608,2021-08-05,6699.45556640625,-8.649293374104483,JPY,38.809830229729414,39.455181658267975,45.61148775741458,40.52292587766897,39.01951779073306,26.37861131968839,61.16604271643382,-1.6356569692876466,-14.9121588926454,-4.227472747429606,-0.537391471950599,47.12613093761555,-36.550039031212066
INTC,Intel Corporation,US,NMS,509746610176.0,2026-08-05,101.05999755859376,2026-07-02,120.3499984741211,-16.02825189871131,2026-05-05,108.1500015258789,-6.555713238329086,2026-02-05,48.2400016784668,109.49418333810829,2025-08-05,20.190000534057617,400.54479883801946,2024-08-05,19.983234405517575,405.7239259060588,2021-08-05,49.63598251342773,103.60229100180412,USD,101.05999755859376,120.3499984741211,108.1500015258789,48.2400016784668,20.190000534057617,19.983234405517575,49.63598251342773,-16.0282518987113,-6.555713238329075,109.49418333810831,400.54479883801946,405.7239259060589,103.60229100180418
295310.KQ,HVM,US,KOE,509355786240.0,2026-08-05,43300.0,2026-07-03,57400.0,-24.564459930313586,2026-05-04,89600.0,-51.67410714285714,2026-02-05,77800.0,-44.34447300771208,2025-08-05,29450.0,47.0288624787776,2024-08-05,13840.0,212.8612716763006,,,,KRW,30.313000705791637,37.22124659689143,60.88073253631592,53.28365581808612,21.285207857727073,10.197690133936703,,-18.559953044873957,-50.20920504248261,-43.110133416366544,42.41345871934836,197.25359672298305,
059090.KQ,MiCo,US,KOE,508976922624.0,2026-08-05,16320.0,2026-07-03,17230.0,-5.281485780615203,2026-05-04,26100.0,-37.47126436781609,2026-02-05,16960.0,-3.773584905660377,2025-08-05,15210.0,7.297830374753443,2024-08-05,9220.0,77.0065075921909,2021-08-05,13782.90625,18.40753832305868,KRW,11.425130981951952,11.17285851680208,17.734231241047382,11.61556301638484,10.99314130784478,6.793547907145694,12.047362649791467,2.257904409784639,-35.57583169713319,-1.639455910697274,3.9296290478764373,68.17620392335198,-5.164878703558284
4613.T,KANSAI PAINT CO LTD,US,JPX,508772024320.0,2026-08-05,2864.5,2026-07-03,2756.5,3.91801197170325,2026-05-01,2328.0,23.04553264604812,2026-02-05,2522.304931640625,13.566760468441675,2025-08-05,2068.21875,38.5008234743061,2024-08-05,2054.00048828125,39.45955788924671,2021-08-05,2448.29931640625,16.99958337629537,JPY,18.165156649192795,17.073502078652382,14.83010384067893,16.0741333672961,14.089355622694711,14.108696761797091,22.352977654011283,6.393852681842871,22.488398222579022,13.00862220137493,28.92822876819794,28.75148538438792,-18.7349581323765
058650.KS,SAH,US,KSC,508515680256.0,2026-08-05,120800.0,2026-07-03,112200.0,7.664884135472372,2026-05-04,160900.0,-24.922311995027968,2026-02-05,169896.625,-28.897940144484924,2025-08-05,127057.359375,-4.9248303331504655,2024-08-05,90294.7578125,33.78406778701941,2021-08-05,91452.2734375,32.090756696777724,KRW,84.56837148405612,72.75651338277385,109.32711903005838,116.35878266265354,91.83165718678447,66.53164457303001,79.93660286628256,16.23477755062257,-22.646483110192538,-27.32102420731225,-7.909348393827765,27.109997095032988,5.794302549385977
033500.KQ,DONGSUNG FINETEC,US,KOE,508103262208.0,2026-08-05,17070.0,2026-07-03,17620.0,-3.121452894438137,2026-05-04,29250.0,-41.64102564102564,2026-02-05,28500.0,-40.10526315789473,2025-08-05,27328.74609375,-37.5382978002644,2024-08-05,11229.0751953125,52.01608060408886,2021-08-05,10935.33203125,56.0995125819582,KRW,11.95018295722548,11.425755488453433,19.87456949427724,19.519077002769336,19.752055724839238,8.273889402635234,9.558354986006634,4.589871271987378,-39.871990884298334,-38.77690550874918,-39.499041903787756,44.432471546203466,25.023426883814892
174900.KQ,AbClon,US,KOE,508100509696.0,2026-08-05,26200.0,2026-07-03,26650.0,-1.6885553470919357,2026-05-04,47250.0,-44.55026455026455,2026-02-05,62200.0,-57.87781350482315,2025-08-05,11000.0,138.1818181818182,2024-08-05,11080.0,136.46209386281586,2021-08-05,21250.0,23.29411764705882,KRW,18.341815669555217,17.28129306284245,32.10507379844785,42.59952945867553,7.950332306791097,8.164046725723892,18.574199930299073,6.1368243849359905,-42.86941751106652,-56.94361909009338,130.70501913344953,124.66573607133391,-1.2511131656593233
SONACOMS.BO,Sona BLW Precision Forgings Li,US,BSE,507280261120.0,2026-08-04,792.0,2026-07-03,660.0999755859375,19.98182537379758,2026-05-04,573.5822143554688,38.079595248602,2026-02-04,531.0558471679688,49.1368571165542,2025-08-04,440.08544921875,79.96505028875119,2024-08-02,680.02099609375,16.466992129580092,2021-08-04,408.9324340820313,93.67502648154486,INR,8.307843424379826,6.9100805964149,6.043878741818276,5.873023852261269,5.0442308160677385,8.120245268835788,5.510149340272734,20.227880246289963,37.458803845565654,41.45768233481779,64.69990623577881,2.310252330234519,50.773471122810165
7173.T,TOKYO KIRABOSHI FINANCIAL GP IN,US,JPX,507244150784.0,2026-08-05,1744.0,2026-07-03,1798.0,-3.0033370411568394,2026-05-01,1461.25,19.34987168520104,2026-02-05,1342.2811279296875,29.92807271975262,2025-08-05,788.5023193359375,121.1788040736222,2024-08-05,424.0496826171875,311.2725634496943,2021-08-05,164.99264526367188,957.0168126057644,JPY,11.059533320367336,11.13664311170578,9.308629397419281,8.554083051612793,5.371525418403451,2.9127492510912134,1.5063831811498574,-0.692397076614526,18.809470741562386,29.28952470577386,105.89185489984149,279.6939718111356,634.1779607447114
7649.T,SUGI HOLDINGS CO.LTD.,US,JPX,506720321536.0,2026-08-05,2720.5,2026-07-03,3149.0,-13.607494442680212,2026-05-01,3116.0,-12.692554557124511,2026-02-05,3581.837646484375,-24.047367063936864,2025-08-05,3749.126220703125,-27.436425453561085,2024-08-05,2363.434814453125,15.107892266091394,2021-08-05,2561.115966796875,6.223225940153854,JPY,17.251984173199162,19.50461021065712,19.84991562180221,22.82631862125504,25.54022518065642,16.2341661083517,23.382993897647566,-11.549197923612676,-13.087871495784109,-24.420645924329033,-32.45171469253365,6.269604844833032,-26.219951778994442
086900.KQ,MedyTox,US,KOE,505760874496.0,2026-08-05,76800.0,2026-07-03,79100.0,-2.9077117572692823,2026-05-04,105500.0,-27.203791469194314,2026-02-05,131900.0,-41.77407126611069,2025-08-05,141973.140625,-45.9052609092763,2024-08-05,149745.734375,-48.7130632999041,2021-08-05,175984.4375,-56.35977755135308,KRW,53.765322268009186,51.2926934810821,71.68434467166662,90.33565812860616,102.61214969159391,110.33674841293669,153.82447655276337,4.820625744364637,-24.99712103909344,-40.482724782426104,-47.60335649374502,-51.27160892326482,-65.04761565070748
5938.T,LIXIL CORPORATION,US,JPX,505157189632.0,2026-08-05,1754.5,2026-07-03,1865.5,-5.950147413562046,2026-05-01,1662.0,5.565583634175697,2026-02-05,1823.2742919921875,-3.772021154153482,2025-08-05,1700.1807861328125,3.1949081127272683,2024-08-05,1417.4168701171875,23.78150965953605,2021-08-05,2550.693359375,-31.21478152003706,JPY,11.126118813408539,11.554731771349907,10.587471040897071,11.619354094344885,11.5821654352074,9.736075974486653,23.287835471046492,-3.7094150381241975,5.087596182608567,-4.244945776946441,-3.937490138178945,14.277239028993694,-52.223473807853374
046890.KQ,SSC,US,KOE,504049172480.0,2026-08-05,9360.0,2026-07-03,10250.0,-8.68292682926829,2026-05-04,17930.0,-47.79698828778584,2026-02-05,7170.0,30.543933054393317,2025-08-05,6990.0,33.90557939914163,2024-08-05,8100.0,15.555555555555545,2021-08-05,18106.990234375,-48.307256596236414,KRW,6.5526486514136195,6.646651178016327,12.182941231876612,4.910588845959865,5.052074802224524,5.96830130671151,15.826957964670783,-1.4142840369541165,-46.21455913889954,33.43916293877347,29.70213046980943,9.790848596149049,-58.59817997848633
268A.T,RIGAKU HOLDINGS CORPORATION,US,JPX,503564533760.0,2026-08-05,2327.0,2026-07-03,2426.0,-4.08079142621599,2026-05-01,2657.00927734375,-12.420328380398615,2026-02-05,1182.553466796875,96.77757203680876,2025-08-05,776.130859375,199.8205743131872,,,,,,,JPY,14.756613553036004,15.02641612291336,16.92599806213707,7.536171341062754,5.287247148050483,,,-1.7955217509645682,-12.816877924344737,95.81048366868765,179.0982365648837,,
448730.KS,SamsungFN REIT,US,KSC,502596009984.0,2026-08-05,5530.0,2026-07-03,5480.0,0.9124087591240836,2026-05-04,5770.0,-4.159445407279028,2026-02-05,4928.48291015625,12.20491377994206,2025-08-05,4113.77294921875,34.426475847438475,2024-08-05,4375.66845703125,26.380690271765395,,,,KRW,3.8713832310168073,3.5535266785882413,3.920556101948023,3.375418857199037,2.973260180088829,3.2241120703501167,,8.94481964477174,-1.2542320439384302,14.693417166879485,30.206675384229097,20.07595103840176,
082270.KQ,GemVax,US,KOE,502405005312.0,2026-08-05,11530.0,2026-07-03,11400.0,1.140350877192975,2026-05-04,23300.0,-50.51502145922746,2026-02-05,41200.0,-72.01456310679612,2025-08-05,56900.0,-79.73637961335676,2024-08-05,10080.0,14.38492063492063,2021-08-05,20650.0,-44.16464891041162,KRW,8.071799033205025,7.392373017501086,15.83170834928751,28.217051667161286,41.12490075058304,7.427219403907657,18.0497519322671,9.190905465612076,-49.01498401106986,-71.39389639847136,-80.37247777895102,8.678613007692192,-55.28027718333753
3349.T,COSMOS PHARMACEUTICAL CORP,US,JPX,501856993280.0,2026-08-05,6250.0,2026-07-03,6421.0,-2.663136583086745,2026-05-01,6121.6123046875,2.0972856319925626,2026-02-05,7076.37744140625,-11.67797292115651,2025-08-05,9415.3251953125,-33.61886211735293,2024-08-05,6745.451171875,-7.344967137865765,2021-08-05,8764.1845703125,-28.687033575593134,JPY,39.63422204833478,39.77107086777687,38.996626353476586,45.096305892128385,64.14015199314645,46.33374025394187,80.01702265039512,-0.3440913620280983,1.635002189878798,-12.112042739950946,-38.20684732307805,-14.459264822759755,-50.46776206420239
045100.KQ,HANYANG ENG,US,KOE,500362903552.0,2026-08-05,30000.0,2026-07-03,34800.0,-13.793103448275868,2026-05-04,32500.0,-7.692307692307687,2026-02-05,28250.0,6.194690265486735,2025-08-05,18780.0,59.744408945686914,2024-08-05,16097.673828125,86.3623298639931,2021-08-05,15049.53515625,99.34170516583129,KRW,21.002079010941088,22.566191316582263,22.082854993641376,19.347857029060833,13.57338552013971,11.861205894248656,13.154497640011868,-6.931219733530403,-4.894185932985073,8.549897693556364,54.72984967367902,77.06529334529742,59.65702063041412
001530.KS,DI DONGIL,US,KSC,500222918656.0,2026-08-05,24350.0,2026-07-03,22800.0,6.798245614035081,2026-05-04,30500.0,-20.163934426229517,2026-02-05,20950.0,16.229116945107403,2025-08-05,40840.40625,-40.37767437732087,2024-08-05,23522.986328125,3.515768195155511,2021-08-05,25111.9921875,-3.034375695128233,KRW,17.046687463880517,14.784746035002172,20.723910070955753,14.348233796772547,29.517709202895276,17.332379017272274,21.94989004888157,15.299156465206142,-17.743864910072205,18.80686992788585,-42.249287210240304,-1.648311250908241,-22.33816467454647
MA,Mastercard Incorporated,US,NYQ,499746111488.0,2026-08-05,570.47998046875,2026-07-02,538.4873046875,5.941212634495874,2026-05-05,496.24810791015625,14.95862077362986,2026-02-05,550.021240234375,3.719627304875917,2025-08-05,562.5345458984375,1.4124349567941064,2024-08-05,436.7492370605469,30.6195711544343,2021-08-05,361.1001586914063,57.98386312986319,USD,570.47998046875,538.4873046875,496.24810791015625,550.021240234375,562.5345458984375,436.7492370605469,361.1001586914063,5.941212634495874,14.95862077362986,3.7196273048759165,1.4124349567941064,30.6195711544343,57.98386312986317
056080.KQ,Yujin Robot,US,KOE,499737821184.0,2026-08-05,14260.0,2026-07-03,13430.0,6.18019359642592,2026-05-04,26900.0,-46.98884758364312,2026-02-05,29850.0,-52.22780569514238,2025-08-05,10200.0,39.803921568627445,2024-08-05,5640.0,152.83687943262413,2021-08-05,4290.0,232.4009324009324,KRW,9.982988223200664,8.708734177635051,18.27780921012163,20.443664860795252,7.3721263208426535,4.15570609504357,3.749803185928613,14.63190883513279,-45.381921277127546,-51.16830425867034,35.41531694833442,140.2236345613368,166.2269918768669
TATACOMM.NS,TATA COMMUNICATIONS LTD,US,NSI,498152275968.0,2026-08-05,1747.800048828125,2026-07-03,1906.699951171875,-8.33376548030479,2026-05-05,1544.9512939453125,13.129783163895192,2026-02-05,1536.032470703125,13.786660253872274,2025-08-05,1675.9599609375,4.286503828554422,2024-08-05,1825.843017578125,-4.274352614033572,2021-08-05,1398.4049072265625,24.98526283739329,INR,18.379090462548675,19.959780068288637,16.2183610318707,17.043356691761346,19.068119572322757,21.80493854052588,18.85049321667657,-7.919373862497137,13.322736042390027,7.83726935336051,-3.6135136826716985,-15.711340215933411,-2.5007449338824483
9364.T,KAMIGUMI CO LTD,US,JPX,497713250304.0,2026-08-05,5019.0,2026-07-03,5228.0,-3.997704667176738,2026-05-01,5267.0,-4.70856274919309,2026-02-05,5428.14501953125,-7.537474000032917,2025-08-05,4125.9716796875,21.64407295156563,2024-08-05,2708.423828125,85.31073120393333,2021-08-05,1954.0174560546875,156.8554331205285,JPY,31.82786567369476,32.38174092769623,33.55247290758416,34.5924578295203,28.107414790763414,18.603856577179613,17.840183280715678,-1.7104554546285566,-5.14003018090381,-7.991892826610048,13.236545981290138,71.08208473686233,78.40548593522045
001270.KS,BookookSecu,US,KSC,497665507328.0,2026-08-05,55100.0,2026-07-03,57200.0,-3.6713286713286655,2026-05-04,76400.0,-27.87958115183245,2026-02-05,69274.3203125,-20.461146711449373,2025-08-05,52319.06640625,5.315334895612334,2024-08-05,22177.65234375,148.4482989721318,2021-08-05,18335.3828125,200.51186039287936,KRW,38.57381845009513,37.09155584219843,51.911696046590805,47.44458921032265,37.81399671915983,16.341100180616877,16.026591348609145,3.996226564889338,-25.693395924735174,-18.697117854479128,2.0093663639376924,136.05398671902012,140.68635439090252
079900.KS,JUNJIN C&R,US,KSC,497396318208.0,2026-08-05,34700.0,2026-07-03,36781.47265625,-5.659024791374989,2026-05-04,62508.9375,-44.48793822483385,2026-02-05,59461.62890625,-41.64303831179995,2025-08-05,46237.2109375,-24.952220740769025,,,,,,,KRW,24.292404722655192,23.851084737545307,42.473101619048975,40.724074151971536,33.418290172029174,,,1.8503141050653316,-42.805201888622676,-40.348785752618156,-27.308056164442164,,
037460.KQ,SAMJI ELECT,US,KOE,494445985792.0,2026-08-05,35800.0,2026-07-03,33900.0,5.604719764011801,2026-05-04,34250.0,4.5255474452554845,2026-02-05,21900.0,63.4703196347032,2025-08-05,11294.07421875,216.98038552435025,2024-08-05,7649.474609375,368.005998165213,2021-08-05,12335.419921875,190.2211698242564,KRW,25.062480953056365,21.982582920463756,23.271931800991297,14.998869696864858,8.16287664878405,5.636341889727078,10.782143804851785,14.010628522299395,7.694028872965331,67.0957976139699,207.030009534564,344.6586357498257,132.44432096869886
FLUOROCHEM.NS,GUJARAT FLUOROCHEM LTD,US,NSI,494116306944.0,2026-08-04,4612.7998046875,2026-07-03,3965.5,16.32328343683016,2026-05-04,3750.800048828125,22.981757082164165,2026-02-04,3355.0,37.490307144187774,2025-08-04,3509.427978515625,31.44021854634458,2024-08-02,3320.633544921875,38.91324478552258,2021-08-04,1756.8482666015625,162.5610812486655,INR,48.386892077466655,41.51177945546806,39.522460969953045,37.1034329617396,40.224835398272035,39.65224454477266,23.67260581544383,16.56183548906618,22.4288439787512,30.410822436194394,20.291087827658938,22.028128881409014,104.40036240496772
060250.KQ,NHN KCP,US,KOE,492952256512.0,2026-08-05,13270.0,2026-07-03,13000.0,2.0769230769230878,2026-05-04,20050.0,-33.81546134663341,2026-02-05,22200.0,-40.22522522522522,2025-08-05,14523.833984375,-8.632940762913544,2024-08-05,7007.70263671875,89.36305787960026,2021-08-05,30106.578125,-55.92325389851989,KRW,9.289919615839608,8.429899055045098,13.623422849923372,15.204333665315062,10.49720968585882,5.16346676589805,26.31555770874911,10.202026799832286,-31.809210371152354,-38.899528119194926,-11.501057006087978,79.91632438102599,-64.69799455266343
383310.KQ,ECOPRO HN,US,KOE,492660916224.0,2026-08-05,23750.0,2026-07-03,28600.0,-16.95804195804196,2026-05-04,32850.0,-27.701674277016743,2026-02-05,36165.91796875,-34.330437788080644,2025-08-05,26925.72265625,-11.79438225964513,2024-08-05,42709.68359375,-44.39200199676614,2021-08-05,95527.3515625,-75.13801062048574,KRW,16.626645883661695,18.545777921099216,22.32067035511136,24.769310095012997,19.460767519789215,31.469661778001637,83.49854714041612,-10.348080547509186,-25.51009616136262,-32.87400488797114,-14.563257246897198,-47.166111917719164,-80.08750277331012
AEGISLOG.NS,AEGIS LOGISTICS LIMITED,US,NSI,489925804032.0,2026-08-05,1395.800048828125,2026-07-03,1318.3751220703125,5.872753927291052,2026-05-05,704.7944946289062,98.04355162607396,2026-02-05,683.408447265625,104.24097103464833,2025-08-05,717.4271850585938,94.5563365729063,2024-08-05,726.7225341796875,92.06780898898108,2021-08-05,262.0277709960937,432.69164696628025,INR,14.677614514453353,13.801058455921975,7.398687332062309,7.582895645154622,8.162478620002275,8.678807565188322,3.5321334287498294,6.351368348528741,98.38133246755432,93.56213247945948,79.81810670211912,69.12017468075827,315.5453017427028
UPL.NS,UPL LIMITED,US,NSI,487940292608.0,2026-08-05,577.25,2026-07-03,601.576904296875,-4.043856092731546,2026-05-05,635.8946533203125,-9.22238503093248,2026-02-05,740.4822998046875,-22.04405153880684,2025-08-05,713.5430908203125,-19.10089139306577,2024-08-05,517.5935668945312,11.525729244162886,2021-08-05,739.7997436523438,-21.97212759899674,INR,6.070105088176206,6.297447428237319,6.675400775547132,8.216170035604819,8.118287604052057,6.181306830023743,9.972497934861849,-3.610071265410275,-9.067555757673817,-26.120016237841092,-25.2292431085288,-1.7990005172920709,-39.131548305902996
009410.KS,TAEYOUNG E&C,US,KSC,487741390848.0,2026-08-05,1628.0,2026-07-03,1714.0,-5.017502917152861,2026-05-04,1972.0,-17.444219066937116,2026-02-05,1623.0,0.308071472581628,2025-08-05,2150.0,-24.279069767441865,2024-08-05,7830.50830078125,-79.20952334808746,2021-08-05,9067.5966796875,-82.04595928216663,KRW,1.1397128209937364,1.111449767719023,1.3399196937680244,1.1115600693156011,1.5539285872364417,5.769732459724452,7.9258048760391375,2.5428997419034483,-14.941706857914816,2.532724272424547,-26.65603616826179,-80.2466955105893,-85.62022609919083
017940.KS,E1,US,KSC,487401619456.0,2026-08-05,84200.0,2026-07-03,82552.6953125,1.9954583932895176,2026-05-04,103837.3671875,-18.91165744990495,2026-02-05,96830.4140625,-13.043850101010202,2025-08-05,77178.1328125,9.098260001390868,2024-08-05,61212.78515625,37.55296346191975,2021-08-05,40582.875,107.47667581461393,KRW,58.94583509070799,53.531606785097665,70.55463146224793,66.31720379985882,55.78107297063934,45.10325254759232,35.4726792468864,10.114077702441682,-16.453627679639325,-11.115318932018248,5.673541134166493,30.690874296724324,66.17249201970536
0R0K.L,CISCO SYSTEMS INC CISCO SYSTEMS,US,LSE,487011844096.0,2026-08-05,122.88999938964844,,,,,,,,,,,,,,,,,,,GBP,165.29915328897187,,,,,,,,,,,,
126340.KQ,VINATECH,US,KOE,486989529088.0,2026-08-05,71000.0,2026-07-03,84400.0,-15.876777251184835,2026-05-04,184700.0,-61.55928532755821,2026-02-05,107700.0,-34.076137418755806,2025-08-05,26844.66015625,164.48462966840617,2024-08-05,33749.421875,110.3739739986287,2021-08-05,40416.2578125,75.67188018590136,KRW,49.70492032589391,54.72949848044664,125.4985636100173,73.76156467362307,19.402178991369283,24.867496133002533,35.32704249618291,-9.180749493525642,-60.39403249239543,-32.61406459336098,156.18215535484063,99.87907129873341,40.69935328230356
6890.T,FERROTEC CORPORATION,US,JPX,485193940992.0,2026-08-05,9370.0,2026-07-03,9280.0,0.969827586206895,2026-05-01,8004.48193359375,17.059418432507822,2026-02-05,5790.736328125,61.8101648747309,2025-08-05,3562.68408203125,163.00395388012433,2024-08-05,1580.7816162109375,492.7447475293564,2021-08-05,2381.48876953125,293.4513620168909,JPY,59.4196256948635,57.479448318481445,50.99110750259183,36.90317806760322,24.270122782250155,10.858209916204146,21.742997227459,3.375427971458489,16.529388368046828,61.01492826989647,144.82622617105082,447.2322431912942,173.2816689127987
5947.T,RINNAI CORP,US,JPX,485048287232.0,2026-08-05,3500.0,2026-07-03,3598.0,-2.7237354085603127,2026-05-01,3588.0,-2.4526198439241864,2026-02-05,4168.681640625,-16.040602240010493,2025-08-05,3690.47607421875,-5.161287334969988,2024-08-05,2845.91650390625,22.983228608287256,2021-08-05,3162.711181640625,10.664546934203756,JPY,22.195164347067475,22.285674035549164,22.856706434860826,26.566155351256384,25.140681964475107,19.54827819763841,28.87555941202322,-0.4061339510634143,-2.894301896376339,-16.45323136297249,-11.716140483260473,13.540252101327411,-23.13511911452063
360ONE.NS,360 ONE WAM LIMITED,US,NSI,485011914752.0,2026-08-05,1192.0,2026-07-03,1109.5,7.435781883731418,2026-05-05,1070.699951171875,11.329042155588295,2026-02-05,1134.2159423828125,5.094625763749372,2025-08-05,1054.28662109375,13.0622333766677,2024-08-05,996.6781005859376,19.597290168132982,2021-08-05,336.5657043457031,254.16561598790776,INR,12.534543551504612,11.614504931494594,11.239835477639645,12.584920722843663,11.995073762544052,11.902723574117205,4.536904507377244,7.9214622184643035,11.518923710588469,-0.4002978838603899,4.49742785780205,5.308196678290633,176.27964245495554
160190.KQ,HIGEN RNM,US,KOE,484852760576.0,2026-08-05,17650.0,2026-07-03,19320.0,-8.643892339544513,2026-05-04,45400.0,-61.12334801762114,2026-02-05,70000.0,-74.78571428571428,2025-08-05,31850.0,-44.583987441130304,2024-08-05,11460.0,54.01396160558465,,,,KRW,12.356223151437007,12.528126903343946,30.848049744963646,47.941592638380826,23.019825815572403,8.444041108014062,,-1.372142485729888,-59.94488062100483,-74.22650673155792,-46.323559307393644,46.33068448364108,
AIIL.NS,AUTHUM INVEST & INFRA LTD,US,NSI,484483137536.0,2026-08-05,570.5,2026-07-03,524.75,8.71843735111959,2026-05-05,452.9500122070313,25.95208844794994,2026-02-05,499.3999938964844,14.237085897572754,2025-08-05,575.239990234375,-0.8240022103546241,2024-08-05,198.4844512939453,187.42805609247375,,,,INR,5.99912508064881,5.4932054644450545,4.754911598930904,5.5411929045647526,6.544753557498552,2.3703797205168513,,9.2099161314525,26.16691090529748,8.264144273100825,-8.336883460257983,153.08709101429224,
001500.KS,HMSEC,US,KSC,484152737792.0,2026-08-05,7890.0,2026-07-03,8570.0,-7.934655775962662,2026-05-04,11650.0,-32.27467811158798,2026-02-05,9080.9169921875,-13.114501467330564,2025-08-05,7883.00927734375,0.0886808883549195,2024-08-05,7583.86279296875,4.036692321425961,2021-08-05,10181.1787109375,-22.50406142538406,KRW,5.523546779877506,5.557248838595115,7.915854174643755,6.219337474605766,5.697503939309087,5.587997310764962,8.89916465426154,-0.6064522157717245,-30.22172139589613,-11.187537218702936,-3.053217010196141,-1.1533744077380836,-37.93185097173759
BALKRISIND.NS,BALKRISHNA IND. LTD,US,NSI,483602300928.0,2026-08-05,2501.60009765625,2026-07-03,2212.7021484375,13.056341515407087,2026-05-05,2164.469970703125,15.575643530116,2026-02-05,2678.48193359375,-6.603809184562081,2025-08-05,2527.550537109375,-1.0267030894979934,2024-08-05,3111.154052734375,-19.59253526974633,2021-08-05,2395.931884765625,4.410317904382399,INR,26.305717594396356,23.16308248306086,22.721852504399067,29.71963409457112,28.75703297812106,37.1546306319176,32.2971533552236,13.567430473183784,15.772768040385055,-11.487074468384462,-8.524229135842054,-29.19935645437829,-18.5509716442493
PIRAMALFIN.NS,PIRAMAL FINANCE LIMITED,US,NSI,482882158592.0,2026-08-05,2136.60009765625,2026-07-03,2137.699951171875,-0.0514503223439821,2026-05-05,1900.8177490234373,12.40425857523415,2026-02-05,1680.06982421875,27.173291660648168,,,,,,,,,,INR,22.467539409581605,22.377941978315903,19.954123233700553,18.641552068308556,,,,0.40038280263896553,12.595974007197363,20.52397422303367,,,
8358.T,SURUGA BANK,US,JPX,481495089152.0,2026-08-05,2713.0,2026-07-03,2540.0,6.811023622047241,2026-05-01,2266.0,19.726390114739623,2026-02-05,2001.532958984375,35.54610668897704,2025-08-05,1355.102783203125,100.20621561909456,2024-08-05,868.1658935546875,212.4978785899636,2021-08-05,301.06884765625,801.1227900595047,JPY,17.20442310674116,15.732521414756775,14.435144030489028,12.755360114538917,9.231385711908956,5.963333212908424,2.7487591810699996,9.355790169805655,19.184284343841874,34.8799481335778,86.36880359734704,188.5034676496009,525.8977950932776
460860.KS,DONGKUK STEEL,US,KSC,480139902976.0,2026-08-05,9830.0,2026-07-03,8570.0,14.70245040840139,2026-05-04,14710.0,-33.174711080897346,2026-02-05,8189.22216796875,20.03582023270749,2025-08-05,10175.3779296875,-3.394251614771293,2024-08-05,7504.0908203125,30.995216281119585,,,,KRW,6.88168122258503,5.557248838595115,9.995039906352758,5.608633617170796,7.35433053529124,5.529219141796659,,23.832518975787575,-31.1490370517571,22.697999054828742,-6.426816287874293,24.4602727094825,
475960.KQ,TOMOCUBE,US,KOE,479790366720.0,2026-08-05,35950.0,2026-07-03,34100.0,5.425219941348969,2026-05-04,58600.0,-38.651877133105806,2026-02-05,49300.0,-27.079107505071,2025-08-05,24800.0,44.95967741935485,,,,,,,KRW,25.16749134811107,22.112273675156757,39.81708623468876,33.76457881531678,17.924385564401746,,,13.816840899481386,-36.79223236032505,-25.461853127887302,40.40922773996953,,
RVNL.BO,Rail Vikas Nigam Limited,US,BSE,479554633728.0,2026-08-04,232.0,2026-07-03,235.0,-1.276595744680853,2026-05-04,296.45001220703125,-21.740600287788624,2026-02-04,320.2434387207031,-27.555112158804818,2025-08-04,350.1637268066406,-33.74527906823721,2024-08-02,582.8253173828125,-60.193904917892006,2021-08-04,26.738656997680664,767.6576389761232,INR,2.433610700070858,2.460034843534231,3.123715976450171,3.5416187660240155,4.0135538781451885,6.959615296029824,0.36028933128350005,-1.074136959190819,-22.09244635498382,-31.285356757838123,-39.365191698995716,-65.03239623806314,575.4601062988258
CSCO,"Cisco Systems, Inc.",US,NMS,478884298752.0,2026-08-05,121.5,2026-07-02,112.27000427246094,8.22124821972874,2026-05-05,93.94854736328124,29.32610818364492,2026-02-05,81.6108169555664,48.87732353684382,2025-08-05,66.15026092529297,83.67274490000342,2024-08-05,42.66243743896485,184.7938544857508,2021-08-05,48.48515319824219,150.5921750999127,USD,121.5,112.27000427246094,93.94854736328124,81.6108169555664,66.15026092529297,42.66243743896485,48.48515319824219,8.22124821972874,29.32610818364494,48.87732353684382,83.67274490000342,184.79385448575073,150.5921750999127
8985.T,JAPAN HOTEL REIT INVESTMENT COR,US,JPX,478224482304.0,2026-08-05,80900.0,2026-07-03,79300.0,2.0176544766708604,2026-05-01,77600.0,4.252577319587636,2026-02-05,84700.0,-4.486422668240852,2025-08-05,78315.1328125,3.300597336262734,2024-08-05,61286.98828125,32.0019179744069,2021-08-05,54468.4765625,48.52627630804227,JPY,513.0253701936454,491.1767512559891,494.3367946892977,539.7757737897336,533.5072785864068,420.97338244915227,497.29729992195644,4.44821927784389,3.7805349925639,-4.955836274065306,-3.8391057094911085,21.866462722405423,3.1627097662016768
008060.KS,DAEDUCK,US,KSC,477417013248.0,2026-08-05,15000.0,2026-07-03,16000.0,-6.25,2026-05-04,16400.0,-8.536585365853655,2026-02-05,10082.7607421875,48.76877854730968,2025-08-05,7612.76123046875,97.03757343610243,2024-08-05,5186.55224609375,189.20946494460256,2021-08-05,5674.880859375,164.32272979299194,KRW,10.501039505470544,10.37526037544012,11.14334836602211,6.905480116745878,5.502180141316586,3.82159340094924,4.960299842948643,1.2122985397856834,-5.76405618359802,52.06820275979636,90.85233917764475,174.78170500457236,111.70170832310444
214430.KQ,i3system,US,KOE,476430434304.0,2026-08-05,66500.0,2026-07-03,61000.0,9.016393442622949,2026-05-04,105800.0,-37.14555765595463,2026-02-05,111900.0,-40.57193923145665,2025-08-05,108772.8671875,-38.86343008190735,2024-08-05,26297.08984375,152.87969275355,2021-08-05,18638.826171875,256.7821245113867,KRW,46.554608474252746,39.55568018136546,71.88818641006947,76.63806023192592,78.61640364573441,19.376414281131247,16.291825119176337,17.693864094351873,-35.24025184236421,-39.25393161913693,-40.782576771077316,140.26431205895315,185.75440832258576
8524.T,NORTH PACIFIC BANK LIMITED,US,JPX,476251062272.0,2026-08-05,1216.0,2026-07-03,1141.0,6.573181419807184,2026-05-01,982.9223022460938,23.7127285871219,2026-02-05,948.7384033203124,28.170209590372707,2025-08-05,616.6132202148438,97.20628104216038,2024-08-05,350.5867919921875,246.84706548417185,2021-08-05,202.48899841308597,500.5264530566296,JPY,7.711234241724014,7.067246824502945,6.26152912784741,6.04611577067601,4.200562895613388,2.4081409742253754,1.8487249603756342,9.112281390658271,23.15257318582471,27.540300817988307,83.57621188762086,220.21523342106164,317.1109498168512
2368.TW,GOLD CIRCUIT ELECTRONICS CO,US,TAI,475055292416.0,2026-08-05,940.0,2026-07-03,1305.0,-27.969348659003835,2026-05-05,1469.599609375,-36.03699987374325,2026-02-05,754.6593017578125,24.559519482563477,2025-08-05,363.9244995117188,158.29533358188516,2024-08-05,181.5518798828125,417.7583402643631,2021-08-05,70.53189849853516,1232.7303248749536,TWD,29.0167336165905,40.86950087919831,46.50926261809218,23.8385486011789,12.177863631447737,5.570972548455984,2.544927199670326,-29.001497467860226,-37.61085000452589,21.721897176053417,138.27441737529878,420.85579966881363,1040.1793190920894
4912.T,LION CORP,US,JPX,474206601216.0,2026-08-05,1677.0,2026-07-03,1722.5,-2.641509433962264,2026-05-01,1505.510986328125,11.390751394656329,2026-02-05,1700.0738525390625,-1.35722648193205,2025-08-05,1460.1961669921875,14.84758266790962,2024-08-05,1162.3792724609375,44.27304750965926,2021-08-05,1662.789306640625,0.8546298260773133,JPY,10.634654460009187,10.669003203511238,9.590586022564025,10.834222895560401,9.947314845515564,7.984251596294712,15.181269694272714,-0.3219489473088366,10.886388329021335,-1.84201891981558,6.909800535804789,33.195382582187925,-29.94884700572037
015750.KQ,SW HITECH,US,KOE,473550225408.0,2026-08-05,6000.0,2026-07-03,6180.0,-2.9126213592233,2026-05-04,9050.0,-33.70165745856354,2026-02-05,7660.0,-21.6710182767624,2025-08-05,5570.927734375,7.701989436650569,2024-08-05,5747.21533203125,4.398385189430654,2021-08-05,6038.98681640625,-0.6455853869449357,KRW,4.200415802188218,4.007444320013747,6.149225775152445,5.24617999442853,4.026429704127281,4.234705281001794,5.278557576676235,4.815325348645372,-31.691956747447847,-19.933822197311557,4.321101095657842,-0.8097252710220437,-20.42493159972111
9633.HK,NONGFU SPRING,US,HKG,472576524288.0,2026-08-05,42.02000045776367,2026-07-03,41.65999984741211,0.8641397303651877,2026-05-05,44.50791931152344,-5.589834106479163,2026-02-05,47.68288040161133,-11.87612806976378,2025-08-05,44.25469970703125,-5.049631483348483,2024-08-05,29.024906158447266,44.77221813698915,2021-08-05,38.09843444824219,10.29324712764521,HKD,5.358190506357971,5.311871500527047,5.682067623758712,6.103642745767047,5.638087469589664,3.718772332064759,4.899773800467528,0.871990330080985,-5.699987026667852,-12.213235119733312,-4.964395546209277,44.08492986132777,9.35587487419729
7988.T,NIFCO INC,US,JPX,471960977408.0,2026-08-05,5000.0,2026-07-03,5046.0,-0.911613158937774,2026-05-01,4505.0,10.987791342952267,2026-02-05,4933.9248046875,1.3392015064705776,2025-08-05,3722.198486328125,34.3292148004821,2024-08-05,2826.48291015625,76.8982922922961,2021-08-05,3309.928955078125,51.060644136453504,JPY,31.707377638667822,31.254450023174286,28.69828943395987,31.442893497881414,25.35678499778271,19.414791042803245,30.21965797786038,1.4491620078347367,10.48525282885735,0.841157130797221,25.044944149821944,63.315575062144404,4.92301951894154
7240.T,NOK CORP,US,JPX,471849336832.0,2026-08-05,2980.5,2026-07-03,2953.0,0.9312563494751068,2026-05-01,2850.0,4.57894736842106,2026-02-05,3070.7197265625,-2.938064512435845,2025-08-05,2207.26318359375,35.03147346241269,2024-08-05,1718.185791015625,73.4678528704522,2021-08-05,1112.510009765625,167.90770184871496,JPY,18.90076781040989,18.29060462117195,18.155410629697144,19.56906867174348,15.036569969464608,11.802023633476665,10.157218613554733,3.3359377772107957,4.10542727958767,-3.415087721055299,25.69866564510701,60.14853382260226,86.08212080014654
WELCORP.NS,WELSPUN CORP LIMITED,US,NSI,471528996864.0,2026-08-04,1736.5999755859375,2026-07-03,1439.300048828125,20.655868593895587,2026-05-04,1234.7999267578125,40.638166390703525,2026-02-04,813.00048828125,113.60380474767643,2025-08-04,883.4166259765625,96.57768764157382,2024-08-02,646.8512573242188,168.4697534282612,2021-08-04,125.2294921875,1286.734023472531,INR,18.216415010037622,15.066928810288118,13.011179288598441,8.991090645247368,10.125663950235662,7.724159830505187,1.6874015026678535,20.903305772566917,40.00587191969964,102.60517582109685,79.90341274967612,135.8368471104799,979.5542721300588
101160.KQ,Worldex,US,KOE,471388848128.0,2026-08-05,28950.0,2026-07-03,28800.0,0.5208333333333259,2026-05-04,33200.0,-12.801204819277112,2026-02-05,25400.0,13.976377952755904,2025-08-05,23638.498046875,22.469709973080025,2024-08-05,18891.408203125,53.24426685783603,2021-08-05,27075.162109375,6.924567554023331,KRW,20.26700624555815,18.675468675792217,22.558485716581345,17.3959493287839,17.08490133691714,13.919705711645861,23.665857607754788,8.52207565654799,-10.157948985639887,16.504169232222978,18.62524603384803,45.59938741091234,-14.361834751692705
PREMIERENE.NS,PREMIER ENERGIES LIMITED,US,NSI,471153573888.0,2026-08-05,1044.0,2026-07-03,1046.800048828125,-0.2674865014822614,2026-05-05,1042.132080078125,0.179240228526023,2026-02-05,786.470458984375,32.744973199399126,2025-08-05,996.068603515625,4.812057755379606,,,,,,,INR,10.97824116423726,10.958147209917115,10.939939908681481,8.72644088953939,11.332702258261634,,,0.18336999800441234,0.3501048074805668,25.804337681323908,-3.127772052477318,,
5471.T,DAIDO STEEL CO,US,JPX,470855581696.0,2026-08-05,2353.0,2026-07-03,2830.0,-16.855123674911667,2026-05-01,1835.5,28.193952601471,2026-02-05,2001.141845703125,17.582869252991173,2025-08-05,1154.4808349609375,103.8145570497595,2024-08-05,1050.9091796875,123.90136516836704,2021-08-05,853.1900024414062,175.7885105623463,JPY,14.921491916757077,17.52875417470932,11.69272147747688,12.752867629603543,7.864685997721551,7.21857615175486,7.789626428190388,-14.874201737132175,27.61350679137975,17.004993309265238,89.72775163661876,106.70962809098596,91.55593730087897
8088.T,IWATANI CORPORATION,US,JPX,470825107456.0,2026-08-05,2020.0,2026-07-03,1976.0,2.2267206477732726,2026-05-01,1905.0,6.036745406824151,2026-02-05,1894.7056884765625,6.612864060390322,2025-08-05,1550.5609130859375,30.27543664697323,2024-08-05,1678.553466796875,20.34171326426053,2021-08-05,1441.04638671875,40.17591790362296,JPY,12.8097805660218,12.239158391952515,12.135458684060723,12.074571772151671,10.562907873801066,11.529793686328276,13.156756392024818,4.66226643855252,5.556624595053528,6.088901600351471,21.27134610151813,11.101559269107298,-2.6372444367317005
249420.KS,ILDONG PHARM,US,KSC,470099591168.0,2026-08-05,14990.0,2026-07-03,16370.0,-8.430054978619427,2026-05-04,25950.0,-42.235067437379584,2026-02-05,36805.0390625,-59.27188129173039,2025-08-05,19619.421875,-23.596117686316887,2024-08-05,12109.404296875,23.78808760946547,2021-08-05,15298.181640625,-2.014498506192464,KRW,10.494038812466897,10.615188271622173,17.63231037184596,25.207031282486696,14.180083961216042,8.922539936856424,13.371834558258797,-1.141284130392184,-40.484039861145796,-58.36860479576613,-25.994522732240867,17.612685252537432,-21.521323295272875
SAND.ST,Sandvik AB,US,STO,469767520256.0,2026-08-04,369.5,2026-07-03,411.7999877929688,-10.27197402789506,2026-05-04,373.1000061035156,-0.9648903898749396,2026-02-04,365.00775146484375,1.2307268865189958,2025-08-04,228.76968383789065,61.51615624989579,2024-08-02,197.97764587402344,86.63723288997949,2021-08-04,190.1177520751953,94.35323422815114,SEK,38.62456699833274,42.524189218967884,40.50380740413448,41.02017410153621,23.71309158668851,18.454464849052442,22.103348992362953,-9.170362309684489,-4.639663592736499,-5.840070540104703,62.88288204484851,109.29659740480604,74.74531579661581
MPHASIS.NS,MPHASIS LIMITED,US,NSI,469409955840.0,2026-08-05,2460.0,2026-07-03,2236.63671875,9.986569538875866,2026-05-05,2152.10302734375,14.30679520191347,2026-02-05,2579.54345703125,-4.63428738544418,2025-08-05,2634.568115234375,-6.626061942560368,2024-08-05,2532.39892578125,-2.8589068272059426,2021-08-05,2324.26611328125,5.839859986046503,INR,25.86826940998435,23.41363515086414,22.592028636780014,28.621842362458665,29.97461813742666,30.24290829230131,31.331099008408273,10.483781110041,14.501755578826536,-9.62053007491226,-13.69941965103827,-14.465007267275865,-17.435805864830566
090460.KS,BH,US,KSC,468095369216.0,2026-08-05,14690.0,2026-07-03,19960.0,-26.402805611222448,2026-05-04,31950.0,-54.02190923317684,2026-02-05,17760.0,-17.286036036036034,2025-08-05,14804.052734375,-0.7704156180838861,2024-08-05,18061.9140625,-18.66864193258865,2021-08-05,19814.078125,-25.860794999767368,KRW,10.284018022357486,12.94313731836155,21.70914513990283,12.16346693225205,10.699739884140058,13.308511765546882,17.31908934250896,-20.544627091545664,-52.62817602405363,-15.45158892906684,-3.885345497031989,-22.72601021414893,-40.6203304401473
039130.KS,HANATOUR SERVICE,US,KSC,467897384960.0,2026-08-05,31500.0,2026-07-03,32850.0,-4.109589041095896,2026-05-04,41800.0,-24.64114832535885,2026-02-05,48950.0,-35.648621041879466,2025-08-05,52475.69140625,-39.972205880743736,2024-08-05,41799.34375,-24.63996519084106,2021-08-05,65704.2890625,-52.05792430074663,KRW,22.052182961488143,21.301706458325498,28.401948884129524,33.52487085212488,37.9271986098463,30.798898508988714,57.43080476823707,3.52308161147028,-22.35679653021808,-34.22142307793431,-41.85654683242763,-28.399442742888436,-61.602169688410115
284740.KS,CUCKOO HOMESYS,US,KSC,466385502208.0,2026-08-05,21500.0,2026-07-03,22350.0,-3.803131991051456,2026-05-04,24500.0,-12.244897959183676,2026-02-05,24600.0,-12.60162601626016,2025-08-05,27772.8359375,-22.586227606055044,2024-08-05,18151.431640625,18.447957305364927,2021-08-05,38661.7265625,-44.389446846758375,KRW,15.051489957841113,14.492941836942919,16.647075302898884,16.84804541291669,20.073024982283187,13.374470762892201,33.79344182693785,3.853931984149961,-9.584778803637173,-10.663287111620868,-25.01633425392621,12.538957426276953,-55.46032264211963
018290.KQ,VT,US,KOE,465859051520.0,2026-08-05,13140.0,2026-07-03,11880.0,10.606060606060597,2026-05-04,16730.0,-21.458457860131496,2026-02-05,19370.0,-32.16313887454827,2025-08-05,35000.0,-62.457142857142856,2024-08-05,28900.0,-54.53287197231833,2021-08-05,8800.0,49.31818181818181,KRW,9.198910606792197,7.70363082876429,11.367574278265238,13.266123562934808,25.2965118852444,21.294309600489214,7.691903971135616,19.41006534794918,-19.077629214348025,-30.658639178563774,-63.63565598086283,-56.80108545721125,19.592114531223004
376300.KQ,DEARU,US,KOE,464560619520.0,2026-08-05,20000.0,2026-07-03,21850.0,-8.466819221967958,2026-05-04,32450.0,-38.36671802773498,2026-02-05,43014.66015625,-53.5042240776741,2025-08-05,47231.78515625,-57.65563394684972,2024-08-05,20085.6484375,-0.4264160938916683,,,,KRW,14.001386007294059,14.168714950210415,22.048881370574236,29.459875924133257,34.13712613046823,14.799654545145586,,-1.180974728508255,-36.498429231063476,-52.473031307561435,-58.9848719139908,-5.393832237208307,
P.MX,EVERPURE INC,US,MEX,464369680384.0,2026-08-04,1397.0,2026-07-03,1190.0,17.394957983193283,2026-05-04,1156.280029296875,20.81848381049225,2026-02-04,1184.0,17.98986486486487,2025-08-04,1415.4000244140625,-1.2999875721833254,2024-08-02,987.6900024414062,41.44114008918256,,,,MXN,80.62654695287347,68.09221763163805,66.2753810289696,68.68387174606323,75.01586295045627,52.19300761189879,,18.40787355324953,21.65384144322133,17.387888747688063,7.479330079989532,54.47767937115871,
7211.T,MITSUBISHI MOTOR CORP,US,JPX,464274522112.0,2026-08-05,340.8999938964844,2026-07-03,333.79998779296875,2.1270240752433,2026-05-01,303.3999938964844,12.35992114515152,2026-02-05,392.2460632324219,-13.090270151548433,2025-08-05,385.6657104492188,-11.607388300243704,2024-08-05,342.4924621582031,-0.4649644700744249,2021-08-05,274.7895202636719,24.058586211503545,JPY,2.161808968699077,2.0675257701568626,1.9327549032415021,2.4997039232261784,2.627275932972879,2.3525419391865796,2.5088288694318805,4.560194600866385,11.851169802928396,-13.51739905624526,-17.716714047127336,-8.1075268972017,-13.831947844708337
6754.T,ANRITSU CORP,US,JPX,464226648064.0,2026-08-05,3833.0,2026-07-03,4500.0,-14.822222222222226,2026-05-01,3858.0,-0.6480041472265441,2026-02-05,2345.210205078125,63.43950711541071,2025-08-05,1692.257080078125,126.50222859892216,2024-08-05,901.9926147460938,324.9480469503589,2021-08-05,1643.3856201171875,133.2380150513106,JPY,24.306875697802752,27.87257730960846,24.57669270504266,14.94554490136511,11.52818666122414,6.195685130280538,15.004113997517265,-12.79286652324222,-1.0978572685841792,62.63626290121136,110.8473466998988,292.3194156366392,62.001406426429554
8963.T,INVINCIBLE INVESTMENT CORP,US,JPX,464139681792.0,2026-08-05,60900.0,2026-07-03,60800.0,0.164473684210531,2026-05-01,59305.0,2.689486552567244,2026-02-05,64247.08203125,-5.209702799610372,2025-08-05,64170.3671875,-5.096382225684149,2024-08-05,52675.08984375,15.614420745455826,2021-08-05,32422.818359375,87.83067938444924,JPY,386.19585963897407,376.5894889831543,377.7917990856804,409.43351141854146,437.1486931658401,361.8192272815686,296.02039644850265,2.5508865586658658,2.224521700479709,-5.675561753374114,-11.655721342288484,6.737240732216665,30.462584427407457
2513.HK,Z.AI,US,HKG,464122675200.0,2026-08-05,1041.0,2026-07-03,1793.0,-41.940881204684885,2026-05-05,919.5,13.2137030995106,2026-02-05,216.1999969482422,381.4986191924938,,,,,,,,,,HKD,132.74336640536785,228.61703397333622,117.38722593337297,27.674660840400975,,,,-41.93636226561761,13.081611180343211,379.6567053554704,,,
SHB-B.ST,Svenska Handelsbanken ser. B,US,STO,464118677504.0,2026-08-04,235.1999969482422,2026-07-03,236.8000030517578,-0.675678244466027,2026-05-04,219.8000030517578,7.006366552623766,2026-02-04,226.9681701660156,3.6268639678442174,2025-08-04,178.71437072753906,31.6066503162294,2024-08-02,106.37168884277344,121.11146255832053,2021-08-04,68.6596450805664,242.55929618082712,SEK,24.585921624181424,24.452958803601632,23.861530006425482,25.507057914121557,18.524614668447725,9.915425471481853,7.98246392218698,0.5437494155521527,3.0358137871330015,-3.61129963730612,32.72028630132693,147.95629491537164,207.99915745119387
ANTHEM.BO,Anthem Biosciences Limited,US,BSE,463835201536.0,2026-08-04,818.5999755859375,2026-07-03,769.7000122070312,6.35311973540067,2026-05-04,762.1160888671875,7.411454441633403,2026-02-04,603.279541015625,35.69165203378506,2025-08-04,751.044921875,8.99480866501099,,,,,,,INR,8.586869222688279,8.057399357863915,8.03047429474077,6.671756186963421,8.608428081179227,,,6.571225296256511,6.928543788651398,28.704781500663646,-0.2504389685043962,,
002240.KS,KISWire,US,KSC,463583576064.0,2026-08-05,17140.0,2026-07-03,17660.0,-2.9445073612684003,2026-05-04,25400.0,-32.51968503937008,2026-02-05,21550.0,-20.464037122969835,2025-08-05,17846.052734375,-3.956352392789941,2024-08-05,17015.615234375,0.731003633496119,2021-08-05,18906.548828125,-9.34358165619903,KRW,11.999187808251008,11.451693639392033,17.258600518107414,14.759161733672954,12.898368145709014,12.537570202200072,16.525836137673195,4.7809012893575975,-30.47415521518285,-18.700072370133856,-6.971272081089907,-4.294152577144406,-27.391342209323945
009520.KQ,POSCO M-TECH,US,KOE,463448309760.0,2026-08-05,11330.0,2026-07-03,12180.0,-6.978653530377665,2026-05-04,20300.0,-44.187192118226605,2026-02-05,19628.66015625,-42.27828129984516,2025-08-05,14551.5927734375,-22.13910754373364,2024-08-05,14789.8369140625,-23.393340536249,2021-08-05,8572.6943359375,32.163816368718855,KRW,7.931785173132084,7.898166960803792,13.793290965259075,13.443274703545057,10.517272558357092,10.897555923487573,7.493220637037439,0.4256457542000547,-42.4953392695787,-40.99811728878505,-24.58324980054418,-27.215008311756804,5.852817597908588
377740.KS,BioNote,US,KSC,461447921664.0,2026-08-05,4625.0,2026-07-03,4690.0,-1.3859275053304865,2026-05-04,5050.0,-8.415841584158413,2026-02-05,5424.51123046875,-14.73886211126273,2025-08-05,4993.2333984375,-7.374648229997193,2024-08-05,3723.8720703125,24.19868117574402,,,,KRW,3.237820514186751,3.0412481975508854,3.4313359297811985,3.7151386810493534,3.6088968002678143,2.7438506843546406,,6.463540752581953,-5.639652297371745,-12.847923263197869,-10.28226371154547,18.002795583911045,
3665.TW,BIZLINK HOLDING INC,US,TAI,459409620992.0,2026-08-05,2355.0,2026-07-03,1977.6702880859373,19.07950552663944,2026-05-05,2850.026123046875,-17.369178445201683,2026-02-05,1249.054931640625,88.54254847756965,2025-08-05,877.3123779296875,168.43346329586862,2024-08-05,335.5522155761719,601.8281777565568,2021-08-05,220.52345275878903,967.9136257565876,TWD,72.69617836922407,61.93593684114375,90.19641307715301,39.45576053207242,29.35716203482707,10.29651790306474,7.956912333824561,17.37317957372422,-19.402362145997355,84.2473124048173,147.6267231927355,606.0268243459877,813.6229647798823
219130.KQ,TigerElec,US,KOE,459048878080.0,2026-08-05,73100.0,2026-07-03,67000.0,9.10447761194031,2026-05-04,52600.0,38.97338403041826,2026-02-05,36850.0,98.37177747625508,2025-08-05,18020.0,305.66037735849056,2024-08-05,16310.0,348.1912936848559,2021-08-05,15050.0,385.71428571428567,KRW,51.175065856659785,43.446402822155505,35.74025146663189,25.237824124633335,13.024089833488688,12.017653618822806,13.154903950635344,17.78895957426203,43.18608223682554,102.77130708233462,292.92623523736717,325.8324251957651,289.018924415546
THERMAX.NS,THERMAX LTD,US,NSI,457905569792.0,2026-08-04,4015.0,2026-07-03,4607.5,-12.859468258274552,2026-05-04,4162.79833984375,-3.550456394418988,2026-02-04,2937.901123046875,36.662189496563926,2025-08-04,3524.60498046875,13.913474623361369,2024-08-02,4944.078125,-18.79173632597077,2021-08-04,1360.71435546875,195.06560167191597,INR,42.116150693036616,48.23238528333604,43.863717812327195,32.49067581734403,40.398793208245934,59.038069756526966,18.334909836429688,-12.680763255580773,-3.9840834440154405,29.625345221518472,4.251011845671049,-28.66272412576555,129.70470577038733
336570.KQ,WONTECH,US,KOE,457852878848.0,2026-08-05,5230.0,2026-07-03,6100.0,-14.262295081967212,2026-05-04,7300.0,-28.356164383561644,2026-02-05,8860.0,-40.9706546275395,2025-08-05,12034.28515625,-56.54083369227958,2024-08-05,5849.9619140625,-10.59770855212232,2021-08-05,2331.37646484375,124.33099410868924,KRW,3.6613624409073964,3.955568018136546,4.960148967802525,6.0680358682293445,8.69786964244281,4.310411769865652,2.0378095327436085,-7.437758013013484,-26.184425817165014,-39.661489806325356,-57.9050665114464,-15.057710576418682,79.67147479077275
5741.T,UACJ CORPORATION,US,JPX,457200009216.0,2026-08-05,2518.0,2026-07-03,2508.0,0.3987240829345984,2026-05-01,2757.0,-8.668842945230326,2026-02-05,2525.11767578125,-0.2818750131733161,2025-08-05,1475.5748291015625,70.64536141031506,2024-08-05,851.0001831054688,195.8871278747929,2021-08-05,622.1842651367188,304.70325932249267,JPY,15.967835378833115,15.534316420555115,17.56297091441229,16.092058410330083,10.052079121277131,5.84542389165432,5.680543584716986,2.7907179597833176,-9.082378735081754,-0.7719524024174862,58.851071367257376,173.16813416441624,181.09696089284841
4205.T,ZEON CORPORATION,US,JPX,455880671232.0,2026-08-05,2376.5,2026-07-03,2307.0,3.0125704377980123,2026-05-01,1882.5,26.241699867197863,2026-02-05,1896.640625,25.300490175886647,2025-08-05,1560.966552734375,52.24541460142367,2024-08-05,984.9083862304688,141.291477788666,2021-08-05,1375.2076416015625,72.8102671995289,JPY,15.070516591658816,14.289341300725937,11.992126494878903,12.08690272680542,10.633794358844511,6.765224175338119,12.55564851746442,5.466839055017836,25.67009360762249,24.684685004013176,41.72285153440194,122.76448201963102,20.029774413454724
9831.T,YAMADA HOLDINGS CO LTD,US,JPX,455375159296.0,2026-08-05,684.2000122070312,2026-07-03,642.2999877929688,6.523435343356732,2026-05-01,531.5999755859375,28.70580203712305,2026-02-05,517.69775390625,32.16205924102449,2025-08-05,451.0355529785156,51.695361416358686,2024-08-05,379.5612182617188,80.26077989223204,2021-08-05,432.3200378417969,58.26238719413863,JPY,4.338837633485895,3.9783457923822425,3.386461700877078,3.299181885524831,3.072595828846957,2.6071630272463726,3.9470828098926347,9.06135011677276,28.12303863829777,31.512532016575246,41.210815713243875,66.4198819998026,9.925173665254716
BDL.BO,Bharat Dynamics Limited,US,BSE,455270629376.0,2026-08-04,1263.0,2026-07-03,1389.3499755859375,-9.094179134573444,2026-05-04,1372.25,-7.96137730005465,2026-02-04,1300.1226806640625,-2.855321364373198,2025-08-04,1582.1273193359375,-20.170773580338903,2024-08-02,1408.10888671875,-10.305231938198355,2021-08-04,198.0994110107422,537.5586850843854,INR,13.248492733575404,14.544039786403573,14.459501002449542,14.378245819390827,18.13424050557535,16.814465422487046,2.6692853095391627,-8.907752397922518,-8.375173311091332,-7.857377735827919,-26.942114121061913,-21.20776723679031,396.33108481246177
001510.KS,SKSecu,US,KSC,455049740288.0,2026-08-05,2230.0,2026-07-03,2580.0,-13.56589147286822,2026-05-04,5190.0,-57.03275529865125,2026-02-05,1800.0,23.888888888888893,2025-08-05,1302.0,71.27496159754226,2024-08-05,999.8264770507812,123.03870233341884,2021-08-05,1931.207763671875,15.47178102474176,KRW,1.5611545398132876,1.6730107355397195,3.526462074369192,1.2327838107012212,0.9410302421310917,0.7366994653662893,1.6880300757358668,-6.6859221731381595,-55.73028982333393,26.636521850922534,65.8984451209389,111.91199576031683,-7.516189299368381
034950.KQ,KR,US,KOE,455008845824.0,2026-08-05,101600.0,2026-07-03,101700.0,-0.0983284169124854,2026-05-04,107200.0,-5.223880597014929,2026-02-05,90465.984375,12.307405597718612,2025-08-05,92044.9609375,10.38083884786265,2024-08-05,73781.7265625,37.70347311394959,2021-08-05,58574.13671875,73.4553946357644,KRW,71.12704091705382,65.94774876139127,72.8394478559494,61.958333864805354,66.52618423806643,54.3643919820247,51.19848123099928,7.853629961504827,-2.3509334423870376,14.798182069025323,6.915858367170213,30.83387549072856,38.924122760868826
5233.T,TAIHEIYO CEMENT CORP,US,JPX,454568509440.0,2026-08-05,4090.0,2026-07-03,4088.0,0.0489236790606639,2026-05-01,3577.0,14.341627061783612,2026-02-05,4281.8310546875,-4.48011731984368,2025-08-05,3631.17236328125,12.63579887747708,2024-08-05,2918.98828125,40.117040766211545,2021-08-05,2186.326904296875,87.07174997306034,JPY,25.93663490843028,25.320688009262085,22.786632920149714,27.28723342126159,24.736686461995532,20.050199961664475,19.961169007655144,2.4325835812316177,13.823902808804567,-4.949561914103596,4.850885943346928,29.358484992770805,29.935450666659523
145990.KS,SYC,US,KSC,453646188544.0,2026-08-05,45300.0,2026-07-03,45400.0,-0.2202643171806184,2026-05-04,47700.0,-5.031446540880502,2026-02-05,48800.0,-7.172131147540983,2025-08-05,50566.0,-10.414112249337505,2024-08-05,40164.65625,12.785728123840222,2021-08-05,55222.9453125,-17.968880972116295,KRW,31.713139306521043,29.439801315311342,32.41083640605211,33.422138867899776,36.54695485683624,29.594416096357236,48.26927185761633,7.721988225604504,-2.1526661354558163,-5.11337580199015,-13.226315487160246,7.159199232941105,-34.2995282794657
2475.HK,LUXSHARE ICT,US,HKG,452314988544.0,2026-08-05,58.54999923706055,,,,,,,,,,,,,,,,,,,HKD,7.466017292756135,,,,,,,,,,,,
7966.T,LINTEC CORP,US,JPX,451821895680.0,2026-08-05,6920.0,2026-07-03,7310.0,-5.335157318741446,2026-05-01,4955.0,39.65691220988901,2026-02-05,4818.19384765625,43.62228293006822,2025-08-05,2988.692626953125,131.539367333827,2024-08-05,2315.603759765625,198.84214735859692,2021-08-05,2045.646240234375,238.27940842827044,JPY,43.883010651916265,45.27745336294174,31.564933217596263,30.705363782616132,20.35991273556931,15.905620010026496,18.67675426348228,-3.0797728393593515,39.02456358581217,42.9164329808744,115.53633957994074,175.8962594620866,134.96058272672417
486990.KQ,Nota,US,KOE,450405466112.0,2026-08-05,21000.0,2026-07-03,22350.0,-6.040268456375841,2026-05-04,34700.0,-39.48126801152738,2026-02-05,38600.0,-45.59585492227979,,,,,,,,,,KRW,14.701455307658762,14.492941836942919,23.577694408595562,26.436363940592855,,,,1.4387242635883313,-37.64676455260548,-44.389268733417694,,,
PAGEIND.NS,PAGE INDUSTRIES LTD,US,NSI,450114584576.0,2026-08-04,39750.0,2026-07-03,42800.0,-7.126168224299068,2026-05-04,36810.28515625,7.986123528442346,2026-02-04,34166.3125,16.342669405719445,2025-08-04,45615.37109375,-12.85832155501996,2024-08-02,41339.37890625,-3.84470920536667,2021-08-04,30864.2421875,28.78981365723836,INR,416.9656264130026,448.0403885245323,387.8727310018221,377.8502191933221,522.8404187548767,493.6404874384316,415.8794205434824,-6.93570555410502,7.50062922341499,10.3520932985532,-20.24992493771056,-15.53253085525974,0.26118288519800803
034310.KS,NICE,US,KSC,449689944064.0,2026-08-05,12790.0,2026-07-03,11410.0,12.094653812445234,2026-05-04,14760.0,-13.346883468834692,2026-02-05,13183.919921875,-2.987881633150702,2025-08-05,12482.9541015625,2.459721440448681,2024-08-05,9229.2421875,38.581258787667934,2021-08-05,15902.0400390625,-19.57006793730831,KRW,8.95388635166455,7.398857555235736,10.029013529419899,9.029401689593783,9.022148479803889,6.800357803409042,13.899655105184365,21.017147374710742,-10.72016878431249,-0.8363271512913495,-0.7566061264912993,31.667871169601348,-35.5819530491452
IPCALAB.BO,IPCA LABORATORIES LTD.,US,BSE,448257294336.0,2026-08-04,1682.25,2026-07-03,1780.9000244140625,-5.539335339529772,2026-05-04,1530.5999755859375,9.907881016136066,2026-02-04,1409.5999755859375,19.342368695822955,2025-08-04,1440.1500244140625,16.810746900097296,2024-08-02,1294.868896484375,29.91662743366385,2021-08-04,1028.6951904296875,63.532406455339,INR,17.646300000837073,18.64287707621088,16.128046552256592,15.588971146653535,16.506905978841473,15.462247622998802,13.861126319344066,-5.345618443440159,9.413746690655799,13.197335698611411,6.90252930171209,14.125064033961499,27.307836277421128
067160.KQ,SOOP,US,KOE,448133365760.0,2026-08-05,42700.0,2026-07-03,48750.0,-12.410256410256416,2026-05-04,55500.0,-23.063063063063066,2026-02-05,69300.0,-38.38383838383839,2025-08-05,73586.4140625,-41.97298435587157,2024-08-05,83803.921875,-49.04773064953889,2021-08-05,125210.7890625,-65.89750745945229,KRW,29.892959125572816,31.612121456419118,37.71072160452604,47.46217671199702,53.18513136927277,61.74901931285331,109.44424609305315,-5.4383010428969865,-20.730874791891917,-37.01730262612087,-43.79451858824738,-51.58958076059602,-72.68658683056135
484870.KS,MNC Solution,US,KSC,447625723904.0,2026-08-05,17100.0,2026-07-03,27400.0,-37.59124087591241,2026-05-04,38166.66796875,-55.19650807872175,2026-02-05,41233.33203125,-58.52869715442783,2025-08-05,55245.5390625,-69.04727460319549,,,,,,,KRW,11.97118503623642,17.767633392941207,25.93319982598041,28.23988010521839,39.92912672860757,,,-32.62363776037625,-53.838380467637315,-57.60893816959127,-70.01891597178468,,
144960.KQ,NPP,US,KOE,447551569920.0,2026-08-05,10490.0,2026-07-03,8460.0,23.9952718676123,2026-05-04,7070.0,48.373408769448375,2026-02-05,6070.0,72.8171334431631,2025-08-05,5496.220703125,90.85842011467398,2024-08-05,4500.19287109375,133.1011203404368,2021-08-05,6090.58154296875,72.23314269735282,KRW,7.343726960825734,5.485918923513964,4.803870301693678,4.157220961642452,3.972434638300797,3.3158650608645246,5.323655495100752,33.86502905372441,52.87104979159389,76.64990695910339,84.86715652965412,121.47243105577554,37.94519513112768
6728.T,ULVAC INC,US,JPX,446055481344.0,2026-08-05,9401.0,2026-07-03,10080.0,-6.736111111111109,2026-05-01,9675.84765625,-2.8405537790011093,2026-02-05,8117.38818359375,15.813113619484032,2025-08-05,5428.0107421875,73.19420403746983,2024-08-05,6478.400390625,45.11298211213284,2021-08-05,5037.52392578125,86.61946103892768,JPY,59.61621143622324,62.43457317352295,61.63824118933735,51.73045440319902,36.97731377325863,44.499398678000944,45.99260351459861,-4.514104275954134,-3.280479316246121,15.243935364574268,61.22374870652902,33.9708247916068,29.62130186281002
0R24.L,INTEL CORP INTEL CORPORATION OR,US,LSE,445981425664.0,2026-08-05,101.94000244140624,,,,,,,,,,,,,,,,,,,GBP,137.11934391350948,,,,,,,,,,,,
8304.T,AOZORA BANK,US,JPX,445587062784.0,2026-08-05,3221.0,2026-07-03,2830.0,13.816254416961126,2026-05-01,2502.83837890625,28.693887194089985,2026-02-05,2709.6591796875,18.871038252547766,2025-08-05,2182.565673828125,47.5786061617338,2024-08-05,2044.836669921875,57.51869317382017,2021-08-05,2108.045166015625,52.79558768126156,JPY,20.42589267482981,17.52875417470932,15.943880178529298,17.268103664961927,14.868322777003527,14.045751531184806,19.246456580627864,16.527920188991608,28.111177744148996,18.286831438678686,37.37859327631789,45.423992653434176,6.128068765598571
4631.T,DIC CORPORATION,US,JPX,445501538304.0,2026-08-05,4677.0,2026-07-03,4791.0,-2.379461490294299,2026-05-01,3530.27783203125,32.48249068569624,2026-02-05,3844.84716796875,21.64332665713942,2025-08-05,2859.243408203125,63.574741016513656,2024-08-05,2234.1064453125,109.34544143199028,2021-08-05,2459.3623046875,90.171248501521,JPY,29.65908104320988,29.675003975629807,22.48899778155942,24.502424500514735,19.478064005569763,15.345824185692436,22.453982759138853,-0.05365772632415222,31.88262692404107,21.045495079831046,52.26914253248602,93.27134655212785,32.08828634705585
GODREJIND.BO,GODREJ INDUSTRIES LTD.,US,BSE,445407526912.0,2026-07-17,1335.300048828125,,,,,,,,,,,,,,,,,,,INR,13.81551682813847,,,,,,,,,,,,
JBHT.MX,HUNT(J.B.)TRANSPORT SERVICES IN,US,MEX,445226319872.0,2026-08-04,4649.0,2026-07-03,4092.340087890625,13.60248415708536,2026-05-04,4091.89013671875,13.61497607870752,2026-02-04,2831.55859375,64.18519504634565,2025-08-04,2830.678955078125,64.23621589653888,2024-08-02,3007.14599609375,54.598413447135606,,,,MXN,268.3126820214093,234.1651360397691,234.5379761549866,164.25878994475352,150.02530796110932,158.9081528376846,,14.582677233318275,14.400527547872999,63.34753355461407,78.8449466745726,68.84765018663013,
122640.KQ,YEST,US,KOE,444443492352.0,2026-08-05,22450.0,2026-07-03,34300.0,-34.54810495626822,2026-05-04,27750.0,-19.099099099099103,2026-02-05,20700.0,8.45410628019323,2025-08-05,18590.0,20.76385153308231,2024-08-05,15600.0,43.91025641025641,2021-08-05,12800.0,75.390625,KRW,15.716555793187581,22.24196442984976,18.85536080226302,14.177013823064044,13.436061598476954,11.494506220333278,11.188223958015442,-29.3382747609504,-16.64675124486995,10.859423495933363,16.97293643673927,36.73102168917601,40.474090008968425
1860.T,TODA CORP,US,JPX,444356100096.0,2026-08-05,1492.5,2026-07-03,1616.0,-7.642326732673266,2026-05-01,1415.0,5.477031802120136,2026-02-05,1393.6033935546875,7.09646710841132,2025-08-05,973.6887817382812,53.283064156856085,2024-08-05,827.70703125,80.31742436040832,2021-08-05,655.2993774414062,127.75849502977016,JPY,9.464652225142345,10.009352207183838,9.014002119656652,8.88114935197143,6.633073755732568,5.6854258692437725,5.9828846262703905,-5.4419104330303725,4.9994453019150065,6.570127919776381,42.68878311450426,66.47217715638342,58.19546617335354
9008.T,KEIO CORPORATION,US,JPX,444195241984.0,2026-08-05,753.4000244140625,2026-07-03,748.2000122070312,0.6950029567217353,2026-05-01,748.0999755859375,0.7084679857092491,2026-02-05,782.93310546875,-3.7721078401718335,2025-08-05,703.2553100585938,7.130371237622191,2024-08-05,607.4537963867188,24.02589775477033,2021-08-05,1107.45263671875,-31.97000039240533,JPY,4.777667817415647,4.6342805962867715,4.765635876782142,4.989472524557186,4.79079602047122,4.172531340143053,10.111044787524861,3.094055660845507,0.2524729321458308,-4.245032036935337,-0.2740296810691878,14.502862362007996,-52.74803031917734
2603.TW,EVERGREEN MARINE CORP(TAIWAN),US,TAI,443833810944.0,2026-08-05,205.0,2026-07-03,195.0,5.128205128205132,2026-05-05,192.9070281982422,6.268808303516238,2026-02-05,173.43084716796875,18.202732297937946,2025-08-05,181.7777862548828,12.775055865492702,2024-08-05,129.22799682617188,58.63435558453416,2021-08-05,118.85730743408205,72.47572271792586,TWD,6.328117437660694,6.106936912983656,6.105039480218295,5.47841876397365,6.082759185513794,3.9653988891508902,4.288601342197752,3.621791543429853,3.6539969670175365,15.509925587921547,4.03366703602579,59.58337646621301,47.55667250753983
SEB-C.ST,Skandinaviska Enskilda Banken s,US,STO,443364474880.0,2026-08-04,230.0,2026-07-03,198.3999938964844,15.927422921193736,2026-05-04,184.0,25.0,2026-02-04,191.09146118164065,20.361212676779484,2025-08-04,163.2024383544922,40.92926693927008,2024-08-02,136.69357299804688,68.25955672640609,2021-08-04,84.83842468261719,171.1035723028052,SEK,24.04235564172268,20.48761323843883,19.975074887275696,21.475174090221575,16.91672735192185,12.74187662373265,9.863430890874952,17.35069069253243,20.361779755017984,11.954182726136953,42.1217895256278,88.68771336980366,143.75246207650937
BAC,Bank of America Corporation,US,NYQ,442291355648.0,2026-08-05,63.25,2026-07-02,58.72999954223633,7.696237856281707,2026-05-05,52.84542465209961,19.68869664005435,2026-02-05,54.348777770996094,16.377962107096657,2025-08-05,44.58870315551758,41.85207356086382,2024-08-05,35.010623931884766,80.65944818080537,2021-08-05,34.52341079711914,83.20901249212025,USD,63.25,58.72999954223633,52.84542465209961,54.348777770996094,44.58870315551758,35.010623931884766,34.52341079711914,7.696237856281707,19.68869664005435,16.377962107096657,41.85207356086382,80.65944818080537,83.20901249212025
9065.T,SANKYU INC,US,JPX,442285031424.0,2026-08-05,8750.0,2026-07-03,8780.0,-0.3416856492027387,2026-05-01,8489.0,3.074567086818236,2026-02-05,9220.466796875,-5.1024184267378985,2025-08-05,8350.255859375,4.7872082886681655,2024-08-05,3748.497802734375,133.42684084321016,2021-08-05,4171.05908203125,109.778855391779,JPY,55.48791086766869,54.382495284080505,54.07764239842072,58.76014876016234,56.884565205312356,25.74800693221664,38.081777758718545,2.0326680079936876,2.6078586393573078,-5.568804643177028,-2.45524305688678,115.50371263198875,45.707249328624464
175N.MX,GEELY AUTOMOBILE HOLDINGS LIMIT,US,MEX,442190266368.0,2026-08-05,41.0,2026-07-03,41.0,0.0,2026-05-05,34.04941940307617,20.41321326112211,2026-02-05,34.04941940307617,20.41321326112211,2025-08-05,34.04941940307617,20.41321326112211,2024-08-05,49.238887786865234,-16.732481494155536,2021-08-05,48.61504364013672,-15.663965451734608,MXN,2.376122947782278,2.34603438898921,1.9434711170993921,1.9654047230100105,1.8042867490032393,2.521394914436442,2.4355746861735668,1.2825284631071243,22.261809135018872,20.897386678874664,31.69319949253877,-5.761571335866433,-2.440973735225127
7380.T,JUROKU FINANCIAL GROUP INC,US,JPX,441700220928.0,2026-08-05,2384.0,2026-07-03,2461.0,-3.1288094270621736,2026-05-01,2059.0,15.784361340456533,2026-02-05,1771.1068115234375,34.60509464978996,2025-08-05,1014.021240234375,135.10355655360593,2024-08-05,693.6437377929688,243.69228324404628,,,,JPY,15.118077658116817,15.243202835321426,13.116487890016288,11.28690141268396,6.907831128901648,4.764560287631468,,-0.8208588349600032,15.260104571316347,33.94356081756389,118.85418702354129,217.30268367812454,
348370.KQ,Enchem,US,KOE,441506496512.0,2026-08-05,21150.0,2026-07-03,24100.0,-12.24066390041494,2026-05-04,45150.0,-53.15614617940199,2026-02-05,78600.0,-73.09160305343512,2025-08-05,67000.0,-68.43283582089552,2024-08-05,156500.0,-86.48562300319489,,,,KRW,14.806465702713467,15.627735940506682,30.678181629627943,53.83155973395333,48.424751323182136,115.3134758642409,,-5.255209333710997,-51.736169107187614,-72.49482315598866,-69.42376512396204,-87.15981320331963,
7003.T,MITSUI E&S CO LTD,US,JPX,440708366336.0,2026-08-05,4279.0,2026-07-03,4411.0,-2.9925187032418976,2026-05-01,5594.0,-23.5073292813729,2026-02-05,6651.32373046875,-35.666941297737154,2025-08-05,3103.134521484375,37.89282966544272,2024-08-05,825.2718505859375,418.495814071683,2021-08-05,467.2623596191406,815.7596181057161,JPY,27.135173783171922,27.321319669485092,35.63556739035994,42.38752554120174,21.13952686013215,5.668698889018856,4.2661062775847824,-0.6813209924155794,-23.853678304242532,-35.98311428489532,28.362256935594864,378.6843385831789,536.0641769696899
SUPREMEIND.NS,SUPREME INDUSTRIES LTD,US,NSI,439779262464.0,2026-08-05,3460.60009765625,2026-07-03,3228.699951171875,7.182461981337274,2026-05-05,3605.50439453125,-4.018974351959958,2026-02-05,3714.632568359375,-6.838697126249615,2025-08-05,4226.19970703125,-18.115556822865,2024-08-05,4883.86962890625,-29.142250702722865,2021-08-05,2065.833984375,67.51588577933208,INR,36.39013644162196,33.79878459234078,37.8493303974501,41.21645150665472,48.08329747036987,58.325100281347204,27.84743482234626,7.666997143644072,-3.855270200305705,-11.70968117974327,-24.318550606795487,-37.60810308754875,30.676799043697155
003030.KS,SeAH Steel Holdings,US,KSC,438794059776.0,2026-08-05,107500.0,2026-07-03,112300.0,-4.274265360641138,2026-05-04,229000.0,-53.05676855895196,2026-02-05,140334.578125,-23.397354068897624,2025-08-05,192328.6875,-44.10610221629053,2024-08-05,171934.234375,-37.47609346633356,2021-08-05,74059.984375,45.15260961395524,KRW,75.25744978920557,72.82135876012035,155.59919364750385,96.11233110782541,139.00699797763446,126.68584144305623,64.73435089958002,3.345297410763659,-51.63377905434739,-21.698445015576006,-45.86067544504909,-40.59521653567507,16.255818963798106
030520.KQ,HANCOM,US,KOE,438715482112.0,2026-08-05,18610.0,2026-07-03,19390.0,-4.022692109334713,2026-05-04,20350.0,-8.550368550368548,2026-02-05,23700.0,-21.476793248945143,2025-08-05,24960.171875,-25.441218541288592,2024-08-05,15214.44140625,22.31799711263225,2021-08-05,23027.66796875,-19.18417433647669,KRW,13.028289679787122,12.573518667486496,13.827264588326216,16.23165350756608,18.040150985533728,11.210416114297232,20.128023942593245,3.6168953522660585,-5.7782571775883635,-19.73528960734512,-27.781703766036014,16.215932994418125,-35.272882638927406
6407.T,CKD CORP,US,JPX,437769338880.0,2026-08-05,6750.0,2026-07-03,7490.0,-9.879839786381838,2026-05-01,6030.0,11.940298507462677,2026-02-05,4137.640625,63.13644928986552,2025-08-05,2513.4541015625,168.55473492847284,2024-08-05,2021.70361328125,233.87683316471237,2021-08-05,2023.7237548828125,233.54354732031456,JPY,42.80495981220156,46.39235645532608,38.41302670072764,26.36833730842045,17.122438658016563,13.886853184676056,18.47660192838987,-7.732732107667428,11.433447162836362,62.33469449183755,149.99336056701645,208.24088973185243,131.6711697210428
084695.KS,Daesang Holdings(1P),US,KSC,437715763200.0,2026-08-05,11260.0,2026-07-03,12050.0,-6.556016597510372,2026-05-04,14300.0,-21.258741258741253,2026-02-05,13922.1484375,-19.12167830598165,2025-08-05,12923.513671875,-12.87199220050541,2024-08-05,18375.56640625,-38.72297728917795,2021-08-05,12231.951171875,-7.946002712223155,KRW,7.882780322106555,7.813867970253341,9.716456197202206,9.534999557738502,9.34056620570584,13.53961938197358,10.691703840191167,0.8819236787152906,-18.871858606470603,-17.32794244642647,-15.607039782114839,-41.77989720596167,-26.271991443735953
417310.KS,KORAMCO THE ONE REIT,US,KSC,437532000256.0,2026-08-05,10750.0,2026-07-03,10050.0,6.965174129353224,2026-05-04,10210.0,5.288932419196857,2026-02-05,8900.0,20.78651685393258,2025-08-05,5251.685546875,104.69618571120957,2024-08-05,4504.33203125,138.6591380346524,,,,KRW,7.525744978920557,6.516960423323326,6.937413830310106,6.095431064022705,3.795695024402562,3.3189149071570228,,15.479372131629443,8.480554324725231,23.465344778321718,98.27053887463207,126.75317654850926,
002787.KS,CHINHUNG INT (2PB),US,KSC,437498216448.0,2026-08-05,3025.0,2026-07-03,4365.0,-30.698739977090494,2026-05-04,8490.0,-64.3698468786808,2026-02-05,8690.0,-65.18987341772151,2025-08-05,7950.0,-61.94968553459119,2024-08-05,12400.0,-75.60483870967742,2021-08-05,15900.0,-80.9748427672956,KRW,2.1177096336032264,2.830500721174758,5.76872119680047,5.9516062861075625,5.745921985362656,9.136658790521324,13.897871947847307,-25.182508601364994,-63.289790555699234,-64.41784735414278,-63.14412832269657,-76.82183736794232,-84.76234605161082
DNB.OL,DNB BANK ASA,US,OSL,436705656832.0,2026-08-04,307.70001220703125,2026-07-03,297.6000061035156,3.393819185609326,2026-05-04,278.3999938964844,10.524432095153458,2026-02-04,275.7991027832031,11.566719797817626,2025-08-04,248.39810180664065,23.8737373470562,2024-08-02,192.9745330810547,59.45109818080952,2021-08-04,125.46345520019533,145.25070803769177,NOK,32.25908220014617,30.203876471086232,29.98739574969727,28.68034554478527,24.236560496741053,17.62005927474422,14.235533797287305,6.804443565471985,7.575470939225615,12.478010942276097,33.10090845804567,83.08157593081906,126.60957193114454
3189.TW,KINSUS INTERCONNECT TECHNOLOGY ,US,TAI,436286259200.0,2026-08-05,828.0,2026-07-03,833.0,-0.600240096038418,2026-05-05,526.099365234375,57.38471754877135,2026-02-05,263.0496826171875,214.7694350975427,2025-08-05,101.3265380859375,717.1600605734236,2024-08-05,95.71955871582033,765.026971612177,2021-08-05,166.1570281982422,398.3237898381957,TWD,25.55942067503929,26.087581787258387,16.64976867495443,8.309342545686832,3.3906504363208114,2.937182662610582,5.995266673374431,-2.024569070932658,53.512166889665494,207.5985920005974,653.8205767614834,770.2019455719501,326.326668479172
6923.T,STANLEY ELECTRIC CO,US,JPX,435564249088.0,2026-08-05,3504.0,2026-07-03,3603.0,-2.747710241465451,2026-05-01,2992.5,17.092731829573935,2026-02-05,3010.74462890625,16.3831686805314,2025-08-05,2791.70458984375,25.51471286566596,2024-08-05,2239.967529296875,56.43083902648822,2021-08-05,2576.08740234375,36.02022962466358,JPY,22.22053024917841,22.316643565893173,19.063181161182,19.186859642870786,19.017968365202023,15.386083307879971,23.51968313412499,-0.430679982995541,16.562550926314756,15.811188817628308,16.83966353543973,44.41966681538882,-5.523683620812148
GLAXO.NS,GLAXOSMITHKLINE PHARMA LT,US,NSI,435322683392.0,2026-08-05,2569.699951171875,2026-07-03,2395.5,7.271966235519733,2026-05-05,2305.0244140625,11.482548102078294,2026-02-05,2383.916259765625,7.793213819705036,2025-08-05,2758.5791015625,-6.846972424450004,2024-08-05,2648.508056640625,-2.975566008612052,2021-08-05,1449.153076171875,77.32425879811602,INR,27.021825463308005,25.076653053984046,24.197344137028267,26.451221516089845,31.38554463370383,31.629529397187298,19.534578355050144,7.756906015872489,11.672691475084429,2.1571931824436508,-13.903595496984877,-14.567728390827838,38.32817362204408
ABBV,AbbVie Inc.,US,NYQ,435064274944.0,2026-08-05,246.1999969482422,2026-07-02,259.2248840332031,-5.024551224523888,2026-05-05,204.6533050537109,20.3010119399867,2026-02-05,215.68272399902344,14.14915037393394,2025-08-05,192.57574462890625,27.84579772632838,2024-08-05,172.6385498046875,42.610093300006,2021-08-05,95.8189926147461,156.94279414742374,USD,246.1999969482422,259.2248840332031,204.6533050537109,215.68272399902344,192.57574462890625,172.6385498046875,95.8189926147461,-5.024551224523888,20.3010119399867,14.149150373933939,27.84579772632838,42.610093300006,156.94279414742374
4368.T,FUSO CHEMICAL CO,US,JPX,434823102464.0,2026-08-05,4255.0,2026-07-03,4330.0,-1.7321016166281789,2026-05-01,3160.0,34.65189873417722,2026-02-05,2534.70703125,67.86949921788914,2025-08-05,1421.3780517578125,199.35737327151344,2024-08-05,1034.3973388671875,311.35063288734204,2021-08-05,1341.794677734375,217.1126008030217,JPY,26.982978370506316,26.81961327791214,20.130209680646658,16.153169411136332,9.68287365420548,7.105158186938411,12.250588090549854,0.6091254594216,34.042212170536736,67.04448324490231,178.66705003206386,279.76604687155026,120.25863714511043
042000.KQ,Cafe24 Corp.,US,KOE,433756340224.0,2026-08-05,17870.0,2026-07-03,17700.0,0.9604519774011332,2026-05-04,25600.0,-30.195312500000004,2026-02-05,36550.0,-51.10807113543092,2025-08-05,41900.0,-57.35083532219571,2024-08-05,26600.0,-32.81954887218045,2021-08-05,40450.0,-55.82200247218789,KRW,12.510238397517242,11.477631790330634,17.394495010375977,25.03236015618313,30.283538514049724,19.59960676031187,35.356535867322236,8.996686999983128,-28.079324004204953,-50.02373599827285,-58.68964126595295,-36.17097245619342,-64.6169001271427
AIAENG.NS,AIA ENGINEERING LIMITED,US,NSI,433622417408.0,2026-08-05,4646.60009765625,2026-07-03,4754.5,-2.26942690806079,2026-05-05,3876.39990234375,19.86895611174744,2026-02-05,3967.0,17.131335963101833,2025-08-05,3125.65283203125,48.66014709114674,2024-08-05,4321.72021484375,7.5173742552014255,2021-08-05,1908.18310546875,143.50913098115922,INR,48.86158665310222,49.77121558971703,40.6930971652655,44.016645016148686,35.561900840042654,51.61168992447847,25.722301530788172,-1.8276204947719643,20.07340324739184,11.007067065597663,37.39869213651297,-5.328450347974211,89.9580665230038
429A.T,TEKSCEND PHOTOMASK CORP.,US,JPX,433159995392.0,2026-08-05,4315.0,2026-07-03,4775.0,-9.633507853403144,2026-05-01,4100.0,5.243902439024395,2026-02-05,2853.404296875,51.22287454062205,,,,,,,,,,JPY,27.36346690217033,29.575901478528976,26.11831002868712,18.184161892333577,,,,-7.480531330430596,4.767371518737584,50.47967051869868,,,
1662.T,JAPAN PETROLEUM EXPLORATION CO ,US,JPX,432895000576.0,2026-08-05,1691.0,2026-07-03,1613.0,4.835709857408554,2026-05-01,2233.0,-24.272279444693236,2026-02-05,1981.9459228515625,-14.67981136604164,2025-08-05,1041.0673828125,62.429447691625086,2024-08-05,941.9281616210938,79.52536816499101,2021-08-05,283.67706298828125,496.1003622171087,JPY,10.723435117397457,9.990770488977432,14.224923486355692,12.630535939983588,7.09207794563963,6.469997879518189,2.589972152277653,7.333414667350779,-24.615164871127803,-15.099128268571382,51.203007067772965,65.74093712370761,314.0366956442809
SWED-A.ST,Swedbank AB ser A,US,STO,432405413888.0,2026-08-04,388.3999938964844,2026-07-03,366.2000122070313,6.0622558572997365,2026-05-04,321.0,20.99688283379575,2026-02-04,328.4545288085937,18.250765274977752,2025-08-04,238.72726440429688,62.696118880962445,2024-08-02,178.86077880859375,117.15213166556046,2021-08-04,111.27104949951172,249.0575451956969,SEK,40.60022080218346,37.81534500411181,34.84782086312771,36.912262553591965,24.74524329486826,16.672488153019458,12.936523880533969,7.364406691962833,16.507201301480336,9.991146555259345,64.07282934495638,143.5162672155241,213.84181080727572
2433.T,HAKUHODO DY HLDGS INC,US,JPX,432274571264.0,2026-08-05,1189.5,2026-07-03,1172.5,1.449893390191903,2026-05-01,1042.0,14.155470249520151,2026-02-05,1144.1658935546875,3.962196976914667,2025-08-05,1185.677490234375,0.322390346203627,2024-08-05,1027.1072998046875,15.81068504003358,2021-08-05,1539.94189453125,-22.756825811140267,JPY,7.543185140239075,7.262354865670204,6.6378729389980435,7.291535189342426,8.077207410355527,7.055083734132154,14.05967257608836,3.866931315851563,13.638588890761195,3.45126155688682,-6.6114715518113325,6.918435336855189,-46.3487851554384
215200.KQ,megastudyEdu,US,KOE,432248422400.0,2026-08-05,41450.0,2026-07-03,40100.0,3.366583541147139,2026-05-04,45558.62109375,-9.018317488791697,2026-02-05,42468.35546875,-2.3979159482625856,2025-08-05,45202.37109375,-8.301270493018077,2024-08-05,41127.59765625,0.7839075514322058,2021-08-05,65454.96875,-36.67402064109915,KRW,29.017872500116937,26.002996315946802,30.955828409954847,29.08572282721093,32.67035193183642,30.303937633790383,57.21287887030485,11.594341465645662,-6.260391045502434,-0.23327708751496035,-11.179798244414496,-4.243887870992125,-49.280873339904495
VOLTAS.NS,VOLTAS LTD,US,NSI,430315601920.0,2026-08-04,1327.699951171875,2026-07-03,1280.199951171875,3.7103578981173335,2026-05-04,1449.64599609375,-8.412125805229254,2026-02-04,1415.0546875,-6.173241013211728,2025-08-04,1337.5980224609375,-0.7399884810573965,2024-08-02,1477.83203125,-10.158940725566644,2021-08-04,1003.9103393554688,32.25284162570592,INR,13.927175895066512,13.401431857760144,15.275028408609614,15.649295599061588,15.331461597711154,17.647041236705263,13.527163494649244,3.9230437679085295,-8.823895298180917,-11.004455076548902,-9.159503115177813,-21.079257943261076,2.957104795661669
036810.KQ,FINE SEMITECH,US,KOE,429980549120.0,2026-08-05,21100.0,2026-07-03,23950.0,-11.89979123173278,2026-05-04,43700.0,-51.7162471395881,2026-02-05,40700.0,-48.15724815724816,2025-08-05,21584.158203125,-2.2431183026396795,2024-08-05,23282.03125,-9.372168719170492,2021-08-05,26791.10546875,-21.24251825064959,KRW,14.771462237695232,15.53046787448693,29.692946560680866,27.87461171974428,15.600111843381342,17.154836732379408,23.417569380249006,-4.887203933106066,-50.25262242833297,-47.00746906823373,-5.3118183639028205,-13.893309110809582,-36.92145415333381
AJANTPHARM.BO,AJANTA PHARMA LTD.,US,BSE,429591134208.0,2026-07-17,3416.800048828125,,,,,,,,,,,,,,,,,,,INR,35.35149917383501,,,,,,,,,,,,
9989.T,SUNDRUG CO LTD,US,JPX,429561184256.0,2026-08-05,3637.0,2026-07-03,3820.0,-4.790575916230367,2026-05-01,3764.0,-3.3740701381509086,2026-02-05,4180.64697265625,-13.003895717863834,2025-08-05,4442.21044921875,-18.12634629591585,2024-08-05,3525.44482421875,3.1642865324369662,2021-08-05,3089.894287109375,17.70629225643987,JPY,23.063946494366974,23.66072118282318,23.977882670238614,26.64240796466629,30.261732599558627,24.215881281007114,28.210741019360057,-2.522216815983802,-3.811579981605384,-13.43144912068438,-23.785109069718747,-4.756939354272527,-18.244095472221076
1893.T,PENTA OCEAN CONSTRUCTION,US,JPX,429133168640.0,2026-08-05,1550.5,2026-07-03,1706.5,-9.141517726340464,2026-05-01,1760.0,-11.90340909090909,2026-02-05,1717.2200927734375,-9.708720127084714,2025-08-05,953.80859375,62.558820518071045,2024-08-05,515.322265625,200.8796831473024,2021-08-05,576.0935668945312,169.14030794651435,JPY,9.832457805750892,10.569900706410408,11.211762353777885,10.94349237714357,6.497643672037157,3.5396902881893766,5.2597354176103295,-6.976819566642423,-12.302299179238553,-10.15246808882666,51.32343818829628,177.7773478814835,86.93825877306392
FRES.MX,FRESNILLO PLC,US,MEX,428135153664.0,2026-08-05,581.0,2026-07-03,665.0,-12.631578947368416,2026-05-05,750.0,-22.53333333333334,2026-02-05,1020.0,-43.03921568627451,2025-08-05,364.7947998046875,59.26762122460889,2024-08-05,129.4795684814453,348.71944416717645,2021-08-05,228.3780059814453,154.4027816965893,MXN,33.67140079662204,38.05153338238597,42.80846379697323,58.87656390666962,19.33056231007049,6.630310719155375,11.441554889153224,-11.511054079601147,-21.344057202532053,-42.81018021024883,74.18738398044692,407.84046514356095,194.2904275059945
PIIND.BO,P.I.INDUSTRIES LTD.,US,BSE,427052793856.0,2026-08-04,2808.0,2026-07-03,2646.5,6.102399395427915,2026-05-04,3045.85009765625,-7.808988953175111,2026-02-04,3149.271484375,-10.836521591365068,2025-08-04,4120.19921875,-31.84795562259486,2024-08-02,4240.98291015625,-33.78893385126739,2021-08-04,3093.06689453125,-9.21631843899876,INR,29.45508123189211,27.70417963154614,32.09435054864025,34.828251385641124,47.22545565742257,50.64229135457754,41.677448614657806,6.319990787066132,-8.223470086264017,-15.427619647778956,-37.62880458886041,-41.83698951206781,-29.326093100783368
077360.KQ,DSHM,US,KOE,424835940352.0,2026-08-05,9780.0,2026-07-03,10750.0,-9.02325581395349,2026-05-04,19590.0,-50.07656967840735,2026-02-05,11900.0,-17.815126050420172,2025-08-05,4525.0,116.13259668508287,2024-08-05,4670.0,109.42184154175588,2021-08-05,8125.0,20.36923076923076,KRW,6.846677757566795,6.970878064748831,13.310865517705679,8.15007074852474,3.270477608020883,3.440983592881821,7.101899973349646,-1.7817024774842594,-48.563241447676205,-15.992413209343926,109.34794785860147,98.97443776628727,-3.593717409997177
161000.KS,AK CHEMICAL,US,KSC,424436957184.0,2026-08-05,8900.0,2026-07-03,10220.0,-12.915851272015654,2026-05-04,15110.0,-41.09861019192588,2026-02-05,10011.6357421875,-11.103437747971968,2025-08-05,11925.189453125,-25.368061991939665,2024-08-05,8637.392578125,3.040355286618301,2021-08-05,10992.1953125,-19.033461952052637,KRW,6.230616773245856,6.627197564812377,10.266828890889883,6.856768034225809,8.61901990670765,6.364266840815276,9.60805804269512,-5.984140169174945,-39.31313320343246,-9.131871719365382,-27.71084368424589,-2.1000072893282207,-35.15217387781174
6274.TWO,TAIWAN UNION TECHNOLOGY CORPORA,US,TWO,424388984832.0,2026-08-05,1470.0,2026-07-03,1790.0,-17.87709497206704,2026-05-05,1220.0,20.491803278688515,2026-02-05,515.873779296875,184.95342446045208,2025-08-05,256.44879150390625,473.2138534868506,2024-08-05,134.77813720703125,990.6813452555356,2021-08-05,97.56127166748048,1406.7454276428691,TWD,45.37723235785961,56.05854909867048,38.610040470957756,16.29567426148151,8.581445919618773,4.135706570469324,3.520199217466882,-19.053858711202707,17.52702614231161,178.46182753615113,428.7830603712,997.2062834890668,1189.05296418175
AMAT,"Applied Materials, Inc.",US,NMS,424164884480.0,2026-08-05,534.239990234375,2026-07-02,603.0399780273438,-11.40886015849668,2026-05-05,410.3099365234375,30.20400986654108,2026-02-05,303.2343444824219,76.18056791892987,2025-08-05,177.84536743164062,200.3957864911627,2024-08-05,178.87539672851562,198.66599879311883,2021-08-05,136.4015350341797,291.66713930345753,USD,534.239990234375,603.0399780273438,410.3099365234375,303.2343444824219,177.84536743164062,178.87539672851562,136.4015350341797,-11.408860158496681,30.20400986654108,76.18056791892987,200.3957864911627,198.66599879311883,291.66713930345753
JKCEMENT.NS,JK CEMENT LIMITED,US,NSI,423777697792.0,2026-08-04,5492.5,2026-07-03,5475.12158203125,0.3174069782447164,2026-05-04,5332.65185546875,2.997535726382039,2026-02-04,5686.83349609375,-3.417253137923526,2025-08-04,6758.84375,-18.73610038699297,2024-08-02,4258.46044921875,28.97853732579916,2021-08-04,3278.319091796875,67.54012791932081,INR,57.61468435404822,57.31485048673676,56.19055190370909,62.891518744229415,77.46942777876393,50.85099359274136,44.173624480088165,0.5231346933040504,2.5344695897979275,-8.390375197713551,-25.629133961614635,13.301000203607295,30.427794939079057
PETRONET.BO,PETRONET LNG LTD.,US,BSE,421500026880.0,2026-08-04,283.5,2026-07-03,275.95001220703125,2.735998354406433,2026-05-04,273.4442749023437,3.6774312065035897,2026-02-04,294.8966979980469,-3.864640762482308,2025-08-04,271.9808959960937,4.235262172263643,2024-08-02,338.76129150390625,-16.31275263433367,2021-08-04,174.99984741210938,62.00014125291333,INR,2.973830316681415,2.888709128097844,2.8813027998284038,3.2613054738625635,3.11742735280319,4.045205648650381,2.3580308466611655,2.946686038951296,3.2113083310272517,-8.814726479475542,-4.606267279737974,-26.48506466726638,26.11498788882196
372320.KQ,Curocell,US,KOE,421148917760.0,2026-08-05,27150.0,2026-07-03,31850.0,-14.75667189952904,2026-05-04,56100.0,-51.60427807486632,2026-02-05,49250.0,-44.87309644670051,2025-08-05,36700.0,-26.021798365122617,2024-08-05,25750.0,5.436893203883497,,,,KRW,19.006881504901685,20.65325268486049,38.11840508133173,33.73033482057508,26.52519960538484,18.97330353676807,,-7.971486162882469,-50.137259246950514,-43.65048077344396,-28.344058526733473,0.17697481131075943,
6951.T,JEOL LTD,US,JPX,421022203904.0,2026-08-05,8724.0,2026-07-03,7582.0,15.061988921129,2026-05-01,6211.0,40.46047335372727,2026-02-05,6048.66455078125,44.23018381591688,2025-08-05,4160.67529296875,109.67750150421374,2024-08-05,4212.84912109375,107.08076053136826,2021-08-05,6881.02685546875,26.78340287346115,JPY,55.323032503947616,46.96219581365585,39.56605453370139,38.54690186886046,28.343826702662,28.937583555518813,62.82378894861495,17.803334246693314,39.82448630763733,43.52134626061739,95.18547401629355,91.18055382131836,-11.939357001855422
POONAWALLA.NS,POONAWALLA FINCORP LTD,US,NSI,420984193024.0,2026-08-04,469.6499938964844,2026-07-03,460.9500122070313,1.887402420882367,2026-05-04,437.1000061035156,7.446805613921703,2026-02-04,420.2000122070313,11.768200916921746,2025-08-04,431.1000061035156,8.942237821196453,2024-08-02,362.5,29.558619005926733,2021-08-04,167.61317443847656,180.19873465786085,INR,4.92648814842542,4.8253323027950055,4.605755493841855,4.647053050207377,4.941240251080075,4.328673565760255,2.258499315727846,2.0963498321519003,6.963736025770428,6.013167811922737,-0.29855060480877826,13.810572074407968,118.13104454440632
NLCINDIA.NS,NLC INDIA LIMITED,US,NSI,420566892544.0,2026-08-05,303.29998779296875,2026-07-03,313.5,-3.253592410536288,2026-05-05,316.45001220703125,-4.155482353231621,2026-02-05,259.75,16.766116570921554,2025-08-05,234.75387573242188,29.199139672001586,2024-08-05,255.37803649902344,18.765102884690933,2021-08-05,50.600341796875,499.4030416049485,INR,3.1893682098672684,3.281791163608432,3.3219821017187314,2.8821082790382206,2.6708961293013544,3.049825388519807,0.6820924289340837,-2.8162350720556395,-3.9920110280802223,10.660943347055053,19.411914783130648,4.575436412613354,367.58592744554323
9076.T,SEINO HOLDINGS,US,JPX,419993288704.0,2026-08-05,2584.5,2026-07-03,2646.5,-2.342716795767996,2026-05-01,2391.5,8.07024879782563,2026-02-05,2388.4775390625,8.207004576414834,2025-08-05,2238.84814453125,15.438825376033694,2024-08-05,1936.9478759765625,33.43157201362259,2021-08-05,1130.198974609375,128.67654794088517,JPY,16.389543501427397,16.392172411084175,15.234619130147621,15.221278770092795,15.251736642224614,13.304675622753962,10.318718897946155,-0.016037591545825514,7.580920542964598,7.675207510357418,7.460179033335468,23.18634415556606,58.83312321541758
GLAND.BO,Gland Pharma Limited,US,BSE,419955605504.0,2026-08-04,2580.800048828125,2026-07-03,2460.5,4.889252136887823,2026-05-04,1817.300048828125,42.01287511615588,2026-02-04,1885.800048828125,36.854384452470846,2025-08-04,1962.7662353515625,31.48789714970121,2024-08-02,2086.649658203125,23.68152165277841,2021-08-04,3864.047607421875,-33.20993137167747,INR,27.07182161022206,25.757088223472238,19.14902669177036,20.855337016673502,22.49709902173197,24.91703507990769,52.06600797663077,5.104355645106318,41.37440009865705,29.807643907065984,20.33472219716397,8.647844831474028,-48.00480647109927
6770.T,ALPS ALPINE CO LTD,US,JPX,419691528192.0,2026-08-05,2158.0,2026-07-03,2126.0,1.5051740357478804,2026-05-01,2012.5,7.229813664596274,2026-02-05,2080.680419921875,3.7160718838805673,2025-08-05,1577.888671875,36.76503535801772,2024-08-05,1223.889404296875,76.3231213885516,2021-08-05,1000.8865356445312,115.60885506470856,JPY,13.684904188849032,13.168244302272797,12.82026803237386,13.259750692709304,10.74907314860593,8.406757726552541,9.138096071644952,3.923529019635974,6.744290792452889,3.206346076879818,27.312411029818474,62.784567296683136,49.75662415404665
CPPLUS.NS,ADITYA INFOTECH LIMITED,US,NSI,418923118592.0,2026-08-05,3554.699951171875,2026-07-03,3586.771484375,-0.8941615974933925,2026-05-05,2459.483642578125,44.530335133503975,2026-02-05,1475.630126953125,140.89369593663724,2025-08-05,1082.15869140625,228.48231774145736,,,,,,,INR,37.37964878397247,37.5471609674787,25.818803365282292,16.37315035876736,12.312186331957491,,,-0.44613808125552046,44.77684443825027,128.2984518245551,203.59879046786284,,
COST,Costco Wholesale Corporation,US,NMS,417752612864.0,2026-08-05,941.989990234375,2026-07-02,950.1593017578124,-0.8597833550988865,2026-05-05,1014.8065185546876,-7.1754099908640345,2026-02-05,986.2884521484376,-4.491430657792551,2025-08-05,938.1563110351562,0.408639706851055,2024-08-05,793.1087036132812,18.77186392518624,2021-08-05,419.9990234375,124.28385250151716,USD,941.989990234375,950.1593017578124,1014.8065185546876,986.2884521484376,938.1563110351562,793.1087036132812,419.9990234375,-0.8597833550988754,-7.175409990864045,-4.491430657792561,0.408639706851055,18.77186392518624,124.28385250151717
0998.HK,CITIC BANK,US,HKG,417338720256.0,2026-08-05,7.5,2026-07-03,6.699999809265137,11.940301694166887,2026-05-05,7.85301399230957,-4.495267583316109,2026-02-05,7.093986988067627,5.723340240337382,2025-08-05,7.180510997772217,4.449390890521654,2024-08-05,4.034306049346924,85.90557851242112,2021-08-05,2.387896776199341,214.08392836549916,HKD,0.9563643112778664,0.8542856017937055,1.002548697958872,0.9080651557455326,0.9148033847206989,0.5168893788490863,0.3071032768587223,11.949014389313216,-4.606697587362518,5.318908585659754,4.543153999135741,85.02301467430453,211.41455768895153
5880.TW,TAIWAN COOPERATIVE FINANCIAL HL,US,TAI,417112915968.0,2026-08-05,26.600000381469727,2026-07-03,24.700000762939453,7.692305910294084,2026-05-05,22.899999618530277,16.157208840935876,2026-02-05,23.75,12.000001606188327,2025-08-05,24.588563919067383,8.180373888539961,2024-08-05,22.84173583984375,16.453497965204058,2021-08-05,16.39183807373047,62.27588548534311,TWD,0.8211118353939497,0.7735453662047149,0.7247294361117796,0.7502266624942422,0.8227975272379169,0.7009053467526201,0.5914491946830935,6.1491505563031845,13.299087146131106,9.448500892255552,-0.20487322678592879,17.150174299320287,38.830493434674906
6488.TWO,GLOBALWAFERS CO LTD,US,TWO,416915161088.0,2026-08-05,872.0,2026-07-03,1250.16650390625,-30.249291012408108,2026-05-05,663.4349975585938,31.4371420273146,2026-02-05,462.2129821777344,88.65761751033867,2025-08-05,348.9462585449219,149.89521413302168,2024-08-05,435.37017822265625,100.2893270181779,2021-08-05,777.4364624023438,12.163506880735577,TWD,26.917650759220123,39.15224600041438,20.996108283268086,14.600610651819466,11.676652594055781,13.359461289304022,28.051409947859156,-31.24876984340762,28.203047898504828,84.35976002048764,130.52540565369785,101.48754636364856,-4.041719082022688
003000.KS,BukwangPharm,US,KSC,416858243072.0,2026-08-05,4260.0,2026-07-03,4160.0,2.4038461538461453,2026-05-04,6290.0,-32.273449920508746,2026-02-05,4025.0,5.838509316770191,2025-08-05,3190.695556640625,33.51320815092773,2024-08-05,4524.986328125,-5.856069143855325,2021-08-05,20355.7578125,-79.07226034402889,KRW,2.9822952195536345,2.6975676976144314,4.273881781846285,2.7566415767068975,2.3060990877358876,3.3341335574074265,17.792560721982227,10.554972251150518,-30.220455974678238,8.185817291354368,29.322076202789347,-10.552616798211778,-83.23852723532319
6507.T,SINFONIA TECHNOLOGY CO LTD,US,JPX,416746700800.0,2026-08-05,14820.0,2026-07-03,15690.0,-5.544933078393877,2026-05-01,14370.0,3.131524008350728,2026-02-05,10594.9912109375,39.87741664854716,2025-08-05,9608.4931640625,54.23854445179268,2024-08-05,2254.525146484375,557.3446307800014,2021-08-05,1099.2811279296875,1248.1537728125102,JPY,93.98066732101142,97.1823862195015,91.54149149078876,67.5197116786212,65.45607285820597,15.486077931856244,10.036438895942297,-3.2945464945247305,2.6645576672389204,39.18997132028419,43.578224627983374,506.87197710457605,836.3945548356552
348340.KQ,NEUROMEKA,US,KOE,416197476352.0,2026-08-05,21500.0,2026-07-03,23800.0,-9.663865546218489,2026-05-04,40358.71875,-46.7277439276984,2026-02-05,58508.203125,-63.25301607012905,2025-08-05,13015.08984375,65.19286657344554,2024-08-05,10955.3623046875,96.25092627745173,,,,KRW,15.051489957841113,15.43319980846718,27.42263796570478,40.071092003177,9.406753569141301,8.072210266489435,,-2.4733033678255634,-45.11290278978717,-62.43803399056913,60.00727399957915,86.46057846541866,
357120.KS,KLI REIT,US,KSC,416108642304.0,2026-08-05,4240.0,2026-07-03,4175.0,1.556886227544907,2026-05-04,4585.0,-7.524536532170122,2026-02-05,4540.0,-6.607929515418498,2025-08-05,4290.82861328125,-1.1845873574144128,2024-08-05,4080.04150390625,3.920511493341561,2021-08-05,4211.89306640625,0.6673230576039302,KRW,2.9682938335463405,2.7072945042164065,3.115381235256791,3.1093547225464135,3.1012284860975967,3.006286054222329,3.681531477669182,9.640596134755452,-4.721329128065022,-4.536661191378988,-4.286515912877265,-1.2637593359630106,-19.373395241873638
1216.TW,UNI-PRESIDENT ENTERPRISES CORP,US,TAI,415923503104.0,2026-08-05,73.19999694824219,2026-07-03,73.37289428710938,-0.2356419772547524,2026-05-05,66.44910430908203,10.159493810118182,2026-02-05,70.48798370361328,3.847483077445269,2025-08-05,76.7386245727539,-4.611273194187682,2024-08-05,71.5453109741211,2.312780462607278,2021-08-05,59.60520553588867,22.80806062176568,TWD,2.2596008640238097,2.2978648027404915,2.102952956256189,2.22660904252254,2.5678746733613877,2.1953887983139992,2.150671001906659,-1.665195387955254,7.448949692459839,1.4817069755493684,-12.0050177111659,2.9248607699521756,5.0649244826651785
ORCL,Oracle Corporation,US,NYQ,415911215104.0,2026-08-05,144.38999938964844,2026-07-02,139.78370666503906,3.29530017088997,2026-05-05,184.70741271972656,-21.827718084739463,2026-02-05,135.53347778320312,6.534563822387884,2025-08-05,252.78878784179688,-42.88116944489951,2024-08-05,125.11000061035156,15.410437762959829,2021-08-05,83.60076141357422,72.71373722943618,USD,144.38999938964844,139.78370666503906,184.70741271972656,135.53347778320312,252.78878784179688,125.11000061035156,83.60076141357422,3.29530017088997,-21.827718084739466,6.534563822387884,-42.881169444899506,15.410437762959827,72.71373722943618
389470.KQ,IVTG,US,KOE,415579963392.0,2026-08-05,32100.0,2026-07-03,38100.0,-15.748031496062998,2026-05-04,63300.0,-49.28909952606635,2026-02-05,74000.0,-56.62162162162162,2025-08-05,30800.0,4.220779220779214,2024-08-05,12690.0,152.95508274231676,,,,KRW,22.472224541706964,24.706088769016787,43.01060680299997,50.68111221771687,22.26093045901507,9.350338713848032,,-9.04175585295901,-47.75190072384764,-55.65956712794629,0.9491700406724313,140.33594107585822,
3269.T,ADVANCE RESIDENCE INV CORP,US,JPX,415295176704.0,2026-08-05,145700.0,2026-07-03,148089.4375,-1.6135097413682908,2026-05-01,157687.828125,-7.602253304863316,2026-02-05,167971.8125,-13.25925592426408,2025-08-05,152140.796875,-4.233444945271192,2024-08-05,140444.015625,3.742405364593116,2021-08-05,157026.3125,-7.213002916310607,JPY,923.9529843907803,917.2520656567067,1004.5218494436776,1070.4500007916358,1036.430886187467,964.6940396398277,1433.6505470893462,0.7305427793478092,-8.020618476095642,-13.685554326920057,-10.852426659189884,-4.22321001011452,-35.552426896036415
002810.KS,SamyungTrdg,US,KSC,414914150400.0,2026-08-05,23350.0,2026-07-03,19790.0,17.988883274380996,2026-05-04,20750.0,12.53012048192772,2026-02-05,16744.228515625,39.45103519228,2025-08-05,15287.3857421875,52.740307556724254,2024-08-05,11226.236328125,107.99490868993584,2021-08-05,13017.052734375,79.3800830071011,KRW,16.346618163515814,12.8329001768725,14.09905357286334,11.467785464857911,11.049072432044625,8.271797647728476,11.377945411366,27.380544835654153,15.941244417840883,42.54380859851874,47.945615019295175,97.61869015261475,43.669331962046144
236200.KQ,Suprema,US,KOE,413815046144.0,2026-08-05,57300.0,2026-07-03,45900.0,24.836601307189543,2026-05-04,54124.55859375,5.866914186006289,2026-02-05,45916.328125,24.79220865398848,2025-08-05,33330.37890625,71.91523733099625,2024-08-05,24027.720703125,138.47455490252835,2021-08-05,27808.48046875,106.05225109078263,KRW,40.11397091089748,29.764028202043846,36.77614704678854,31.447169977413978,24.089780746904353,17.704281095032115,24.30683651691197,34.773326508751666,9.076056444581827,27.559875625400252,66.51862186853779,126.57780169426704,65.03163989681411
EMBASSY.BO,Embassy Office Parks REIT,US,BSE,413812490240.0,2026-08-04,440.6700134277344,2026-07-03,440.7163391113281,-0.0105114513537563,2026-05-04,414.0612182617188,6.426294951679545,2026-02-04,419.6145629882813,5.017807363382931,2025-08-04,361.6817932128906,21.83914747634261,2024-08-02,326.7436218261719,34.86721208659782,2021-08-04,264.90313720703125,66.35137585529425,INR,4.62249680981941,4.6135214907604905,4.362994061235782,4.640578482147647,4.145573206689363,3.901700630564733,3.5694303632191122,0.19454377912608845,5.947813472616215,-0.3896426361023164,11.504406733439776,18.473897602706344,29.502367028967136
4967.T,KOBAYASHI PHARMACEUTICALS,US,JPX,411762425856.0,2026-08-05,5506.0,2026-07-03,5579.0,-1.308478221903564,2026-05-01,5760.16943359375,-4.412533980535615,2026-02-05,5356.45166015625,2.791929234723778,2025-08-05,5198.34228515625,5.918381244772197,2024-08-05,5262.13671875,4.634301506858773,2021-08-05,8089.7060546875,-31.93819450572493,JPY,34.916164255701005,34.55580195784569,36.69411977667528,34.13557071579862,35.412740119514865,36.14502124392675,73.85903245416102,1.042841657371807,-4.845341792622682,2.2867452441365232,-1.4022520204253097,-3.399796004912359,-52.725938730146574
0R1Z.L,ORACLE CORP ORACLE ORD,US,LSE,409557073920.0,2026-08-05,145.35000610351562,,,,,,,,,,,,,,,,,,,GBP,195.51007452834165,,,,,,,,,,,,
5463.T,MARUICHI STEEL TUBE,US,JPX,408725946368.0,2026-08-05,1831.0,2026-07-03,1935.0,-5.374677002583983,2026-05-01,1458.5,25.53993829276655,2026-02-05,1549.8670654296875,18.139164373582627,2025-08-05,1202.460205078125,52.27115144995906,2024-08-05,942.46728515625,94.27730053212846,2021-08-05,738.7832641601562,147.83994018617466,JPY,11.611241691280156,11.985208243131638,9.291111018741503,9.876985767574183,8.191536534268494,6.4737010580315655,6.745092678933418,-3.1202340774161397,24.97150951978313,17.558554446838205,41.74680956015591,79.36017723392905,72.14354559641438
7164.T,ZENKOKU HOSHO CO LTD,US,JPX,408549752832.0,2026-08-05,3038.0,2026-07-03,3082.0,-1.4276443867618394,2026-05-01,3103.0,-2.094747019013854,2026-02-05,3042.17431640625,-0.1372148986906518,2025-08-05,3113.833740234375,-2.435381801363201,2024-08-05,2430.360107421875,25.00205178329351,2021-08-05,2156.869140625,40.85230961761886,JPY,19.26540265325457,19.089618504047394,19.767101468052715,19.387154612059476,21.21241329821021,16.693868367225377,19.69221956643196,0.9208363654302776,-2.538049473813775,-0.62800323843899,-9.178638081315892,15.404064710836085,-2.1674393368280143
365340.KQ,SungEel HiTech,US,KOE,408307236864.0,2026-08-05,31550.0,2026-07-03,38250.0,-17.51633986928105,2026-05-04,79800.0,-60.46365914786968,2026-02-05,62800.0,-49.761146496815286,2025-08-05,38350.0,-17.731421121251635,2024-08-05,52400.0,-39.79007633587786,,,,KRW,22.087186426506378,24.80335683503654,54.221902415156364,43.01045739557594,27.717749451403506,38.609751663170755,,-10.95081777275152,-59.26519461196098,-48.64693899121782,-20.31392568422261,-42.79376200294237,
IRCTC.NS,INDIAN RAIL TOUR CORP LTD,US,NSI,408199987200.0,2026-08-05,510.25,2026-07-03,509.9500122070313,0.0588269018114928,2026-05-05,569.0999755859375,-10.340885276852518,2026-02-05,618.2908935546875,-17.47412014004236,2025-08-05,716.084716796875,-28.744464442363203,2024-08-05,900.4005737304688,-43.33077800184285,2021-08-05,472.467529296875,7.996839647235188,INR,5.365562791237608,5.3382757382553345,5.9742134936250295,6.860370753293182,8.147204779377716,10.75293931790992,6.3688606283385525,0.5111585523154494,-10.187963704961355,-21.789025926011686,-34.142286384908694,-50.10143150067987,-15.753176206066167
078130.KQ,KUK-IL PAPER,US,KOE,408120918016.0,2026-08-05,3670.0,2026-07-03,3995.0,-8.1351689612015,2026-05-04,4360.0,-15.825688073394495,2026-02-05,3540.0,3.672316384180796,2025-08-05,5810.0,-36.83304647160068,2024-08-05,9051.0703125,-59.45230924864722,2021-08-05,60755.3125,-93.95937598049554,KRW,2.56925433233846,2.590572824992705,2.9624999314546585,2.4244748277124017,4.19922097295057,6.669075897929815,53.105003350719926,-0.8229258196709943,-13.274113357467854,5.971582091560168,-38.81592921905273,-61.47510732130075,-95.1619354670399
8299.TWO,PHISON ELECTRONICS CORP,US,TWO,407903666176.0,2026-08-05,1845.0,2026-07-03,2295.0,-19.6078431372549,2026-05-05,2099.6669921875,-12.128922973741652,2026-02-05,2005.355712890625,-7.996372506874594,2025-08-05,522.2574462890625,253.2740438857845,2024-08-05,416.4382629394531,343.0428623385764,2021-08-05,419.7431335449219,339.5545400393176,TWD,56.95305693894625,71.87394982203841,66.44936683925698,63.34616099350296,17.476097294767442,12.77852993017683,15.145143405653698,-20.759806466788934,-14.291046479468484,-10.092330702112184,225.89116424751592,345.69334070619595,276.04831736149566
004690.KS,Samchully,US,KSC,407801364480.0,2026-08-05,119800.0,2026-07-03,118300.0,1.267962806424339,2026-05-04,148500.0,-19.326599326599325,2026-02-05,141960.78125,-15.610495416317672,2025-08-05,134019.609375,-10.610096120495427,2024-08-05,80476.1171875,48.86404089412009,2021-08-05,78885.9140625,51.86488161255818,KRW,83.86830218369141,76.71208140091039,100.90166050940752,97.22608493305415,96.8636754688714,59.297001897435166,68.95259950500076,9.32867503018382,-16.88114768351905,-13.738887828878799,-13.416147200976546,41.43767728553416,21.631820679376833
278280.KQ,Chunbo,US,KOE,407737532416.0,2026-08-05,34000.0,2026-07-03,37200.0,-8.602150537634412,2026-05-04,65600.0,-48.170731707317074,2026-02-05,53600.0,-36.56716417910447,2025-08-05,46500.0,-26.881720430107524,2024-08-05,50400.0,-32.53968253968254,2021-08-05,226832.96875,-85.01099721642646,KRW,23.8023562123999,24.12248037289828,44.57339346408844,36.70956236310303,33.60822293325327,37.13609701953828,198.27016058097797,-1.3270781260870779,-46.599631837372215,-35.16033785157905,-29.17698665689066,-35.905067783841545,-87.99498818044358
014830.KS,UNID,US,KSC,407630249984.0,2026-08-05,61700.0,2026-07-03,64500.0,-4.341085271317835,2026-05-04,90500.0,-31.823204419889507,2026-02-05,79266.6640625,-22.161477678244516,2025-08-05,78973.8046875,-21.872828282558487,2024-08-05,74786.890625,-17.498909923426165,2021-08-05,133394.625,-53.74626226506503,KRW,43.19427583250217,41.82526838849299,61.49225775152445,54.28814454696794,57.078908254294674,55.1050243261825,116.59757338245981,3.273158778787,-29.756562188625534,-20.43515910710081,-24.325329349213355,-21.614632493721775,-62.954395550911144
368770.KQ,FIBERPRO,US,KOE,407286579200.0,2026-08-05,13200.0,2026-07-03,13620.0,-3.083700440528636,2026-05-04,23850.0,-44.65408805031446,2026-02-05,15050.0,-12.292358803986714,2025-08-05,6146.68017578125,114.75007032267244,2024-08-05,2852.4765625,362.7557741764969,2021-08-05,2300.947998046875,473.6765894407271,KRW,9.240914764814079,8.831940394593403,16.205418203026056,10.307442417251877,4.442559089184186,2.1017826660904575,2.0112126185856027,4.6306287401014945,-42.976388211391466,-10.347160908245478,108.0088205762288,339.67032909274,359.46980838419796
072710.KS,NongshimHoldings,US,KSC,407197974528.0,2026-08-05,88300.0,2026-07-03,90300.0,-2.2148394241417457,2026-05-04,97200.0,-9.156378600823045,2026-02-05,87965.453125,0.3803162072326227,2025-08-05,78568.265625,12.386342370657369,2024-08-05,61323.93359375,43.98945864261934,2021-08-05,67158.0859375,31.48081689251165,KRW,61.81611922220327,58.55537574389018,66.04472324252129,60.245770285276194,56.7858018624529,45.185149753119504,58.70153953596855,5.568649226289568,-6.402637202052097,2.6065712654866013,8.858406846019108,36.80627276871113,5.305788759298724
9449.T,GMO INTERNET GROUP INC,US,JPX,406995402752.0,2026-08-05,4184.0,2026-07-03,3609.0,15.932391244111944,2026-05-01,3045.0,37.4055829228243,2026-02-05,3615.036376953125,15.738807683213874,2025-08-05,3819.762939453125,9.53559334231937,2024-08-05,1833.87744140625,128.15046990226534,2021-08-05,2649.35888671875,57.92499917525005,JPY,26.532733608037233,22.353807002305984,19.39762293593958,23.0378873394086,26.021424691341167,12.596696479245566,24.188651932970515,18.694473855393667,36.78342802961616,15.169994614264626,1.9649535825231323,110.63247536171734,9.690832219846035
ENDURANCE.NS,ENDURANCE TECHNO. LTD.,US,NSI,406993862656.0,2026-08-05,2893.39990234375,2026-07-03,2629.970458984375,10.016441152768852,2026-05-05,2338.172119140625,23.746232309330352,2026-02-05,2440.450927734375,18.56005254856225,2025-08-05,2580.075927734375,12.143982711567403,2024-08-05,2406.53662109375,20.230869415514015,2021-08-05,1710.9368896484375,69.11201809075989,INR,30.425710644166884,27.531144538584158,24.54531720934574,27.078513275879686,29.35463700946093,28.73981093296743,23.06342323729723,10.513787763258687,23.957292483399485,12.361082509166899,3.6487374528281435,5.8660779471779945,31.921919530851195
332570.KQ,PS Electronics,US,KOE,406857711616.0,2026-08-05,9400.0,2026-07-03,5160.0,82.1705426356589,2026-05-04,10470.0,-10.219675262655205,2026-02-05,6650.0,41.35338345864661,2025-08-05,2980.0,215.43624161073828,2024-08-05,2855.0,229.24693520140104,2021-08-05,9310.0,0.9667024704618664,KRW,6.580651423428208,3.346021471079439,7.114076670259237,4.554451300646178,2.1538172976579517,2.103642003785353,8.137684769462794,96.67092636154737,-7.4981655604168695,44.48834753144808,205.53433806033453,212.8218305009501,-19.133615888851562
ASSA-B.ST,ASSA ABLOY AB ser. B,US,STO,406544121856.0,2026-08-04,364.2999877929688,2026-07-03,342.8999938964844,6.2408848869634825,2026-05-04,350.20001220703125,4.02626359064826,2026-02-04,377.2272033691406,-3.426904385663243,2025-08-04,315.7095947265625,15.390850920603349,2024-08-02,291.1087646484375,25.142225873179,2021-08-04,253.7121124267578,43.58793685821196,SEK,38.08099942084255,35.409287653907995,38.017779724784305,42.3934162930459,32.72483665209893,27.135672013567273,29.49691600782353,7.5452287915193095,0.16628981628044048,-10.172374036557052,16.367271212643587,40.33556788939239,29.101630186498983
HUDCO.NS,HSG & URBAN DEV CORPN LTD,US,NSI,406065381376.0,2026-08-05,202.83999633789065,2026-07-03,214.1929931640625,-5.300358643140102,2026-05-05,218.5849609375,-7.203132608977314,2026-02-05,191.0045166015625,6.19643972137951,2025-08-05,211.46026611328125,-4.07654351989355,2024-08-05,273.32989501953125,-25.789311731380003,2021-08-05,34.10307693481445,494.78502988338704,INR,2.132975476580811,2.2422222401041836,2.2946288510938757,2.119328964893384,2.405874682583544,3.2642135741191964,0.4597093567860071,-4.872254033047884,-7.044859321628538,0.643907194847082,-11.343034946013109,-34.655762310026994,363.9834811049327
6030.HK,CITIC SEC,US,HKG,404304527360.0,2026-08-05,27.280000686645508,2026-07-03,28.059999465942383,-2.779753364726867,2026-05-05,27.10673713684082,0.6391899878248619,2026-02-05,28.835283279418945,-5.393678909627752,2025-08-05,26.873262405395508,1.5135426250604267,2024-08-05,10.918411254882812,149.8532071178913,2021-08-05,14.700347900390623,85.57384404433455,HKD,3.478615875779127,3.5777991361947272,3.4605597352897064,3.6910577995329277,3.423677147012313,1.398904977094844,1.8905863336181026,-2.772186381628161,0.5217693630683362,-5.755583772778728,1.6046702538747404,148.6670597886708,83.9966688599689
004710.KS,HansolTechnics,US,KSC,404241809408.0,2026-08-05,7730.0,2026-07-03,10040.0,-23.00796812749004,2026-05-04,8260.0,-6.416464891041162,2026-02-05,5544.81689453125,39.40947279294209,2025-08-05,5731.27978515625,34.87389012172015,2024-08-05,4270.86474609375,80.99379070878024,2021-08-05,7649.771484375,1.0487700944906695,KRW,5.411535691819154,6.510475885588676,5.612442530691624,3.7975336116004144,4.142325348653316,3.1468898327036356,6.686512233970916,-16.87956783930482,-3.5796685270951367,42.50132441983949,30.640044813922284,71.96457389707408,-19.067886179497684
EQT.ST,EQT AB,US,STO,403647660032.0,2026-08-04,339.79998779296875,2026-07-03,279.6000061035156,21.53075120719612,2026-05-04,305.9638366699219,11.058872673096264,2026-02-04,293.2690734863281,15.866287485921982,2025-08-04,321.51287841796875,5.68783106449211,2024-08-02,304.6818542480469,11.52616509821145,2021-08-04,430.0930786132813,-20.993848845798247,SEK,35.519965885093825,28.87266614283635,33.2154921210863,32.9580629581892,33.326375262325655,28.400886092678093,50.00320754912537,23.022812335281163,6.937948580158371,7.77322056261216,6.582145839448517,25.06640028478222,-28.964625218897343
3MINDIA.NS,3M INDIA LIMITED,US,NSI,403345833984.0,2026-08-04,35725.0,2026-07-03,34732.0,2.859034895773349,2026-05-04,32607.763671875,9.559797965579886,2026-02-04,35254.43359375,1.3347722776446025,2025-08-04,30123.73828125,18.59417867216171,2024-08-02,38194.51171875,-6.465619293511471,2021-08-04,22327.580078125,60.00390492385179,INR,374.7445787070319,363.5826816409826,343.59044744114726,389.88390862885353,345.27633031991354,456.0870985767542,300.85239121113045,3.0699748997041088,9.067228585049936,-3.883035330969087,8.534685351820892,-17.834865341193883,24.560944055799716
003280.KS,HeungaShipping,US,KSC,403192545280.0,2026-08-05,1684.0,2026-07-03,1639.0,2.745576571079922,2026-05-04,2880.0,-41.52777777777777,2026-02-05,1689.0,-0.2960331557134377,2025-08-05,1725.0,-2.376811594202899,2024-08-05,2695.0,-37.5139146567718,2021-08-05,1152.8150634765625,46.077202957561525,KRW,1.1789167018141598,1.0628157347091474,1.9568806886672974,1.156762142374646,1.246756657201331,1.9857496322947554,1.00765258690231,10.923903675248535,-39.75531014018835,1.915221688880142,-5.441314870494118,-40.631150944654095,16.99634548037472
8056.T,BIPROGY INC,US,JPX,402791399424.0,2026-08-05,4736.0,2026-07-03,4477.0,5.785123966942152,2026-05-01,4393.0,7.807876166628724,2026-02-05,4614.23828125,2.6388259844486006,2025-08-05,6225.21044921875,-23.922250683198065,2024-08-05,3686.69482421875,28.46194832531628,2021-08-05,2742.91748046875,72.66286841376805,JPY,30.03322809934616,27.730117470026016,27.98481364781037,29.40559667900743,42.40808852794612,25.323489271277595,25.042842080972605,8.305448513911351,7.3197359014612,2.1343944392286263,-29.180424909849833,18.59830127521347,19.927394830977363
6753.T,SHARP CORP,US,JPX,402635063296.0,2026-08-05,621.5999755859375,2026-07-03,639.0999755859375,-2.738225734394017,2026-05-01,582.4000244140625,6.730760564667393,2026-02-05,720.0,-13.66667005750868,2025-08-05,732.2000122070312,-15.105167273586629,2024-08-05,764.2000122070312,-18.66004113363736,2021-08-05,1622.56298828125,-61.6902406824658,JPY,3.9418610332180037,3.9585252173528716,3.7100742435027882,4.588412716984749,4.987976421220566,5.249203346885622,14.814003327221599,-0.42096950808391265,6.247497341087671,-14.090966171666075,-20.972741241358474,-24.9055376077833,-73.39098050575834
7389.T,AICHI FINANCIAL GROUP INC,US,JPX,402403950592.0,2026-08-05,1629.0,2026-07-03,1483.0,9.844908968307475,2026-05-01,1478.0,10.21650879566982,2026-02-05,1165.793212890625,39.73318612490784,2025-08-05,537.9055786132812,202.8412540727978,2024-08-05,405.5729370117188,301.6540186341208,,,,JPY,10.330263634677976,9.185562700033188,9.415332249365747,7.429361671391462,3.664381723893513,2.7858345778086577,,12.461957661457724,9.71746255023409,39.04644963587025,181.91013963746573,270.8139642233811,
8283.T,PALTAC CORP,US,JPX,401983012864.0,2026-08-05,6630.0,2026-07-03,6642.0,-0.1806684733513974,2026-05-01,4645.0,42.73412271259418,2026-02-05,4901.685546875,35.25959461489452,2025-08-05,4277.20703125,55.00769430986379,2024-08-05,3756.239990234375,76.50629398645835,2021-08-05,4591.6318359375,44.39310983316924,JPY,42.04398274887353,41.139924108982086,29.59013416664675,31.237439302696657,29.13767749913859,25.801187141439414,41.92160784279167,2.1975214088789885,42.08784087320714,34.59484415946979,44.29421408112055,62.95367541963402,0.2919136750211715
CAT,"Caterpillar, Inc.",US,NYQ,401212473344.0,2026-08-05,871.0800170898438,2026-07-02,961.7459106445312,-9.427219034799547,2026-05-05,902.9150390625,-3.525804820541112,2026-02-05,675.7674560546875,28.902333085917387,2025-08-05,430.3561401367188,102.40910628418418,2024-08-05,309.08111572265625,181.82893511730387,2021-08-05,190.1167449951172,358.18163839919305,USD,871.0800170898438,961.7459106445312,902.9150390625,675.7674560546875,430.3561401367188,309.08111572265625,190.1167449951172,-9.427219034799549,-3.525804820541112,28.902333085917387,102.40910628418418,181.82893511730387,358.18163839919305
6592.T,MABUCHI MOTOR CO,US,JPX,399588163584.0,2026-08-05,1653.5,2026-07-03,1624.0,1.8165024630541813,2026-05-01,1474.38818359375,12.148212960420878,2026-02-05,1473.8968505859375,12.185598289504629,2025-08-05,1076.098876953125,53.656883713300886,2024-08-05,895.2553100585938,84.69591650808302,2021-08-05,856.2422485351562,93.11123724959587,JPY,10.485629785107449,10.058903455734253,9.392323824813275,9.39284312882262,7.330723484919076,6.149407347305271,7.817493441129102,4.242274828971859,11.640420205762126,11.63424791937102,43.03676583462348,70.51447713416404,34.130330445061176
9533.T,TOHO GAS CO,US,JPX,399414919168.0,2026-08-05,1114.0,2026-07-03,1237.5,-9.979797979797976,2026-05-01,1232.0,-9.577922077922077,2026-02-05,1304.0675048828125,-14.574974391367302,2025-08-05,1083.772705078125,2.789080660570442,2024-08-05,1009.6087036132812,10.339777778570404,2021-08-05,1227.7457275390625,-9.264599744692948,JPY,7.064403737895191,7.664958760142326,7.84823364764452,8.310555448903983,7.383000011974332,6.934887858410491,11.209320947232868,-7.835071799342397,-9.987341673811901,-14.994806528523174,-4.315268502809378,1.8675987576010522,-36.97741574935359
4966.T,C. UYEMURA & CO.LTD,US,JPX,399192424448.0,2026-08-05,25500.0,2026-07-03,26630.0,-4.243334585054448,2026-05-01,22600.0,12.831858407079654,2026-02-05,18175.970703125,40.29512050003348,2025-08-05,9749.109375,161.56235425351352,2024-08-05,7743.33349609375,229.3155333276539,2021-08-05,4162.54248046875,512.6063606473612,JPY,161.7076259572059,164.94371861219406,143.96922113373876,115.83174321911247,66.4139946458381,53.188080940170494,38.004021169424504,-1.9619374912946408,12.320970193336823,39.60562231314482,143.4842638506152,204.02981852100552,325.5013574387361
403550.KS,SOCAR,US,KSC,397990002688.0,2026-08-05,10600.0,2026-07-03,10860.0,-2.3941068139963217,2026-05-04,16460.0,-35.60145808019441,2026-02-05,11903.83203125,-10.953044597967898,2025-08-05,12905.73828125,-17.86599287078271,2024-08-05,18173.18359375,-41.672300038582776,,,,KRW,7.420734583865851,7.042207979829982,11.184116713702679,8.152695229684241,9.327718909128407,13.390498196257568,,5.375112537431881,-33.64934599820445,-8.978143119508452,-20.444273072983787,-44.58208742420182,
9006.T,KEIKYU CORPORATION,US,JPX,397648658432.0,2026-08-05,1516.5,2026-07-03,1502.0,0.9653794940079896,2026-05-01,1536.5,-1.3016596160104088,2026-02-05,1552.7716064453125,-2.335926693581636,2025-08-05,1539.1075439453125,-1.468873571197038,2024-08-05,1018.60400390625,48.8802315899374,2021-08-05,1180.7421875,28.436166341350443,JPY,9.61684763780795,9.303246915340424,9.787995941238478,9.895495813314596,10.484883926430768,6.996675557507388,10.780178532695572,3.370873903716576,-1.7485530690654505,-2.8159091849821127,-8.278930837132425,37.44881492309779,-10.791388021629844
4401.T,ADEKA CORPORATION,US,JPX,397504512000.0,2026-08-05,4081.0,2026-07-03,4280.0,-4.6495327102803685,2026-05-01,3864.0,5.615942028985499,2026-02-05,4779.7080078125,-14.618215310861082,2025-08-05,2918.153076171875,39.84872943518043,2024-08-05,2320.549072265625,75.86355094898258,2021-08-05,1928.0655517578125,111.6629279683651,JPY,25.879561628680676,26.509917974472046,24.614914622157812,30.460101397945436,19.87937516360205,15.93958880158857,17.60324234259599,-2.3778132636938953,5.1377265610519585,-15.037834935026584,30.182973135215097,62.36028388700634,47.01587994421803
8424.T,FUYO GENERAL LEASE CO LTD,US,JPX,397427736576.0,2026-08-05,4365.0,2026-07-03,4189.0,4.201480066841734,2026-05-01,4295.0,1.6298020954598424,2026-02-05,4334.802734375,0.6966237560370514,2025-08-05,3996.917236328125,9.209166512790334,2024-08-05,3049.179931640625,43.15324440861686,2021-08-05,2011.1151123046875,117.0437670769536,JPY,27.68054067855701,25.946272522211075,27.360522334929556,27.624811100036823,27.228255394698976,20.944471665473202,18.36148499644139,6.684074388185546,1.1696353589671915,0.2017374103242764,1.6610880032588815,32.16156091532336,50.75327885474257
EXIDEIND.BO,EXIDE INDUSTRIES LTD.,US,BSE,397204979712.0,2026-07-17,435.0499877929688,,,,,,,,,,,,,,,,,,,INR,4.5011908991616005,,,,,,,,,,,,
2531.T,TAKARA HOLDINGS INC,US,JPX,396194086912.0,2026-08-05,2024.0,2026-07-03,2114.0,-4.25733207190161,2026-05-01,1735.0,16.657060518731992,2026-02-05,1599.77978515625,26.51741313272793,2025-08-05,1274.1348876953125,58.85288281063104,2024-08-05,970.5477294921876,108.54203647037562,2021-08-05,1280.74853515625,58.03258363696462,JPY,12.835146468132734,13.093917429447174,11.052504365798086,10.195069320258426,8.679806980775822,6.666582450383999,11.693236686753608,-1.9762684674678344,16.12885227940759,25.895627238436347,47.873639316637174,92.52962914144145,9.765557749059429
2222.T,KOTOBUKI SPIRITS,US,JPX,395734679552.0,2026-08-05,2540.0,2026-07-03,2545.0,-0.1964636542239661,2026-05-01,1972.0,28.803245436105485,2026-02-05,1990.404541015625,27.61224905083557,2025-08-05,1871.0687255859373,35.751293646607365,2024-08-05,1393.2529296875,82.30717092909397,2021-08-05,1237.4444580078125,105.26173789563038,JPY,16.107347840443254,15.763490945100784,12.562270091846585,12.684440983250397,12.746307743937846,9.570096603966704,11.297870375804564,2.1813499087227184,28.220040826041192,26.985082446382535,26.368734884060217,68.30914573805795,42.569770272268585
GE,GE Aerospace,US,NYQ,395539578880.0,2026-08-05,381.2200012207031,2026-07-02,377.0499877929688,1.1059577145574817,2026-05-05,286.3230895996094,33.143296879688044,2026-02-05,305.5434875488281,24.767837232918065,2025-08-05,270.7450256347656,40.804064756841726,2024-08-05,156.55062866210938,143.51227745211315,2021-08-05,62.66598892211914,508.3363683839423,USD,381.2200012207031,377.0499877929688,286.3230895996094,305.5434875488281,270.7450256347656,156.55062866210938,62.66598892211914,1.1059577145574595,33.143296879688044,24.767837232918065,40.804064756841726,143.51227745211315,508.3363683839423
3993.HK,CMOC,US,HKG,395152916480.0,2026-08-05,18.46999931335449,2026-07-03,16.200000762939453,14.01233607104566,2026-05-05,17.9212589263916,3.0619522278917177,2026-02-05,21.32079696655273,-13.370971346289108,2025-08-05,9.25538730621338,99.55944254169792,2024-08-05,5.6603312492370605,226.3059792807004,2021-08-05,4.834601879119873,282.03764808689704,HKD,2.3552064230158574,2.0655862380306758,2.2879030675397587,2.7291666661662926,1.1791444421228336,0.7252214055430528,0.621769790965665,14.021210039688526,2.9417048489065456,-13.702360056879325,99.73858493330465,224.75688183145337,278.79074494082573
CONCOR.BO,CONTAINER CORPORATION OF INDIA,US,BSE,394860822528.0,2026-07-17,487.0499877929688,,,,,,,,,,,,,,,,,,,INR,5.039202468691372,,,,,,,,,,,,
104830.KQ,WIMCO,US,KOE,394000007168.0,2026-08-05,32350.0,2026-07-03,36550.0,-11.491108071135436,2026-05-04,53900.0,-39.98144712430427,2026-02-05,42100.0,-23.15914489311164,2025-08-05,22184.521484375,45.82239253068743,2024-08-05,25977.125,24.532641699187277,2021-08-05,32493.51953125,-0.4416866295815502,KRW,22.64724186679814,23.700985420146026,36.623565666377544,28.833443572511896,16.03402889708434,19.140655442235584,28.40193544529484,-4.445990471148065,-38.16210558768842,-21.454952788266034,41.24486123956257,18.320095856409168,-20.261624738852223
170920.KQ,LTC,US,KOE,393272328192.0,2026-08-05,38550.0,2026-07-03,54100.0,-28.74306839186691,2026-05-04,47850.0,-19.43573667711599,2026-02-05,26000.0,48.26923076923077,2025-08-05,11527.888671875,234.40642165509288,2024-08-05,9194.33203125,319.28005067660143,2021-08-05,12586.8935546875,206.27096219180743,KRW,26.9876715290593,35.08134914445691,32.512757275253534,17.806877265684307,8.33186779428172,6.774635046475169,11.00195187699569,-23.071169760517797,-16.9935933129841,51.55757590954666,223.9090225073101,298.3634741047924,145.29894177676442
3941.T,RENGO CO,US,JPX,392783659008.0,2026-08-05,1614.5,2026-07-03,1411.0,14.422395464209782,2026-05-01,1227.0,31.58109209453952,2026-02-05,1358.1207275390625,18.877502365014426,2025-08-05,865.8035278320312,86.47417665791937,2024-08-05,815.3082275390625,98.0232684359422,2021-08-05,785.2493286132812,105.60348683788652,JPY,10.23831223952584,8.739601463079453,7.81638205004856,8.655025579778908,5.898125526136511,5.600259890576922,7.169327940296455,17.148502512130648,30.98530975033691,18.29326378244369,73.58586544414072,82.81851984678374,42.80714070812168
5301.T,TOKAI CARBON CO,US,JPX,392637874176.0,2026-08-05,1622.0,2026-07-03,1758.5,-7.7622974125675315,2026-05-01,1132.2496337890625,43.25462791910937,2026-02-05,1082.333740234375,49.86135419272455,2025-08-05,1006.5225830078124,61.14889296899266,2024-08-05,710.1485595703125,128.4029134666441,2021-08-05,1240.19970703125,30.785388095494003,JPY,10.285873305983841,10.891983821988106,7.2127919427244365,6.897491524601492,6.856747921016733,4.877930039436592,11.323025804897497,-5.564739407532759,42.605989298765664,49.124841535461194,50.010958904533155,110.86553564371897,-9.159676192427835
141A.T,TRIAL HOLDINGS INC,US,JPX,392455946240.0,2026-08-05,3270.0,2026-07-03,3075.0,6.341463414634152,2026-05-01,3863.943115234375,-15.371424928401112,2026-02-05,2887.265625,13.255946099521054,2025-08-05,2425.780517578125,34.801973068228584,2024-08-05,2298.44287109375,42.27023177843525,,,,JPY,20.736624975688756,19.04626116156578,24.614552248025007,18.39995320980961,16.525178671145227,15.787743809014955,,8.875042717223835,-15.75461228488283,12.69933536914316,25.48502735342386,31.34634832272829,
272290.KQ,INNOX Advanced Materials,US,KOE,392201175040.0,2026-08-05,20800.0,2026-07-03,23650.0,-12.050739957716704,2026-05-04,36300.0,-42.69972451790633,2026-02-05,34581.55078125,-39.85232145437014,2025-08-05,24340.662109375,-14.546285115273372,2024-08-05,24513.759765625,-15.149694706695737,2021-08-05,34938.09765625,-40.46613469156889,KRW,14.561441447585821,15.335931742447428,24.66485034674406,23.68420886225954,17.592395666986363,18.062407955752064,30.538692284776516,-5.0501678533032335,-40.96278208512205,-38.51835401270558,-17.228774731848418,-19.382612311396407,-52.318058311734994
253590.KQ,Neosem,US,KOE,392191574016.0,2026-08-05,9290.0,2026-07-03,10650.0,-12.76995305164319,2026-05-04,18970.0,-51.02793885081708,2026-02-05,16880.0,-44.96445497630332,2025-08-05,8234.0498046875,12.824190044507212,2024-08-05,9456.3642578125,-1.7592835182407065,2021-08-05,3043.850830078125,205.20549522992093,KRW,6.50364380038809,6.90603268740233,12.889592591673136,11.560772624798119,5.951221107084905,6.967707550202761,2.660569123570724,-5.826628763982821,-49.54344946022934,-43.74386547108774,9.282509981783882,-6.660207054774647,144.44558657658976
WFCS.NE,WELLS FARGO CDR (CAD HEDGED),US,NEO,391626752000.0,2026-08-05,24.76000022888184,,,,,,,,,,,,,,,,,,,CAD,17.60335576117541,,,,,,,,,,,,
001200.KS,EUGENEIS,US,KSC,391234748416.0,2026-08-05,4320.0,2026-07-03,4430.0,-2.483069977426633,2026-05-04,5980.0,-27.75919732441472,2026-02-05,3999.39501953125,8.016336943539182,2025-08-05,3160.9677734375,36.66700547541717,2024-08-05,3629.011962890625,19.04066572872305,2021-08-05,3504.00146484375,23.287619692608686,KRW,3.0242993775755167,2.8726502164499834,4.063245318830013,2.739105240376233,2.284613109989607,2.67395516545578,3.0627775888973474,5.279068097366246,-25.569362904075277,10.411945221940822,32.376872230645425,13.102097471406937,-1.256317515882166
NAVINFLUOR.NS,NAVIN FLUORINE INT. LTD,US,NSI,390367510528.0,2026-08-05,7609.5,2026-07-03,7552.5,0.7547169811320753,2026-05-05,6996.58251953125,8.760240856986478,2026-02-05,6265.46240234375,21.4515308104551,2025-08-05,5164.75341796875,47.3352043008618,2024-08-05,3438.232177734375,121.32013216787136,2021-08-05,3638.505859375,109.13804440889685,INR,80.01812848588452,79.0613325778395,73.44768843894053,69.51969609931712,58.761627980838966,41.06072679950353,49.04704614989896,1.210194512093521,8.945741093548797,15.101378423129397,36.174117762661176,94.87752585726766,63.14566272009707
452260.KS,HANWHA GALLERIA,US,KSC,389492244480.0,2026-08-05,2040.0,2026-07-03,2100.0,-2.857142857142858,2026-05-04,3025.0,-32.561983471074385,2026-02-05,2165.0,-5.773672055427248,2025-08-05,1122.0,81.81818181818181,2024-08-05,1046.0,95.02868068833652,,,,KRW,1.428141372743994,1.3617529242765158,2.055404195562005,1.4827649723156355,0.8109338952926919,0.7707213786197826,,4.875219820273169,-30.517735838643645,-3.6839013998513748,76.11070162858739,85.29930690407565,
PATANJALI.BO,Patanjali Foods Limited,US,BSE,389460918272.0,2026-08-04,360.0,2026-07-03,414.3500061035156,-13.1169314113483,2026-05-04,456.5499877929688,-21.147736365015778,2026-02-04,509.347412109375,-29.321325397704147,2025-08-04,616.0346069335938,-41.56172462583637,2024-08-02,561.5189819335938,-35.888186938874625,2021-08-04,362.7892150878906,-0.7688252494537084,INR,3.7762924656271935,4.337512563545829,4.810701407295142,5.63294711160529,7.060948626170159,6.705192755223607,4.888393748131023,-12.93875440581662,-21.50224788633378,-32.96062627949977,-46.51862425919611,-43.68107519824371,-22.74983030835064
005965.KS,Dongbu(1P),US,KSC,389292720128.0,2026-08-05,16500.0,2026-07-03,17100.0,-3.508771929824561,2026-05-04,19850.0,-16.876574307304782,2026-02-05,20000.0,-17.500000000000004,2025-08-05,19415.669921875,-15.0170966729817,2024-08-05,21512.12890625,-23.29908363831814,2021-08-05,38053.19140625,-56.63964206353012,KRW,11.551143456017599,11.088559526251629,13.48752835765481,13.697597896680236,14.03282071253409,15.850724328557817,33.26153341955887,4.171722473697548,-14.356855090786302,-15.670298229318401,-17.684806977544167,-27.125453597056016,-65.27176510381464
3116.T,TOYOTA BOSHOKU CORP,US,JPX,388942168064.0,2026-08-05,2171.0,2026-07-03,2248.5,-3.446742272626191,2026-05-01,2207.0,-1.6311735387403714,2026-02-05,2825.23681640625,-23.15688414532452,2025-08-05,2184.014404296875,-0.5958937024989508,2024-08-05,1529.314208984375,41.95905506179607,2021-08-05,1786.7529296875,21.50532756533408,JPY,13.767343370709568,13.926997795701027,14.0592951788567,18.00465630123881,14.878191983911961,10.50468612406371,16.313057820548238,-1.1463664124420347,-2.076574994927116,-23.5345393971097,-7.466287667235183,31.059064574731977,-15.605378696273853
271940.KS,ILJIN HYSOLUS,US,KSC,388914282496.0,2026-08-05,10800.0,2026-07-03,10300.0,4.854368932038833,2026-05-04,18040.0,-40.13303769401331,2026-02-05,13730.0,-21.3401310997815,2025-08-05,16500.0,-34.54545454545455,2024-08-05,19580.0,-44.84167517875383,,,,KRW,7.560748443938792,6.679073866689578,12.257683202624321,9.403400956070982,11.925498460186645,14.427078961161897,,13.200551376536996,-38.318291320173245,-19.595596537256498,-36.60014741370854,-47.593352304423235,
194370.KS,JS CORP,US,KSC,388534403072.0,2026-08-05,13390.0,2026-07-03,12280.0,9.039087947882727,2026-05-04,14302.83203125,-6.382176825229924,2026-02-05,13537.30078125,-1.088110426371114,2025-08-05,9768.435546875,37.074150059612855,2024-08-05,6236.58935546875,114.70068392844487,2021-08-05,8093.638671875,65.43856901506608,KRW,9.373927931883372,7.963012338150293,9.718380484446243,9.271425135398886,7.060209883193352,4.595289432057683,7.074487663765012,17.718365033461914,-3.544341087634395,1.1055775674995605,32.771236081773814,103.98993513855568,32.503276242828406
027360.KQ,AJU IB INVESTMENT,US,KOE,388270981120.0,2026-08-05,3270.0,2026-07-03,4550.0,-28.13186813186813,2026-05-04,15460.0,-78.84864165588617,2026-02-05,4635.0,-29.44983818770227,2025-08-05,2201.218017578125,48.55411748799854,2024-08-05,2023.348388671875,61.61329498705,2021-08-05,5661.18505859375,-42.23824223806111,KRW,2.2892266121925786,2.9504646692657843,10.504644252359867,3.1744183125556447,1.5909467926765473,1.4908583743262938,4.948328617446691,-22.411319273236817,-78.20748083231564,-27.885162357522454,43.89083423344866,53.55091077829983,-53.73737701814545
ASTRAL.BO,ASTRAL LIMITED,US,BSE,388199514112.0,2026-08-04,1449.699951171875,2026-07-03,1384.6500244140625,4.697932734687926,2026-05-04,1558.800048828125,-6.998979615010237,2026-02-04,1501.800048828125,-3.46917671875856,2025-08-04,1425.1976318359375,1.7192225687586715,2024-08-02,2120.25048828125,-31.62600555054922,2021-08-04,1665.1019287109375,-12.936263770099588,INR,15.206919452862394,14.494839600677096,16.4251928355975,16.60862516650718,16.33552262692558,25.318268252174676,22.436372195737704,4.912643891223434,-7.417102465273972,-8.439625192285371,-6.908889295056452,-39.93696843165323,-32.22202181263827
1276.HK,HENGRUI PHARMA,US,HKG,386948759552.0,2026-08-05,58.29999923706055,2026-07-03,59.900001525878906,-2.671122283906957,2026-05-05,66.30000305175781,-12.066370205823327,2026-02-05,68.31182098388672,-14.656060404520243,2025-08-05,80.71855926513672,-27.773736588183883,,,,,,,HKD,7.434138482380206,7.637568702646263,8.464136419380111,8.744248398726086,10.28361508650778,,,-2.663546845681042,-12.168966637181622,-14.982533164734257,-27.70889983879423,,
027410.KS,BGF,US,KSC,386663415808.0,2026-08-05,4010.0,2026-07-03,3965.0,1.1349306431273742,2026-05-04,5290.0,-24.19659735349716,2026-02-05,4007.280029296875,0.0678757332464696,2025-08-05,3827.777099609375,4.760541056824352,2024-08-05,3122.078857421875,28.44006135422683,2021-08-05,5396.9765625,-25.699139998812992,KRW,2.807277894462459,2.571119211788755,3.5944093205034733,2.7445055250352794,2.7665545398381397,2.3004330030132536,4.717389256047682,9.185053792562403,-21.898769891091874,2.287201423155172,1.4719881367927679,22.032586508075113,-40.49085750421093
8955.T,JAPAN PRIME REALTY INVESTMENT C,US,JPX,386608463872.0,2026-08-05,96200.0,2026-07-03,94800.0,1.4767932489451407,2026-05-01,96405.359375,-0.2130165546099904,2026-02-05,104129.515625,-7.615050907906307,2025-08-05,95946.453125,0.2642587263436136,2024-08-05,69890.5390625,37.64380886227337,2021-08-05,86592.7734375,11.094720934691171,JPY,610.0499457679689,587.1822953224182,614.1329425812801,663.5961023711279,653.6173694462123,480.07019851123187,790.5921946212402,3.894472062205856,-0.6648392441137907,-8.069088472917585,-6.665585358473036,27.075154354472186,-22.836330801338878
NH.BO,Narayana Hrudayalaya Limited,US,BSE,386591686656.0,2026-07-17,2027.5999755859373,,,,,,,,,,,,,,,,,,,INR,20.978312408529174,,,,,,,,,,,,
2379.TW,REALTEK SEMICONDUCTOR CORP,US,TAI,385160118272.0,2026-08-05,751.0,2026-07-03,783.0,-4.0868454661558085,2026-05-05,533.0,40.90056285178236,2026-02-05,463.0,62.20302375809936,2025-08-05,532.602783203125,41.005646925728186,2024-08-05,429.5766906738281,74.82326585783592,2021-08-05,473.79241943359375,58.50823466061373,TWD,23.182518027722836,24.521700527518988,16.868157025426626,14.625471357256174,17.822279270231775,13.181686428943578,17.09534608995682,-5.461213826884814,37.43361525967599,58.50783514215583,30.07605635741646,75.86913596138969,35.60718751018506
013030.KQ,HY-LOKCO,US,KOE,384818315264.0,2026-08-05,33050.0,2026-07-03,31950.0,3.4428794992175327,2026-05-04,46150.0,-28.385698808234014,2026-02-05,31893.92578125,3.6247473160849975,2025-08-05,29725.91015625,11.182466159244232,2024-08-05,22723.021484375,45.4472065817749,2021-08-05,14311.4296875,130.93430021786563,KRW,23.137290377053432,20.71809806220699,31.357654090970755,21.843508534906277,21.484623987636724,16.742943063904818,12.509334414307887,11.676710418025404,-26.214855518430912,5.9229580270022675,7.692321682556469,38.19129820093477,84.96020340290475
2264.T,MORINAGA MILK INDUSTRY CO,US,JPX,384747241472.0,2026-08-05,1166.0,2026-07-03,1300.5,-10.342176086120723,2026-05-01,1184.75,-1.5826123654779534,2026-02-05,1014.5856323242188,14.9237642296314,2025-08-05,810.320556640625,43.89367151611307,2024-08-05,758.3529052734375,53.754273490859525,2021-08-05,736.299560546875,58.35945890473868,JPY,7.394160465337336,8.055174842476845,7.547236050362699,6.465746691425636,5.520158102661867,5.209040231477161,6.722416459978149,-8.206083543386589,-2.0282337004419837,14.358956795243616,33.9483458231352,41.94861503767895,9.992597295309057
LRCX,Lam Research Corporation,US,NMS,384667877376.0,2026-08-05,307.4200134277344,2026-07-02,351.4100036621094,-12.518138293146777,2026-05-05,275.6058349609375,11.543361725743573,2026-02-05,212.90475463867188,44.39321186108205,2025-08-05,96.14787292480467,219.73667651302216,2024-08-05,75.73123168945312,305.9355784524338,2021-08-05,61.29130554199219,401.5719778021588,USD,307.4200134277344,351.4100036621094,275.6058349609375,212.90475463867188,96.14787292480467,75.73123168945312,61.29130554199219,-12.518138293146775,11.543361725743573,44.39321186108205,219.7366765130222,305.9355784524338,401.5719778021588
448900.KQ,PIM KOREA,US,KOE,384513114112.0,2026-08-05,65200.0,2026-07-03,52800.0,23.484848484848484,2026-05-04,127900.0,-49.0226739640344,2026-02-05,60500.0,7.768595041322324,2025-08-05,12500.0,421.6,2024-08-05,31200.0,108.974358974359,,,,KRW,45.64451838377863,34.2383592389524,86.9045278057456,41.43523363745771,9.034468530444428,22.989012440666556,,33.313977066545995,-47.477399007556784,10.158708849455355,405.2263808320915,98.5492787112311,
036620.KQ,GAMSUNG Corp.,US,KOE,381917528064.0,2026-08-05,4185.0,2026-07-03,4250.0,-1.5294117647058791,2026-05-04,6480.0,-35.416666666666664,2026-02-05,6284.74072265625,-33.41014077297994,2025-08-05,5599.30810546875,-25.258622651741906,2024-08-05,2915.501708984375,43.54304739741893,2021-08-05,1370.8651123046875,205.281676689854,KRW,2.929790022026282,2.755928537226282,4.402981549501419,4.304292565191844,4.046941829689587,2.1482213159816155,1.198245772866784,6.308635454494893,-33.45895300519616,-31.933297338590638,-27.604839769811917,36.382131590921944,144.50660193165595
3481.TW,INNOLUX CORPORATION,US,TAI,381494329344.0,2026-08-05,47.79999923706055,2026-07-03,66.0,-27.57575873172644,2026-05-05,26.634876251220703,79.46394338839787,2026-02-05,21.307899475097656,124.32994529997649,2025-08-05,11.387020111083984,319.7761905288339,2024-08-05,13.20719051361084,261.9240533238288,2021-08-05,18.59556198120117,157.05057629010105,TWD,1.475531749718101,2.0669632628560066,0.8429292213103139,0.6730843919143297,0.3810394141295461,0.405266504764624,0.67096381192826,-28.613547408709174,75.04811939304005,119.21942737693243,287.23861495767693,264.0892430957451,119.91227000419302
031430.KS,SHINSEGAE INTERNATIONAL,US,KSC,381297393664.0,2026-08-05,11030.0,2026-07-03,12630.0,-12.668250197941411,2026-05-04,14860.0,-25.77388963660835,2026-02-05,12193.8759765625,-9.544758195011603,2025-08-05,10887.3896484375,1.3098672516324017,2024-08-05,12137.478515625,-9.124452943000517,2021-08-05,34278.05078125,-67.82197427038827,KRW,7.721764383022673,8.189971158863045,10.09696077555418,8.351340496447108,7.868942332599602,8.94322578827007,29.9617585144415,-5.716830581676547,-23.523874612666717,-7.538623454429549,-1.870365080287817,-13.657951103610333,-74.22793331939846
7581.T,SAIZERIYA COMPANY,US,JPX,381237886976.0,2026-08-05,7540.0,2026-07-03,5470.0,37.84277879341864,2026-05-01,5050.0,49.306930693069305,2026-02-05,6580.0,14.589665653495445,2025-08-05,5390.80810546875,39.86771282678352,2024-08-05,5355.28759765625,40.7954262493744,2021-08-05,2347.0537109375,221.25383261843825,JPY,47.814725479111075,33.88066619634628,32.1701135719195,41.9329939968884,36.72387772891739,36.78486408285562,21.428605073647304,41.12687513879951,48.63088802038726,14.0265001889899,30.20064447459059,29.98478225014336,123.13503522407613
2784.T,ALFRESA HOLDINGS CORP,US,JPX,380552085504.0,2026-08-05,2140.5,2026-07-03,2178.0,-1.7217630853994526,2026-05-01,2359.0,-9.262399321746509,2026-02-05,2514.46484375,-14.872542150650226,2025-08-05,2140.630126953125,-0.0060789087982349,2024-08-05,1891.7708740234373,13.147951974097303,2021-08-05,1486.553466796875,43.990784577174,JPY,13.573928367113695,13.490327417850494,15.027583745773882,16.024170090935513,14.582644662367898,12.994359912119874,13.572236124126675,0.619710305567378,-9.673247564293163,-15.290911853262601,-6.917238392685421,4.460153935348954,0.01246841693249845
199800.KQ,ToolGen,US,KOE,380493955072.0,2026-08-05,43250.0,2026-07-03,36150.0,19.640387275242045,2026-05-04,92500.0,-53.24324324324324,2026-02-05,56700.0,-23.72134038800705,2025-08-05,27350.0,58.13528336380256,2024-08-05,64400.0,-32.8416149068323,2021-08-05,121200.0,-64.3151815181518,KRW,30.277997240773402,23.441603910760023,62.85120267421007,38.83269003708847,19.76741714461241,47.451679524965584,105.93849560245872,29.163505006052006,-51.82590634308186,-22.0296167691309,53.17123637989114,-36.191937685064765,-71.4192682569388
PLTR,Palantir Technologies Inc.,US,NMS,379806121984.0,2026-08-05,158.42999267578125,2026-07-02,129.3000030517578,22.52899376372244,2026-05-05,135.91000366210938,16.56978030083762,2026-02-05,130.00999450683594,21.85985644930628,2025-08-05,173.27000427246094,-8.56467434106154,2024-08-05,24.09000015258789,557.6587450073625,2021-08-05,22.520000457763672,603.5079460718359,USD,158.42999267578125,129.3000030517578,135.91000366210938,130.00999450683594,173.27000427246094,24.09000015258789,22.520000457763672,22.52899376372244,16.56978030083762,21.85985644930628,-8.56467434106154,557.6587450073625,603.5079460718359
025980.KQ,Ananti,US,KOE,379473854464.0,2026-08-05,3860.0,2026-07-03,3975.0,-2.8930817610062887,2026-05-04,7640.0,-49.47643979057592,2026-02-05,8030.0,-51.93026151930263,2025-08-05,10310.0,-62.560620756547046,2024-08-05,4910.0,-21.384928716904277,2021-08-05,11250.0,-65.68888888888888,KRW,2.7022674994077533,2.577603749523405,5.1911696046590805,5.499585555517115,7.4516296439105645,3.6178221501177177,9.83339996309951,4.836420256891638,-47.94491983112119,-50.864161087613724,-63.73588559093199,-25.306789906191874,-72.51949977069789
LTTS.NS,L&T TECHNOLOGY SER. LTD.,US,NSI,379259060224.0,2026-08-04,3502.0,2026-07-03,3206.199951171875,9.225876530876032,2026-05-04,3665.36865234375,-4.457086526324905,2026-02-04,3769.791259765625,-7.103609757487583,2025-08-04,4200.33349609375,-16.62566786049703,2024-08-02,4961.83447265625,-29.421265072447035,2021-08-04,3424.96923828125,2.249093535140956,INR,36.734933929517865,33.5632493413641,38.62226394819572,41.69066983203152,48.14394953609599,59.25010129507609,46.14965802635288,9.449873449067137,-4.886637461774235,-11.88691839800111,-23.697714284998984,-38.00021750752571,-20.400420066945934
MEDANTA.BO,Global Health Limited,US,BSE,379027947520.0,2026-08-04,1435.300048828125,2026-07-03,1349.5999755859375,6.350035180237779,2026-05-04,1171.0,22.570456774391555,2026-02-04,1121.449951171875,27.98609936433525,2025-08-04,1323.723388671875,8.429001187944385,2024-08-02,1208.8148193359375,18.73613938788468,,,,INR,15.055868778622198,14.127927509678102,12.33891468308866,12.402278117213655,15.17243144698773,14.43466139133443,,6.568134415387017,22.019392834098394,21.395993835402805,-0.7682530566890389,4.303581292601,
7419.T,NOJIMA CORP,US,JPX,378972340224.0,2026-08-05,1290.0,2026-07-03,1321.0,-2.346707040121121,2026-05-01,1211.0,6.523534269199005,2026-02-05,1069.2353515625,20.646964965654306,2025-08-05,1101.911376953125,17.069305842630953,2024-08-05,478.2746276855469,169.71951371172077,2021-08-05,427.85931396484375,201.50097424453784,JPY,8.180503430776298,8.182149916887283,7.714456937741488,6.814018172998658,7.506566341005168,3.2852142584071373,3.9063563919771127,-0.02012290324315824,6.041209339762688,20.054030134414624,8.977967544091348,149.00973840113193,109.4151841234313
950210.KS,PRESTIGE BIOPHARMA,US,KSC,378605797376.0,2026-08-05,6500.0,2026-07-03,6050.0,7.438016528925617,2026-05-04,8600.0,-24.418604651162788,2026-02-05,11260.0,-42.273534635879216,2025-08-05,14610.0,-55.50992470910335,2024-08-05,11420.0,-43.08231173380035,2021-08-05,30600.0,-78.75816993464052,KRW,4.550450452370569,3.9231453294632956,5.84346316754818,7.711747615830973,10.559486818383448,8.414568015141413,26.746847899630666,15.989851770112518,-22.127506892802707,-40.99326535234077,-56.90651893756331,-45.92175802510171,-82.9869655316154
HSCL.NS,HIMADRI SPECIALITY CHEM L,US,NSI,377890668544.0,2026-08-05,748.9500122070312,2026-07-03,680.6500244140625,10.03452366754336,2026-05-05,613.8673095703125,22.005195671890764,2026-02-05,454.6831970214844,64.71908729269413,2025-08-05,470.7114562988281,59.110215437706536,2024-08-05,451.4654235839844,65.89310566941057,2021-08-05,48.46196365356445,1445.4388467644042,INR,7.8756262969034765,7.125203303451144,6.444165386502391,5.04502870635298,5.355487327840137,5.39157842139079,0.6532670991051788,10.531952022882773,22.213286353564854,56.106669660492734,47.057136256537625,46.072739397749714,1105.5752245431033
344820.KS,KCC GLASS,US,KSC,377059835904.0,2026-08-05,23050.0,2026-07-03,22588.1328125,2.044733804842913,2026-05-04,28186.484375,-18.22321757712999,2026-02-05,25818.189453125,-10.721857387214817,2025-08-05,29681.494140625,-22.342184356374727,2024-08-05,35223.46484375,-34.56066828675443,2021-08-05,54364.37109375,-57.60090747623872,KRW,16.136597373406403,14.647359957794379,19.15193991488195,17.682358877460842,21.45252198000378,25.95361126590865,47.51880930730749,10.167275330866342,-15.744319138827734,-8.741828591799338,-24.779951800317146,-37.8252328430201,-66.04166306219945
8410.T,SEVEN BANK LTD,US,JPX,375039918080.0,2026-08-05,320.8999938964844,2026-07-03,288.79998779296875,11.114961031967583,2026-05-01,267.0,20.187263631642093,2026-02-05,299.4515991210937,7.162558102325312,2025-08-05,261.46392822265625,22.732032704417197,2024-08-05,225.43792724609372,42.34516694530366,2021-08-05,198.39146423339844,61.75090754860315,JPY,2.034979458144406,1.788799997060778,1.7008753116242588,1.9083437854564518,1.7811743884614373,1.5485075939707824,1.8113144651223223,13.762268643120045,19.643071084446095,6.635894101107387,14.24931052945373,31.415529769936825,12.34821436745821
UBL.BO,UNITED BREWERIES LTD.,US,BSE,374979362816.0,2026-08-04,1433.300048828125,2026-07-03,1343.949951171875,6.648320317162115,2026-05-04,1464.1500244140625,-2.107022850905138,2026-02-04,1515.1500244140625,-5.402103703729965,2025-08-04,1939.800048828125,-26.110938614832367,2024-08-02,1986.6629638671875,-27.85388992010504,2021-08-04,1413.96435546875,1.36748096121313,INR,15.03488937603538,14.06878173552741,15.427858441065155,16.756264488174452,22.23386208446277,23.72307711935673,19.052425562537792,6.867031265886325,-2.547139426582934,-10.273024237316807,-32.37841757351774,-36.62335918569462,-21.086743907305806
COCHINSHIP.NS,COCHIN SHIPYARD LIMITED,US,NSI,374890102784.0,2026-08-05,1425.0,2026-07-03,1524.0999755859375,-6.502196520791803,2026-05-05,1712.199951171875,-16.77373901192485,2026-02-05,1482.9000244140625,-3.904513012395461,2025-08-05,1723.3167724609375,-17.310617364614522,2024-08-05,2379.986083984375,-40.1257003312228,2021-08-05,166.01882934570312,758.3363740221927,INR,14.984668255783617,15.954634233919478,17.97407923193714,16.45381496573532,19.606918449228942,28.422733931103494,2.2379332339647817,-6.079525007685338,-16.63178924259888,-8.928912310070125,-23.57458774266029,-47.27928603875212,569.5761977329585
UNH,UnitedHealth Group Incorporated,US,NYQ,374836592640.0,2026-08-05,412.75,2026-07-02,425.3599853515625,-2.964544335579722,2026-05-05,361.8035583496094,14.08124394430672,2026-02-05,264.9649963378906,55.77529322916672,2025-08-05,244.45309448242188,68.84629784454621,2024-08-05,544.806396484375,-24.239142076255405,2021-08-05,376.6526794433594,9.583715323620543,USD,412.75,425.3599853515625,361.8035583496094,264.9649963378906,244.45309448242188,544.806396484375,376.6526794433594,-2.964544335579722,14.08124394430672,55.77529322916672,68.84629784454621,-24.239142076255405,9.583715323620545
1961.T,SANKI ENGINEERING CO,US,JPX,374090563584.0,2026-08-05,2456.0,2026-07-03,2796.0,-12.160228898426327,2026-05-01,2424.0,1.320132013201314,2026-02-05,2335.0263671875,5.180825129534217,2025-08-05,1540.594482421875,59.418979363023006,2024-08-05,556.5899658203125,341.25840399948675,2021-08-05,397.4617614746094,517.9210777127535,JPY,15.574663896113634,17.318161368370056,15.44165451452136,14.880645385691423,10.495013418287158,3.8231534477330342,3.628826676963257,-10.067451360285574,0.8613674232070823,4.663900606687044,48.400609655013696,307.37742047337235,329.1928295993215
9436.T,OKINAWA CELLULAR,US,JPX,374019063808.0,2026-08-05,4120.0,2026-07-03,3845.0,7.152145643693109,2026-05-01,3285.0,25.418569254185684,2026-02-05,3286.847412109375,25.34807623929032,2025-08-05,2538.23876953125,62.3172748543614,2024-08-05,1739.9420166015625,136.78949991949403,2021-08-05,1082.184326171875,280.71148328068205,JPY,26.126879174262285,23.815568834543228,20.926499620545655,20.946406200709816,17.291279599528252,11.951464683381232,9.880345061709477,9.705039404167515,24.850690024675192,24.7320371996649,51.09858714548279,118.60817787958884,164.43286151528264
0QZK.L,COCA-COLA CO COCA-COLA ORD,US,LSE,373913747456.0,2026-08-05,86.81999969482422,,,,,,,,,,,,,,,,,,,GBP,116.78145096737717,,,,,,,,,,,,
KO,Coca-Cola Company (The),US,NYQ,373590327296.0,2026-08-05,86.83000183105469,2026-07-02,84.13999938964844,3.1970554562865905,2026-05-05,77.9765625,11.3539748960525,2026-02-05,77.47366333007812,12.076798874365458,2025-08-05,67.1483154296875,29.31076718071404,2024-08-05,64.34276580810547,34.94912868684366,2021-08-05,48.731712341308594,78.1796650667889,USD,86.83000183105469,84.13999938964844,77.9765625,77.47366333007812,67.1483154296875,64.34276580810547,48.731712341308594,3.1970554562865905,11.353974896052499,12.076798874365458,29.310767180714038,34.94912868684366,78.1796650667889
8425.T,MIZUHO LEASING COMPANY LTD,US,JPX,373489041408.0,2026-08-05,1321.0,2026-07-03,1262.0,4.675118858954042,2026-05-01,1418.0,-6.840620592383639,2026-02-05,1422.6175537109375,-7.142998724138138,2025-08-05,1133.96240234375,16.494162175894722,2024-08-05,810.466064453125,62.99263571157245,2021-08-05,614.7908325195312,114.8698272852065,JPY,8.377089172136039,7.816709458827972,9.033113078214228,9.066050659518055,7.724907991181453,5.566999620659544,5.6130415301393555,7.168997597514504,-7.262434339058221,-7.5993562495562,8.442575389882933,50.47763145246223,49.2433135788336
078160.KQ,MEDIPOST,US,KOE,373267529728.0,2026-08-05,9710.0,2026-07-03,9150.0,6.120218579234971,2026-05-04,25450.0,-61.8467583497053,2026-02-05,24750.0,-60.76767676767677,2025-08-05,10380.0,-6.454720616570331,2024-08-05,5500.0,76.54545454545453,2021-08-05,25879.796875,-62.48038558069246,KRW,6.7976729065412655,5.933352027204819,17.292574141174555,16.950777397141792,7.502222667681053,4.052550269989297,22.621012767613138,14.56715993545432,-60.69021968015949,-59.897574327844836,-9.391213675580822,67.73815137792774,-69.94974108200141
8381.T,SAN-IN GODO BANK,US,JPX,372704870400.0,2026-08-05,2434.0,2026-07-03,2391.0,1.7984107068172328,2026-05-01,1866.0,30.439442658092176,2026-02-05,1634.9661865234375,48.87158034598951,2025-08-05,1244.728271484375,95.54468680119103,2024-08-05,1018.7433471679688,138.9218056506911,2021-08-05,454.2515258789063,435.8264884835747,JPY,15.435151434503496,14.809629410505295,11.887016222812235,10.419305058450277,8.479479876374512,6.997632690593093,4.147317339522091,4.223752037674111,29.84882955642034,48.13993205799518,82.02946005578531,120.57675955545575,272.1719408209583
9069.T,SENKO GROUP HOLDINGS CO LTD,US,JPX,372506394624.0,2026-08-05,2196.0,2026-07-03,1974.0,11.246200607902734,2026-05-01,1828.0,20.1312910284464,2026-02-05,1932.898193359375,13.611777772079892,2025-08-05,1991.8309326171875,10.250321151230567,2024-08-05,1036.848876953125,111.79557106269394,2021-08-05,913.2571411132812,140.45801572632936,JPY,13.925880258902907,12.226770579814911,11.64494408108294,12.317964793120836,13.568977822064141,7.121997524441895,8.338039524365115,13.896634994468982,19.587351918033846,13.0534182617573,2.6302824097657274,95.53334877063423,67.01624186607904
425420.KQ,TFE,US,KOE,372501053440.0,2026-08-05,32400.0,2026-07-03,38400.0,-15.625,2026-05-04,73200.0,-55.73770491803278,2026-02-05,41350.0,-21.644498186215237,2025-08-05,31600.0,2.5316455696202445,2024-08-05,17490.0,85.24871355060036,,,,KRW,22.682245331816375,24.90062490105629,49.73738417029381,28.319783651386388,22.839136444963515,12.887109858565964,,-8.90893131419288,-54.39598259901334,-19.90671393880521,-0.6869397778029307,76.00723188325782,
4202.T,DAICEL CORPORATION,US,JPX,372235993088.0,2026-08-05,1443.5,2026-07-03,1418.0,1.7983074753173511,2026-05-01,1229.5,17.405449369662463,2026-02-05,1518.682373046875,-4.950500142833647,2025-08-05,1234.002685546875,16.97705498592832,2024-08-05,993.1519775390624,45.34532807122407,2021-08-05,696.26708984375,107.3198663351929,JPY,9.1539199242834,8.782958805561066,7.83230784884654,9.678252102151191,8.406413816734926,6.8218484705438405,6.356919922416182,4.2236463466896135,16.87385252140585,-5.417632980972331,8.89209267881137,34.18533061543722,43.9992958225611
3549.T,KUSURI NO AOKI HOLDINGS CO LTD,US,JPX,372160233472.0,2026-08-05,3905.0,2026-07-03,3738.0,4.467629748528634,2026-05-01,3688.56640625,5.867688687487616,2026-02-05,4170.49951171875,-6.366132185670304,2025-08-05,4007.142333984375,-2.549006884984117,2024-08-05,2718.167724609375,43.66295223968135,2021-08-05,2376.502685546875,64.3170876157201,JPY,24.76346193579957,23.152820885181427,23.49734657557019,26.57774027187361,27.297911970994733,18.67078629874527,21.69747427071229,6.956565070863596,5.3883333429049385,-6.826307720352109,-9.284409876799849,32.63213203540198,14.13062012118993
381970.KS,K Car,US,KSC,372014874624.0,2026-08-05,7600.0,2026-07-03,8440.0,-9.952606635071092,2026-05-04,10800.0,-29.629629629629623,2026-02-05,14937.37890625,-49.12092645102511,2025-08-05,14739.078125,-48.43639516972843,2024-08-05,10380.923828125,-26.78878945812754,,,,KRW,5.320526682771742,5.472949848044664,7.338302582502365,10.230310494408286,10.65277899904595,7.64894830225569,,-2.785027626872516,-27.49649359705961,-47.992520015107544,-50.05503556162911,-30.441068856450382,
005420.KS,COSMOCHEM,US,KSC,371750633472.0,2026-08-05,9770.0,2026-07-03,10270.0,-4.868549172346636,2026-05-04,18410.0,-46.931015752308525,2026-02-05,16200.0,-39.69135802469136,2025-08-05,16780.0,-41.77592371871275,2024-08-05,17220.0,-43.263646922183504,2021-08-05,11540.4853515625,-15.34151552233276,KRW,6.839677064563148,6.6596202534856275,12.509088013321161,11.095054296310991,12.1278705552686,12.68816648167558,10.087307398240455,2.7037098847082053,-45.3223363903152,-38.35382070336257,-43.6036439093436,-46.09404696540591,-32.19521528850996
033640.KQ,NEPES,US,KOE,371714326528.0,2026-08-05,16700.0,2026-07-03,22150.0,-24.60496613995485,2026-05-04,32950.0,-49.31714719271624,2026-02-05,18950.0,-11.87335092348285,2025-08-05,11070.0,50.85817524841916,2024-08-05,10000.0,67.0,2021-08-05,39550.0,-57.77496839443742,KRW,11.691157316090539,14.363251082249917,22.38861760124564,12.978474007104523,8.000925330561586,7.368273218162358,34.569863870274276,-18.603683461758514,-47.780798599016336,-9.918860185791466,46.122564991741214,58.668889846165406,-66.1810721616886
EMCURE.BO,Emcure Pharmaceuticals Limited,US,BSE,371602358272.0,2026-08-04,1977.0999755859373,2026-07-03,1837.0999755859373,7.620706649639319,2026-05-04,1785.1500244140625,10.752594938617468,2026-02-04,1535.199951171875,28.784525694958752,2025-08-04,1407.6390380859375,40.45504011272199,2024-08-02,1293.624755859375,52.83411720677216,,,,INR,20.73918817110245,19.231191280839536,18.810259477163754,16.977999544313434,16.134267166564882,15.447391130211145,,7.841411737011672,10.25466286778487,22.15330856248481,28.54124675758667,34.25689811493091,
EMCURE.NS,EMCURE PHARMACEUTICALS L,US,NSI,371583418368.0,2026-08-04,1978.0999755859373,2026-07-03,1839.0999755859373,7.558044796108199,2026-05-04,1793.199951171875,10.311177194335098,2026-02-04,1534.9000244140625,28.87484162631788,2025-08-04,1407.988525390625,40.49120002857578,2024-08-02,1295.6209716796875,52.67582254565244,,,,INR,20.74967787239586,19.25212774759302,18.895082158179775,16.974682610676496,16.13827296733666,15.471228279598563,,7.778621378564621,9.81522969146351,22.23897405507318,28.574339487208643,34.11784441030987,
CVX,Chevron Corporation,US,NYQ,371253739520.0,2026-08-05,186.41000366210935,2026-07-02,169.1999969482422,10.17139895051633,2026-05-05,190.8915863037109,-2.347710932880676,2026-02-05,175.8827362060547,5.985389858684886,2025-08-05,146.88790893554688,26.90629542824008,2024-08-05,132.81275939941406,40.355493331412376,2021-08-05,82.45386505126953,126.07794497710968,USD,186.41000366210935,169.1999969482422,190.8915863037109,175.8827362060547,146.88790893554688,132.81275939941406,82.45386505126953,10.17139895051633,-2.3477109328806756,5.985389858684864,26.906295428240057,40.35549333141235,126.07794497710962
200710.KQ,ADTechnology,US,KOE,371108610048.0,2026-08-05,29800.0,2026-07-03,29800.0,0.0,2026-05-04,54100.0,-44.91682070240296,2026-02-05,36200.0,-17.67955801104972,2025-08-05,24000.0,24.16666666666667,2024-08-05,16420.0,81.48599269183923,2021-08-05,24825.033203125,20.040121421665404,KRW,20.862065150868148,19.323922449257225,36.75946015864611,24.792652192991227,17.346179578453302,12.098704624222592,21.69906494076031,7.959785109104733,-43.24708507461248,-15.853838514437912,20.26893332052282,72.43222145534982,-3.857308101419199
6005.T,MIURA CO LTD,US,JPX,371092455424.0,2026-08-05,3179.0,2026-07-03,3167.0,0.3789074834227968,2026-05-01,3231.0,-1.6094088517486838,2026-02-05,3285.935791015625,-3.2543481618845904,2025-08-05,2996.084716796875,6.1051438958869,2024-08-05,2676.988525390625,18.75284372151433,2021-08-05,4542.06201171875,-30.009762266608885,JPY,20.159550702665,19.616100519895554,20.58250236650929,20.940596625960325,20.41026997297638,18.38793104238789,41.469035248562705,2.7704292309180145,-2.0549088556525152,-3.7298169543414583,-1.2283976186661771,9.634687318508917,-51.38649698062672
060280.KQ,CUREXO,US,KOE,369687724032.0,2026-08-05,9060.0,2026-07-03,8830.0,2.6047565118912708,2026-05-04,16200.0,-44.07407407407408,2026-02-05,19650.0,-53.89312977099237,2025-08-05,8660.0,4.618937644341803,2024-08-05,8300.0,9.15662650602409,2021-08-05,9550.0,-5.130890052356019,KRW,6.342627861304209,5.725846819696017,11.007453873753548,13.457889933488332,6.2590797978919,6.115666771074757,8.347463968675584,10.771874641957968,-42.378792279768426,-52.87056223040325,1.334829817003591,3.711142197984185,-24.017307710397507
1332.T,NISSUI CORPORATION,US,JPX,369536729088.0,2026-08-05,1213.5,2026-07-03,1293.5,-6.184770003865481,2026-05-01,1207.5,0.496894409937898,2026-02-05,1349.2275390625,-10.059647845374489,2025-08-05,917.4833984375,32.26397361157973,2024-08-05,705.4087524414062,72.02791938717795,2021-08-05,523.2777099609375,131.90362916291377,JPY,7.69538055290468,8.011817499995232,7.692160819424316,8.598351108806128,6.250185034104561,4.845372840997413,4.777526538204597,-3.949627498264152,0.041857334446704364,-10.5016711282778,23.122443750293975,58.81916222819701,61.07457470653041
035890.KQ,SEOHEE CONSTRUCTION,US,KOE,369439637504.0,2026-08-05,2020.0,2026-07-03,2260.0,-10.619469026548678,2026-05-04,3350.0,-39.70149253731344,2026-02-05,1623.0,24.46087492298212,2025-08-05,1666.572998046875,21.20681196487166,2024-08-05,1119.197265625,80.48650242832387,2021-08-05,1795.8466796875,12.481762660914097,KRW,1.4141399867367,1.465505528030917,2.276232745498419,1.1115600693156011,1.2045281043634333,0.824655123814523,1.5697136598907946,-3.5049708316851502,-37.87366474129821,27.221193507553785,17.401991835137952,71.4825926498167,-9.910958739119202
KPRMILL.NS,KPR MILL LTD.,US,NSI,369410572288.0,2026-08-04,1057.300048828125,2026-07-03,1181.903076171875,-10.542575770877338,2026-05-04,953.6546630859376,10.868230372491515,2026-02-04,991.4967651367188,6.636762317861167,2025-08-04,1044.4820556640625,1.2272104718843655,2024-08-02,855.9923706054688,23.517461736284552,2021-08-04,387.7838745117188,172.65188635278687,INR,11.090761689713645,12.372437230055766,10.0487305934646,10.965106932051242,11.971785437040467,10.221549095537512,5.225183629920935,-10.35911935951155,10.36977841685549,1.145951046725413,-7.359167535704003,8.503726647026632,112.25592199678283
MTN.JO,MTN Group Ltd,US,JNB,369343954944.0,2026-08-04,20428.0,2026-07-03,23338.0,-12.468934784471674,2026-05-04,20888.0,-2.2022213711221705,2026-02-04,18666.212890625,9.43837467031059,2025-08-04,15378.056640625,32.83863154746294,2024-08-02,7509.7001953125,172.0215117608957,2021-08-04,11239.5205078125,81.75152566162107,ZAR,1236.3372010439634,1435.0101331174374,1260.0431639552116,1171.6293978111353,853.762577968846,410.765677176234,785.7826501758027,-13.844705865726114,-1.881361177885077,5.522890032779704,44.81042305523464,200.98357037594647,57.33831750641967
033160.KQ,MKElectron,US,KOE,369179918336.0,2026-08-05,17040.0,2026-07-03,16010.0,6.433479075577764,2026-05-04,27500.0,-38.03636363636363,2026-02-05,10010.0,70.22977022977024,2025-08-05,7989.85205078125,113.2705323164754,2024-08-05,7248.6669921875,135.077704885125,2021-08-05,19622.625,-13.161465400271366,KRW,11.929180878214538,10.38174491317477,18.68549268692732,6.855647747288458,5.7747253532552065,5.341015886591265,17.151743995636934,14.905355294137701,-36.158060811741976,74.00516067840215,106.57572695626247,123.35040995034304,-30.449166678041095
130660.KS,KEPID,US,KSC,369032003584.0,2026-08-05,11490.0,2026-07-03,11590.0,-0.8628127696289956,2026-05-04,20600.0,-44.223300970873794,2026-02-05,17520.0,-34.417808219178085,2025-08-05,11992.8623046875,-4.1930132433101726,2024-08-05,11827.376953125,-2.85250867087532,2021-08-05,11091.5009765625,3.5928322440720084,KRW,8.043796261190437,7.515579234459437,13.997132703661919,11.999095757491887,8.667930966532197,8.714734484482165,9.694859137213143,7.028294297119353,-42.53254268936077,-32.9633130382502,-7.200503877472153,-7.698894607591655,-17.030292577281493
3923.T,RAKUS CO LTD,US,JPX,367919595520.0,2026-08-05,1031.5,2026-07-03,1025.0,0.6341463414634152,2026-05-01,861.5999755859375,19.719130597528256,2026-02-05,791.091796875,30.389419290488085,2025-08-05,1159.6405029296875,-11.0500196057275,2024-08-05,786.3820190429688,31.170344059410347,2021-08-05,1645.385498046875,-37.30952404622362,JPY,6.541232006857172,6.348753720521927,5.488667142210431,5.041466195949397,7.8998352762525315,5.401569039981553,15.022372887013944,3.0317491401985253,19.177057696795295,29.748603930197383,-17.197868333779287,21.098739244838228,-56.45673252784369
241770.KQ,MECARO,US,KOE,367853240320.0,2026-08-05,37150.0,2026-07-03,38350.0,-3.1290743155149903,2026-05-04,36850.0,0.8141112618724522,2026-02-05,24390.13671875,52.31566935596885,2025-08-05,12477.0634765625,197.74634127480635,2024-08-05,6987.91455078125,431.63214475549967,2021-08-05,9944.158203125,273.58617231497215,KRW,26.007574508548714,24.86820221238304,25.038560200482607,16.70431427092467,9.017890986508917,5.148886363532853,8.691989769570228,4.58164320217056,3.870087977532477,55.69375723382546,188.39974388088038,405.11067194545535,199.21312838630564
4681.T,RESORTTRUST INC,US,JPX,367471132672.0,2026-08-05,1720.5,2026-07-03,1761.0,-2.2998296422487186,2026-05-01,1753.5,-1.8819503849443973,2026-02-05,1777.9061279296875,-3.2288615820529887,2025-08-05,1879.9820556640625,-8.4831690378943,2024-08-05,994.5005493164062,73.00141273754217,2021-08-05,816.5896606445312,110.69333631312644,JPY,10.910508645465598,10.90746858716011,11.170355276903138,11.330232065274572,12.807028147547555,6.831111657371991,7.455465234404812,0.02787134596073937,-2.326216355667965,-3.70445563154318,-14.8084276869894,59.71790819274938,46.34242535417859
095660.KQ,NEOWIZ,US,KOE,367398748160.0,2026-08-05,18780.0,2026-07-03,18230.0,3.017004936917167,2026-05-04,21900.0,-14.24657534246575,2026-02-05,28200.0,-33.40425531914894,2025-08-05,24892.11328125,-24.554416943996284,2024-08-05,17612.158203125,6.630884093851619,2021-08-05,26858.1328125,-30.07704544800065,KRW,13.147301460849121,11.821312290267088,14.880446903407574,19.313613034319133,17.990961127656874,12.977119360212441,23.476156640654153,11.2169371557316,-11.647133004866728,-31.927281355968173,-26.92273988276126,1.3114012124944674,-43.99721529340257
204620.KQ,Global Tax Free,US,KOE,366823145472.0,2026-08-05,5070.0,2026-07-03,4965.0,2.114803625377637,2026-05-04,5940.0,-14.646464646464652,2026-02-05,5160.0,-1.744186046511631,2025-08-05,4650.0,9.03225806451613,2024-08-05,3440.0,47.38372093023256,2021-08-05,3445.0,47.169811320754704,KRW,3.549351352849044,3.2195729852537625,4.036066420376301,3.533980257343501,3.3608222933253273,2.534685987047851,3.01120558870025,10.242922558542,-12.05914414762972,0.43495136888789254,5.609611073401277,40.03120587662907,17.871438807374098
016610.KS,DB Sec,US,KSC,366778023936.0,2026-08-05,9140.0,2026-07-03,9820.0,-6.924643584521384,2026-05-04,14510.0,-37.008959338387314,2026-02-05,12635.4248046875,-27.663690447437627,2025-08-05,8423.6162109375,8.504468521872166,2024-08-05,3572.057861328125,155.8749145402046,2021-08-05,5269.6328125,73.44662000584125,KRW,6.398633405333385,6.367816055426374,9.859145414084196,8.653748411417439,6.08823164562051,2.6319898273350333,4.606080631465375,0.4839547756840368,-35.09951282194628,-26.059401069584343,5.098389446731355,143.11011155435156,38.91709497273237
PWL.BO,Physicswallah Limited,US,BSE,366469578752.0,2026-08-04,126.0500030517578,2026-07-03,130.35000610351562,-3.2988130804865623,2026-05-04,109.4499969482422,15.166748804356375,2026-02-04,121.9499969482422,3.362038709402948,,,,,,,,,,INR,1.3222268800462158,1.3645342845512687,1.1532828133293551,1.3486627530412678,,,,-3.1005013933355197,14.64897115991388,-1.9601544519145753,,,
9336.T,DAIEI KANKYO CO LTD,US,JPX,366046347264.0,2026-08-05,3650.0,2026-07-03,3815.0,-4.3250327653997385,2026-05-01,3715.0,-1.749663526244949,2026-02-05,4135.0625,-11.730475657864902,2025-08-05,3129.193603515625,16.64346993101522,2024-08-05,2464.441650390625,48.1065700793305,,,,JPY,23.14638567622751,23.62975165247917,23.665737013798207,26.35190744517604,21.317049510451056,16.927970626530396,,-2.0455821261284757,-2.194528474933577,-12.164287445292043,8.581563620610776,36.73455718283969,
7984.T,KOKUYO CO LTD,US,JPX,365938475008.0,2026-08-05,865.0999755859375,2026-07-03,827.0999755859375,4.594365992222382,2026-05-01,798.0197143554688,8.405840109432262,2026-02-05,913.1063842773438,-5.257482536320213,2025-08-05,891.2150268554688,-2.930275015859496,2024-08-05,504.17913818359375,71.58583330175725,2021-08-05,394.1637573242188,119.47730087075227,JPY,5.486010324221127,5.122979558287625,5.083640563058651,5.819040202191843,6.071236637641022,3.4631494076268723,3.598715892476037,7.086320798337242,7.914992340063942,-5.723106670499966,-9.639326357196387,58.411020677863924,52.443551759418504
3397.T,TORIDOLL HOLDINGS CORPORATION,US,JPX,365912883200.0,2026-08-05,4130.0,2026-07-03,3840.0,7.552083333333326,2026-05-01,4008.0,3.0439121756487,2026-02-05,4268.2119140625,-3.2381689767354893,2025-08-05,4479.67724609375,-7.805858031371937,2024-08-05,3431.6884765625,20.34891943737836,2021-08-05,1936.699462890625,113.24940080459147,JPY,26.19029392953962,23.78459930419922,25.532240632921457,27.200441423986376,30.51696818584037,23.571879545796946,17.682069968501537,10.114505586460186,2.577342529702098,-3.7137172838524912,-14.17792957004258,11.108212133255858,48.117805077089116
5214.T,NIPPON ELECTRIC GLASS,US,JPX,365397344256.0,2026-08-05,4930.0,2026-07-03,6355.0,-22.423288749016525,2026-05-01,6945.05126953125,-29.014202938594774,2026-02-05,6877.89208984375,-28.32106209866404,2025-08-05,3954.629638671875,24.66401282663966,2024-08-05,2795.341796875,76.36483686937324,2021-08-05,2072.760498046875,137.8470645617499,JPY,31.263474351726472,39.36227306723595,44.242195664083965,43.83139934873316,26.94017899958442,19.200886262051426,18.924307491523678,-20.5750280266479,-29.335617542358282,-28.67333734205757,16.047760307044534,62.82307975291488,65.20273920580497
033790.KQ,FINO,US,KOE,365395181568.0,2026-08-05,5540.0,2026-07-03,6400.0,-13.437500000000002,2026-05-04,16130.0,-65.65406075635462,2026-02-05,6190.0,-10.500807754442654,2025-08-05,4305.0,28.687572590011623,2024-08-05,11590.0,-52.20017256255392,2021-08-05,829.0,568.2750301568154,KRW,3.8783839240204543,4.150104150176048,10.95989080145955,4.239406549022533,3.111470961885061,8.539828659850173,0.7246123172808439,-6.547311014931212,-64.61293279031611,-8.51587647533636,24.647922848386948,-54.584757159653606,435.2357159169402
9605.T,TOEI CO LTD,US,JPX,364923682816.0,2026-08-05,5840.0,2026-07-03,5720.0,2.0979020979021046,2026-05-01,5760.0,1.388888888888884,2026-02-05,5581.80908203125,4.625577732493724,2025-08-05,5217.8564453125,11.923355140335602,2024-08-05,3446.311279296875,69.4565443081941,2021-08-05,3717.79150390625,57.08250432720514,JPY,37.034217081964016,35.42914271354675,36.69304043054581,35.571727466351604,35.54567670667211,23.67232192191318,33.94344386415696,4.530378794075496,0.9298129765616059,4.111382043494594,4.187683322434821,56.44522410656256,9.105655955761161
8020.T,KANEMATSU CORP,US,JPX,364772392960.0,2026-08-05,2158.0,2026-07-03,2085.5,3.476384560057544,2026-05-01,2159.5,-0.0694605232692713,2026-02-05,2042.9942626953125,5.629273630605347,2025-08-05,1366.2091064453125,57.95532249194402,2024-08-05,948.675048828125,127.4751510188578,2021-08-05,593.6132202148438,263.5363779834561,JPY,13.684904188849032,12.91739110648632,13.756705001695082,13.019584521775073,9.307045473633764,6.516341483735005,5.41968988745424,5.94170352229495,-0.5219332161095491,5.110145150647627,47.038114594126014,110.00900924248657,152.50345449704622
4904.TW,FAR EASTONE TELECOMMUNICATIONS,US,TAI,364378226688.0,2026-08-05,101.0,2026-07-03,101.11675262451172,-0.1154631863478306,2026-05-05,92.25700378417967,9.476783178730953,2026-02-05,87.73081970214844,15.1248789683047,2025-08-05,79.35257720947266,27.280050064893423,2024-08-05,80.75105285644531,25.075768584159675,2021-08-05,50.1550178527832,101.37566354070256,TWD,3.1177554205060005,3.1667365596085517,2.9197103687184263,2.7712842131800812,2.655344351252637,2.4778696811762586,1.8096899679532896,-1.5467386749911993,6.78303758857095,12.502189623067906,17.414354150911727,25.82402715488994,72.2811904644693
6417.T,SANKYO CO LTD,US,JPX,363622760448.0,2026-08-05,1821.5,2026-07-03,1604.0,13.55985037406484,2026-05-01,1834.5,-0.7086399563913881,2026-02-05,2358.407958984375,-22.76569483829206,2025-08-05,2722.19140625,-33.08699763661228,2024-08-05,1247.0972900390625,46.059173935254535,2021-08-05,459.6405029296875,296.28796600604187,JPY,11.550997673766688,9.935025334358215,11.686351157957688,15.02965148728049,18.544422728833524,8.566170065686379,4.196518710770647,16.265407334392677,-1.1582185265657796,-23.145272639606894,-37.711743079460824,34.84436551215195,175.2519044921753
009900.KS,MS IND,US,KSC,363618009088.0,2026-08-05,7000.0,2026-07-03,7550.0,-7.284768211920534,2026-05-04,13280.0,-47.28915662650602,2026-02-05,9142.4287109375,-23.433912132937017,2025-08-05,8113.41064453125,-13.723089996458294,2024-08-05,10475.04296875,-33.174498463796574,2021-08-05,31842.5625,-78.01684459283075,KRW,4.900485102552921,4.895825989660807,9.023394286632538,6.261465614074325,5.864028251407234,7.718297856574054,27.832946925555007,0.09516500181896426,-45.69133358372014,-21.735813871791223,-16.431420647113782,-36.508214717589105,-82.39322226403016
105630.KS,Hansae,US,KSC,363503616000.0,2026-08-05,9210.0,2026-07-03,8720.0,5.61926605504588,2026-05-04,11610.0,-20.671834625322997,2026-02-05,14747.212890625,-37.54752122785913,2025-08-05,9783.9345703125,-5.866091664737782,2024-08-05,15772.91015625,-41.60874620622532,2021-08-05,18572.59765625,-50.41081398271352,KRW,6.447638256358914,5.654516904614866,7.8886752761900425,10.100069613626033,7.071411918353249,11.621911147677793,16.23393609845607,14.026332666841125,-18.26716108065104,-36.16243745824893,-8.821062458197115,-44.52170409470705,-60.28296392658514
VAL.JO,Valterra Platinum Ltd,US,JNB,363162206208.0,2026-08-04,135000.0,2026-07-03,119217.0,13.238883716248528,2026-05-04,134800.0,0.1483679525222658,2026-02-04,148451.359375,-9.061122398361332,2025-08-04,83042.796875,62.56677891426088,2024-08-02,65429.52734375,106.3288632527399,2021-08-04,191050.125,-29.337915900342903,ZAR,8170.428927987814,7330.431186899543,8131.645849347115,9317.90384090878,4610.3895959419315,3578.8651221326145,13356.786300142296,11.4590495384427,0.47694008518353037,-12.314732288641572,77.2177547680446,128.296642906708,-38.829380478290865
170900.KS,Donga ST,US,KSC,363087560704.0,2026-08-05,37200.0,2026-07-03,35250.0,5.531914893617018,2026-05-04,43600.0,-14.678899082568808,2026-02-05,53634.1328125,-30.64118305026431,2025-08-05,43319.875,-14.127176036403611,2024-08-05,58756.48046875,-36.68783476609861,2021-08-05,69943.5703125,-46.814267796461365,KRW,26.04257797356695,22.857995514641516,29.624999314546585,36.73293924013842,31.309763794422906,43.29338014313703,61.13627570933204,13.932028540672237,-12.092561768332533,-29.102929108624163,-16.822821965185764,-39.846281608262736,-57.40241342573027
GODFRYPHLP.BO,GODFREY PHILLIPS INDIA LTD.,US,BSE,362657579008.0,2026-07-17,2110.949951171875,,,,,,,,,,,,,,,,,,,INR,21.8406826236303,,,,,,,,,,,,
5805.T,SWCC CORPORATION,US,JPX,362354016256.0,2026-08-05,12750.0,2026-07-03,12560.0,1.5127388535031816,2026-05-01,15320.0,-16.77545691906005,2026-02-05,12021.365234375,6.061164862884905,2025-08-05,8899.65234375,43.26402321719907,2024-08-05,3353.885498046875,280.1560908213749,2021-08-05,1863.196533203125,584.3078426128652,JPY,80.85381297860295,77.79546022415161,97.59329503402114,76.60970155128416,60.627226587826954,23.037459696676024,17.010988073490125,3.931274068742985,-17.15228699838732,5.539913798616869,33.36221616780535,250.96670398198896,375.30344874325846
BAGMANE.BO,Bagmane Prime Office REIT,US,BSE,362303979520.0,2026-08-04,105.12000274658205,2026-07-03,103.54000091552734,1.5259820524279544,,,,,,,,,,,,,,,,INR,1.1026774287739658,1.0838808934117594,,,,,,1.7341882744182469,,,,,
441270.KQ,Fine M-Tec,US,KOE,361798008832.0,2026-08-05,8470.0,2026-07-03,7460.0,13.538873994638069,2026-05-04,10940.0,-22.577696526508227,2026-02-05,9710.0,-12.770339855818747,2025-08-05,10880.0,-22.15073529411765,2024-08-05,6700.0,26.417910447761184,,,,KRW,5.929586974089034,4.837465150048956,7.433428727090359,6.6501837788382545,7.86360140889883,4.93674305616878,,22.576324379908463,-20.23079534644262,-10.8357427210095,-24.594512542575885,20.111314415677995,
6432.T,TAKEUCHI MFG CO,US,JPX,361228599296.0,2026-08-05,7930.0,2026-07-03,7400.0,7.162162162162167,2026-05-01,7020.0,12.962962962962957,2026-02-05,6875.66748046875,15.334256965250614,2025-08-05,5290.47119140625,49.89213083479888,2024-08-05,3367.6484375,135.47588613159684,2021-08-05,2317.926025390625,242.11618115222672,JPY,50.287900934927166,45.83490490913391,44.7196430247277,43.817222368251805,36.04035116079672,23.131995769283094,21.16266924636534,9.71529456561797,12.451481124570908,14.767432112181877,39.53221684928634,117.39542682133943,137.62551098587926
9507.T,SHIKOKU ELECTRIC POWER CO INC,US,JPX,361127936000.0,2026-08-05,1741.5,2026-07-03,1485.0,17.272727272727263,2026-05-01,1541.0,13.011031797534066,2026-02-05,1573.2288818359375,10.695908275450194,2025-08-05,1236.689453125,40.81950772680969,2024-08-05,1038.947998046875,67.62147896466975,2021-08-05,652.1911010742188,167.02296261503557,JPY,11.043679631548002,9.197950512170792,9.816662379074842,10.025865844644045,8.42471692122217,7.136416149533261,5.954506056823163,20.066743313468894,12.499332309611312,10.151879176078227,31.086655312163302,54.751059917803225,85.46760262160191
078340.KQ,C2S,US,KOE,359941177344.0,2026-08-05,30950.0,2026-07-03,26150.0,18.35564053537284,2026-05-04,33900.0,-8.702064896755157,2026-02-05,33138.84765625,-6.605080776962935,2025-08-05,36933.00390625,-16.199613552791803,2024-08-05,32804.8984375,-5.6543337301713015,2021-08-05,100270.015625,-69.13334479197655,KRW,21.667144846287556,16.957066176109947,23.034116439521313,22.696130497732838,26.69360492206374,24.171545458156743,87.64401492860998,27.776495186492987,-5.93455189315768,-4.533749273022858,-18.830203303194683,-10.360945336344107,-75.27823792196601
9048.T,NAGOYA RAILROAD CO,US,JPX,358722273280.0,2026-08-05,1822.5,2026-07-03,1840.5,-0.9779951100244544,2026-05-01,1772.0,2.849887133182838,2026-02-05,1734.3642578125,5.081731925141431,2025-08-05,1611.702880859375,13.079155075296889,2024-08-05,1542.39306640625,18.160541543822827,2021-08-05,1671.5712890625,9.029151907852428,JPY,11.557339149294421,11.39988411962986,11.28820618800819,11.052748633931515,10.979426159128138,10.594523314662638,15.26144921134346,1.3811985105483204,2.384196007795647,4.565294408431875,5.2635992244987495,9.087863663476604,-24.271024401115625
064260.KQ,DANAL,US,KOE,358559449088.0,2026-08-05,4875.0,2026-07-03,4305.0,13.240418118466902,2026-05-04,7430.0,-34.38761776581427,2026-02-05,8810.0,-44.66515323496027,2025-08-05,8140.0,-40.11056511056511,2024-08-05,3000.0,62.5,2021-08-05,7190.0,-32.19749652294854,KRW,3.412837839277927,2.7915934947668575,5.04848038777709,6.033791873487644,5.883245907025412,2.2104819654487073,6.2846351764164865,22.254112057348575,-32.39871055970086,-43.43792575488285,-41.99056280815111,54.39338083833461,-45.695529756686135
3105.T,NISSHINBO HOLDINGS INC,US,JPX,358006816768.0,2026-08-05,2297.5,2026-07-03,2480.0,-7.358870967741938,2026-05-01,1994.2821044921875,15.204363255569708,2026-02-05,1664.7142333984375,38.01167515158199,2025-08-05,969.0320434570312,137.09226289397472,2024-08-05,826.6795043945312,177.91907114991474,2021-08-05,805.9056396484375,185.08300314193667,JPY,14.569540024967864,15.360887050628662,12.704214217021843,10.608883275931817,6.601350592171485,5.678367903629294,7.357920101348441,-5.15170135066133,14.682732643525087,37.33339924685115,120.70544234153874,156.57971220314613,98.01166395239593
1301.TW,FORMOSA PLASTIC,US,TAI,356481499136.0,2026-08-05,56.0,2026-07-03,62.09999847412109,-9.822864128834308,2026-05-05,50.81785583496094,10.19748684767201,2026-02-05,46.75638961791992,19.769726571311995,2025-08-05,37.098026275634766,50.951426860085206,2024-08-05,53.5246696472168,4.624653209628771,2021-08-05,85.51996612548828,-34.51821540968803,TWD,1.7286564707756042,1.9448244768094296,1.6082618610124086,1.4769637950876842,1.2413967885830601,1.6424201471353044,3.0857256438682157,-11.115039357611256,7.4860078872607705,17.04122176352858,39.250921757958324,5.2505641623254995,-43.97893169113413
041190.KQ,WTIC,US,KOE,356260511744.0,2026-08-05,4635.0,2026-07-03,4855.0,-4.531410916580847,2026-05-04,6740.0,-31.23145400593472,2026-02-05,7900.0,-41.32911392405063,2025-08-05,9900.0,-53.18181818181817,2024-08-05,6510.0,-28.801843317972352,2021-08-05,7260.0,-36.15702479338842,KRW,3.244821207190398,3.1482430701726116,4.57964438945055,5.410551169188693,7.155299076111987,4.796745865023695,6.3458207761868834,3.0676836211535274,-29.146874052819182,-40.027899085982476,-54.65149433063874,-32.35369772556484,-48.86680034572034
6135.T,MAKINO MILLING MACHINE CO,US,JPX,356254908416.0,2026-08-05,15230.0,2026-07-03,15330.0,-0.6523157208088715,2026-05-01,12660.0,20.30015797788309,2026-02-05,11387.4287109375,33.74397668344349,2025-08-05,11211.6357421875,35.84101687046495,2024-08-05,4595.6845703125,231.39785307250497,2021-08-05,3645.837158203125,317.73670460658224,JPY,96.58067228738219,94.95258003473282,80.64824511297047,72.56975376530954,76.37718354685376,31.567236904439596,33.28650054401919,1.7146371926427095,19.755454259536442,33.08667492482324,26.452256815852017,205.9522522663336,190.149672416482
2328.HK,PICC P&C,US,HKG,355884236800.0,2026-08-05,16.0,2026-07-03,14.210000038146973,12.596762540800444,2026-05-05,13.476374626159668,18.726292818705083,2026-02-05,15.328532218933104,4.3805093108492565,2025-08-05,15.721490859985352,1.771518633283797,2024-08-05,9.1668119430542,74.54268833477475,2021-08-05,5.101903915405273,213.6084149230597,HKD,2.0402438640594482,1.8118505641283633,1.7204504981009023,1.9621273650697046,2.0029316933059818,1.1744839566742087,0.6561470438153094,12.605526330531536,18.58776909370805,3.9812144909853187,1.862877844420141,73.71406841833887,210.94308559191356
002020.KS,KOLON CORP,US,KSC,355640836096.0,2026-08-05,25950.0,2026-07-03,48000.0,-45.9375,2026-05-04,69900.0,-62.87553648068669,2026-02-05,65777.8515625,-60.5490307397116,2025-08-05,45024.1484375,-42.36426251121144,2024-08-05,13548.375,91.5358852998976,2021-08-05,28122.068359375,-7.723714812217574,KRW,18.16679834446404,31.125781126320362,47.49512504786253,45.04992806053224,32.541540173492194,9.982812866212043,24.58093741932089,-41.63424117539025,-61.75018314794053,-59.67407912382489,-44.17351407582601,81.98075620501332,-26.093956326560853
6526.T,SOCIONEXT INC,US,JPX,354785198080.0,2026-08-05,2090.0,2026-07-03,2874.0,-27.27905358385525,2026-05-01,1927.5,8.430609597924764,2026-02-05,2061.38623046875,1.3880838587314814,2025-08-05,2867.85791015625,-27.123307169491877,2024-08-05,2215.37841796875,-5.659458309777509,,,,JPY,13.25368385296315,17.801286041736603,12.278790873242542,13.136792770138982,19.536748698148813,15.217183486604426,,-25.54648118181585,7.939649675482752,0.8897992445299874,-32.16023782801183,-12.903173805913104,
1980.T,DAI-DAN CO LTD,US,JPX,354107752448.0,2026-08-05,2846.0,2026-07-03,2833.0,0.4588775150017543,2026-05-01,2905.0,-2.030981067125648,2026-02-05,2809.36767578125,1.303934851053734,2025-08-05,1573.50244140625,80.87038984550352,2024-08-05,744.0900268554688,282.48060009985915,2021-08-05,368.0289916992188,673.3086425772585,JPY,18.047839351929724,17.547335892915726,18.505778203252703,17.90352551422302,10.719192769213123,5.111070134732984,3.3601054300649484,2.852304543939699,-2.474572245994433,0.8060637978372309,68.36938881970104,253.11273131008588,437.12122216298644
060980.KS,HL Holdings,US,KSC,353979793408.0,2026-08-05,39150.0,2026-07-03,38650.0,1.2936610608020649,2026-05-04,42028.5625,-6.849062467934752,2026-02-05,42632.2890625,-8.168196311004738,2025-08-05,36641.4765625,6.84613086817385,2024-08-05,27673.828125,41.46940503917003,2021-08-05,34619.02734375,13.088099244556052,KRW,27.40771310927812,25.06273834442254,28.55725080857519,29.19799764965819,26.482901353033867,20.390832661746572,30.25979930707308,9.356418810386803,-4.025379428162202,-6.131531901130316,3.4921089042168285,34.4119367949858,-9.425330845232338
290550.KQ,DKT,US,KOE,353421721600.0,2026-08-05,18390.0,2026-07-03,22650.0,-18.807947019867555,2026-05-04,26550.0,-30.73446327683616,2026-02-05,11000.0,67.18181818181819,2025-08-05,7300.0,151.91780821917806,2024-08-05,9880.0,86.13360323886641,2021-08-05,14000.0,31.35714285714286,KRW,12.874274433706887,14.68747796898242,18.039993848651648,7.53367884317413,5.276129621779546,7.2798539395444095,12.23711995407939,-12.345234076978539,-28.634818050843514,70.88961053033991,144.00982077018458,76.84797717950629,5.206735588263101
089890.KQ,KOSES,US,KOE,353259683840.0,2026-08-05,22000.0,2026-07-03,31900.0,-31.034482758620683,2026-05-04,50500.0,-56.43564356435644,2026-02-05,25150.0,-12.52485089463221,2025-08-05,11480.0,91.63763066202092,2024-08-05,9020.0,143.90243902439025,2021-08-05,15850.0,38.801261829653,KRW,15.401524608023465,20.68567537353374,34.313359297811985,17.224729355075397,8.297255898360163,6.646182442782447,13.854167948011309,-25.54497578682432,-55.11507784956061,-10.584809255738525,85.62190676880728,131.73490557348532,11.16888914454275
025320.KQ,Synopex,US,KOE,352819412992.0,2026-08-05,3910.0,2026-07-03,4520.0,-13.495575221238942,2026-05-04,6030.0,-35.157545605306794,2026-02-05,7320.0,-46.58469945355191,2025-08-05,6409.52392578125,-38.99702933828405,2024-08-05,8616.7802734375,-54.62342225374884,2021-08-05,3191.892578125,22.497856813741368,KRW,2.7372709644259885,2.931011056061834,4.097218941897154,5.013320830184966,4.632531376208107,6.349079131555925,2.789969454217953,-6.610008898982411,-33.19197721080198,-45.40004405971766,-40.911982194353904,-56.88711846697074,-1.8888554393415857
0016.HK,SHK PPT,US,HKG,352659832832.0,2026-08-05,121.6999969482422,2026-07-03,115.3000030517578,5.550731766773187,2026-05-05,138.60000610351562,-12.193368261940329,2026-02-05,125.9092254638672,-3.343066006575457,2025-08-05,89.5567626953125,35.89146512841972,2024-08-05,64.57841491699219,88.45305680647775,2021-08-05,87.06774139404297,39.776219067707096,HKD,15.518604501856545,14.701363477305902,17.694257999826277,16.116998892577616,11.409609937749337,8.274012027150548,11.197631722321262,5.55894713991798,-12.29581651850613,-3.7128152375604517,36.01345345306124,87.55839912890401,38.58827372329004
DELHIVERY.NS,DELHIVERY LIMITED,US,NSI,352242958336.0,2026-08-05,470.25,2026-07-03,507.4500122070313,-7.330773733798679,2026-05-05,459.5,2.339499455930349,2026-02-05,444.1000061035156,5.888311987635753,2025-08-05,458.0499877929688,2.6634674232423494,2024-08-05,406.1000061035156,15.7966000818361,,,,INR,4.944940524408594,5.312105154813481,4.823671091347933,4.92760078657119,5.211432337829593,4.849806686086282,,-6.911847934188331,2.5140485485873665,0.3518900695985261,-5.113600180252654,1.961600626170168,
HSBC,"HSBC Holdings, plc.",US,NYQ,352155631616.0,2026-08-05,102.68000030517578,2026-07-02,96.77999877929688,6.096302542154031,2026-05-05,86.91829681396484,18.133930448437606,2026-02-05,84.02534484863281,22.20122451166173,2025-08-05,59.12919616699219,73.65363806940275,2024-08-05,36.21680068969727,183.5148283387317,2021-08-05,20.63809585571289,397.52652096900033,USD,102.68000030517578,96.77999877929688,86.91829681396484,84.02534484863281,59.12919616699219,36.21680068969727,20.63809585571289,6.096302542154031,18.133930448437606,22.20122451166173,73.65363806940275,183.5148283387316,397.52652096900033
HD,"Home Depot, Inc. (The)",US,NYQ,352121782272.0,2026-08-05,353.1400146484375,2026-07-02,357.8999938964844,-1.3299746658904987,2026-05-05,313.07177734375,12.798418830545977,2026-02-05,377.0028076171875,-6.3296061691350936,2025-08-05,375.4282836914063,-5.936758100327144,2024-08-05,332.9167785644531,6.074561988490812,2021-08-05,294.12945556640625,20.06278458864121,USD,353.1400146484375,357.8999938964844,313.07177734375,377.0028076171875,375.4282836914063,332.9167785644531,294.12945556640625,-1.3299746658904987,12.798418830545977,-6.3296061691350936,-5.936758100327166,6.074561988490812,20.062784588641215
ITCHOTELS.NS,ITC HOTELS LIMITED,US,NSI,351877169152.0,2026-08-05,168.92999267578125,2026-07-03,178.6199951171875,-5.424925935670821,2026-05-05,161.20306396484375,4.793288986506261,2026-02-05,181.79803466796875,-7.078207427098626,2025-08-05,230.30001831054688,-26.647859641943896,,,,,,,INR,1.7763929113673953,1.8698357946391297,1.6922536659062644,2.0171765960709536,2.6202226717857684,,,-4.997384451599318,4.972023234830525,-11.936668567965514,-32.20450572787675,,
MTSI.MX,MACOM TECHNOLOGY SOLUTIONS HOLD,US,MEX,351723520000.0,2026-08-05,4610.0,,,,,,,,,,,,,,,,,,,MXN,267.1689460799098,,,,,,,,,,,,
4118.T,KANEKA CORP,US,JPX,351653036032.0,2026-08-05,5772.0,2026-07-03,5747.0,0.4350095702105427,2026-05-01,4921.0,17.29323308270676,2026-02-05,4822.40283203125,19.69136965625016,2025-08-05,4247.86865234375,35.87990760531908,2024-08-05,3098.60791015625,86.27719825671466,2021-08-05,3808.5537109375,51.553593255723975,JPY,36.602996746078134,35.596378177404404,31.348342353943735,30.732186779049243,28.937815248685865,21.283986852740327,34.77210299582566,2.827867946724716,16.762144335435146,19.103131219517188,26.488459586597024,71.97434390148325,5.265409890429318
0R1G.L,HOME DEPOT INC HOME DEPOT ORD,US,LSE,351544147968.0,2026-08-05,351.9200134277344,,,,,,,,,,,,,,,,,,,GBP,473.3670805921429,,,,,,,,,,,,
2229.T,CALBEE INC,US,JPX,350841765888.0,2026-08-05,2835.0,2026-07-03,2972.5,-4.625735912531537,2026-05-01,2954.0,-4.028436018957349,2026-02-05,2965.51123046875,-4.400969017679978,2025-08-05,2632.74755859375,7.682181329769455,2024-08-05,2791.12353515625,1.5720001028651565,2021-08-05,2363.43798828125,19.95237505942271,JPY,17.978083121124655,18.411385789513588,18.81792385969311,18.898596447560976,17.93510314990067,19.171911499975522,21.578193558555085,-2.3534495085955176,-4.4629829774545104,-4.870802596322554,0.23964161713909693,-6.226965834118269,-16.68402142960247
024850.KQ,HLB innoVation,US,KOE,350308794368.0,2026-08-05,10900.0,2026-07-03,12120.0,-10.06600660066007,2026-05-04,26300.0,-58.55513307984791,2026-02-05,15525.0,-29.790660225442835,2025-08-05,8480.0,28.53773584905661,2024-08-05,14525.0,-24.95697074010327,2021-08-05,8400.0,29.761904761904766,KRW,7.630755373975262,7.859259734395891,17.870125733315945,10.632760367298033,6.1289834510535,10.702416849380825,7.342271972447634,-2.907453986036179,-57.298815420481574,-28.233543215698674,24.502789653700653,-28.70063387208909,3.9290753953296953
6622.T,DAIHEN CORP,US,JPX,350089052160.0,2026-08-05,15200.0,2026-07-03,17000.0,-10.588235294117643,2026-05-01,15760.0,-3.5532994923857864,2026-02-05,11875.1884765625,27.997968453296764,2025-08-05,6844.6416015625,122.07152521368148,2024-08-05,5261.8037109375,188.87432589711335,2021-08-05,4409.591796875,244.70310859095784,JPY,96.39042802155018,105.29640316963196,100.39623562246561,75.67814697562517,46.62784806215723,36.142733850972036,40.25958192217331,-8.4580050979845,-3.98999780826349,27.36890618185477,106.72287490740935,166.6937936100753,139.42232735522353
089590.KS,JEJUAIR,US,KSC,350081482752.0,2026-08-05,4375.0,2026-07-03,4590.0,-4.684095860566451,2026-05-04,5320.0,-17.763157894736846,2026-02-05,5710.0,-23.38003502626971,2025-08-05,6760.0,-35.2810650887574,2024-08-05,8770.0,-50.11402508551881,2021-08-05,19129.265625,-77.12928407307848,KRW,3.0628031890955754,2.9764028202043846,3.6147934943437576,3.9106641995022073,4.885840581264347,6.461975612328388,16.720508434755175,2.9028452837327245,-15.27031367384909,-21.68074186770005,-37.31266630269402,-52.60268108638092,-81.68235612543188
417A.T,BLUE ZONES HOLDINGS CO LTD,US,JPX,349962207232.0,2026-08-05,1705.0,2026-07-03,1739.0,-1.9551466359976957,2026-05-01,1730.5,-1.4735625541750896,2026-02-05,1728.19140625,-1.3419466250166656,2025-08-05,1857.4383544921875,-8.206913253595605,2024-08-05,1632.0806884765625,4.467874170578101,2021-08-05,1207.085693359375,41.249292355947546,JPY,10.812215774785727,10.77120265364647,11.023837927961722,11.013410313640634,12.653453375603192,11.210577434559923,11.020694793863868,0.3807664051829418,-1.919677652727636,-1.8268141576975205,-14.551265541211922,-3.5534446115695006,-1.8917048605158526
008730.KS,YoulchonChem,US,KSC,349927997440.0,2026-08-05,14220.0,2026-07-03,15250.0,-6.754098360655735,2026-05-04,26000.0,-45.30769230769231,2026-02-05,27200.0,-47.72058823529412,2025-08-05,34573.22265625,-58.8699030420603,2024-08-05,20947.849609375,-32.11713724717604,2021-08-05,20107.005859375,-29.27838137884737,KRW,9.954985451186076,9.888920045341365,17.6662839949131,18.62873313948512,24.988055366715116,15.434947925485062,17.575131615610644,0.6680750328832419,-43.64980516529366,-46.56112481376594,-60.16102371676977,-35.50360196065755,-43.3575482169145
0267.HK,CITIC,US,HKG,349664968704.0,2026-08-05,12.020000457763672,2026-07-03,10.770000457763672,11.606313341416108,2026-05-05,12.44056797027588,-3.380613437562208,2026-02-05,11.777199745178224,2.0616166647326795,2025-08-05,11.195806503295898,7.361630930519758,2024-08-05,6.228933334350586,92.97044634395417,2021-08-05,5.959979057312012,101.67856870263516,HKD,1.5327332612465057,1.3732323260152839,1.5882150767441632,1.5075393764944922,1.4263555458755945,0.7980726902476931,0.7665026046155532,11.615000041110779,-3.493343962670037,1.671192483913564,7.45800832608039,92.0543429159066,99.96452093144066
0019.HK,SWIRE PACIFIC A,US,HKG,349550116864.0,2026-08-05,96.3499984741211,2026-07-03,82.5999984741211,16.64648941162865,2026-05-05,85.6500015258789,12.492699074861324,2026-02-05,75.96571350097656,26.83353322664768,2025-08-05,67.13833618164062,43.50966073012184,2024-08-05,59.76234436035156,61.22191909533432,2021-08-05,32.409568786621094,197.2887393487786,HKD,12.286093324310173,10.531939016930096,10.93443836901804,9.723984210517301,8.553482781731873,7.656960249703388,4.168138621046751,16.655568405402587,12.3614483860639,26.34834712114955,43.63848782802526,60.45653789029537,194.7621094527021
6278.T,UNION TOOL CO,US,JPX,349493985280.0,2026-08-05,19100.0,2026-07-03,22130.0,-13.691821057388164,2026-05-01,15684.314453125,21.777716565702026,2026-02-05,10499.4169921875,81.91486264629835,2025-08-05,6476.5517578125,194.9100186987644,2024-08-05,4191.49267578125,355.68491889204984,2021-08-05,3659.57421875,421.9186402106632,JPY,121.12218257971108,137.0711413025856,99.91409450588708,66.91063673316512,44.12030445261598,28.790888551041917,33.41191993427856,-11.635533615107995,21.226322651179498,81.02081895101038,174.52707791215047,320.69622952059876,262.5118904210208
6454.T,MAX CO LTD,US,JPX,348432695296.0,2026-08-05,1940.0,2026-07-03,1703.0,13.916617733411618,2026-05-01,1796.0,8.01781737193763,2026-02-05,1538.021484375,26.13607935316655,2025-08-05,1344.851806640625,44.25381223571587,2024-08-05,737.4842529296875,163.05646422866218,2021-08-05,401.2879638671875,383.44335606389456,JPY,12.302462523803115,10.548222035169601,11.441093856468797,9.80149630264168,9.161552840376885,5.065695821665599,3.663759912457749,16.630674655734133,7.528726519862428,25.51616757216322,34.28359513011357,142.8582954228402,235.78790143894258
HEXT.NS,HEXAWARE TECHNOLOGIES LTD,US,NSI,347947302912.0,2026-08-04,554.9500122070312,2026-07-03,546.5999755859375,1.527632088190778,2026-05-04,449.7999877929688,23.37706253172696,2026-02-04,677.2026977539062,-18.05259872005136,2025-08-04,690.2822875976562,-19.605352451040424,,,,,,,INR,5.821259860825364,5.72193610815475,4.7395761518631625,7.489283128948216,7.911970716293979,,,1.7358416940213672,22.822372176401974,-22.272135255181713,-26.424653609536087,,
8388.T,AWA BANK,US,JPX,347944845312.0,2026-08-05,8680.0,2026-07-03,7540.0,15.11936339522546,2026-05-01,6270.0,38.43700159489634,2026-02-05,5473.17529296875,58.59166818850068,2025-08-05,3133.213623046875,177.03186071172462,2024-08-05,2089.859130859375,315.33899925736523,2021-08-05,1756.071533203125,394.28510376040487,JPY,55.04400758072734,46.702051758766174,39.94190338533372,34.87942655075631,21.344435145933744,14.355005717082577,16.03293660930035,17.862075664363818,37.81017656995027,57.81224929437321,157.88458305121083,283.4481759573562,243.31831355709056
4194.T,VISIONAL INC,US,JPX,347938226176.0,2026-08-05,8695.0,2026-07-03,7941.0,9.49502581538848,2026-05-01,7429.0,17.041324538968915,2026-02-05,8470.0,2.6564344746162982,2025-08-05,12040.0,-27.782392026578076,2024-08-05,6780.0,28.244837758112084,2021-08-05,5570.0,56.10412926391382,JPY,55.13912971364334,49.18580809235573,47.32510370807722,53.977577378973365,82.02026100829244,46.57105224207044,50.854111136868596,12.103738562369703,16.51137640134206,2.1519163902351313,-32.7737695103547,18.397861029716744,8.426100625851184
